D_INTERVIEW,Q1,Q2,Q3,Q4,Q5,Q6
484070001,1,2,1,4,1,1
484070002,1,1,1,1,1,4
484070003,1,3,3,1,1,3
484070004,1,2,1,4,1,2
484070005,1,2,2,4,1,1
484070006,1,2,1,4,2,3
484070007,1,1,1,4,1,4
484070008,1,1,1,3,2,2
484070009,1,1,1,4,1,2
484070010,1,1,2,1,1,2
484070011,1,1,1,1,1,1
484070012,2,3,1,2,1,2
484070013,1,2,2,1,2,1
484070014,1,1,2,4,2,1
484070015,1,2,2,2,1,1
484070016,1,4,1,4,1,2
484070017,1,3,3,4,1,1
484070018,1,3,1,4,1,1
484070019,1,3,2,3,1,1
484070020,2,2,2,4,1,1
484070021,1,2,1,3,2,1
484070022,1,1,3,4,1,1
484070023,1,1,1,4,1,1
484070024,1,1,3,4,1,1
484070025,1,2,2,1,2,4
484070026,1,1,1,3,1,2
484070027,1,2,3,4,2,1
484070028,1,1,1,3,1,1
484070029,1,2,3,4,1,2
484070030,1,1,1,3,1,1
484070031,1,1,1,3,1,1
484070032,1,2,2,2,1,4
484070033,1,3,3,1,1,1
484070034,1,1,1,1,1,1
484070035,1,1,1,1,1,1
484070036,1,1,1,4,1,4
484070037,1,1,1,2,1,1
484070038,1,1,1,2,1,3
484070039,1,2,1,4,1,1
484070040,1,1,1,4,1,1
484070041,1,3,3,4,1,1
484070042,1,1,1,3,2,1
484070043,1,2,2,1,1,1
484070044,1,3,1,3,1,1
484070045,1,1,1,4,1,1
484070046,1,3,1,2,3,3
484070047,1,1,1,1,1,1
484070048,1,1,1,4,1,2
484070049,1,1,1,1,1,2
484070050,1,2,1,3,1,1
484070051,1,1,1,4,1,1
484070052,1,1,1,1,1,4
484070053,1,2,2,1,1,2
484070054,1,2,2,4,1,2
484070055,1,1,1,3,1,1
484070056,1,3,1,4,1,1
484070057,1,2,1,4,1,1
484070058,1,1,2,3,1,3
484070059,1,1,1,4,1,1
484070060,1,1,1,3,1,1
484070061,1,1,1,3,1,4
484070062,1,3,1,4,2,3
484070063,1,2,2,3,1,1
484070064,1,1,1,4,1,1
484070065,1,1,1,2,1,3
484070066,1,2,1,3,1,2
484070067,1,2,1,2,1,3
484070068,1,1,1,3,1,1
484070069,1,2,1,3,1,3
484070070,1,1,1,3,1,1
484070071,1,2,1,1,1,1
484070072,1,1,2,4,1,3
484070073,1,3,1,2,1,1
484070074,1,2,2,4,1,1
484070075,1,2,3,1,1,3
484070076,1,1,1,4,1,2
484070077,1,4,1,4,1,3
484070078,1,2,2,1,1,3
484070079,1,1,2,2,1,1
484070080,1,1,1,4,3,1
484070081,1,2,1,4,1,2
484070082,1,2,2,3,2,2
484070083,1,2,1,3,1,1
484070084,1,3,2,4,1,2
484070085,1,1,1,2,1,1
484070086,1,2,1,3,3,3
484070087,1,3,1,4,1,1
484070088,1,3,2,4,1,1
484070089,1,1,1,3,1,1
484070090,1,2,1,4,2,1
484070091,1,3,1,1,1,2
484070092,1,2,2,1,1,4
484070093,1,2,1,2,1,1
484070094,1,4,1,4,1,1
484070095,1,1,1,4,1,1
484070096,1,1,1,3,1,1
484070097,1,2,1,1,1,2
484070098,1,2,1,3,1,1
484070099,1,2,2,2,1,1
484070100,1,1,1,1,1,1
484070101,1,2,1,4,1,2
484070102,1,3,1,4,1,3
484070103,2,2,1,2,1,1
484070104,1,1,1,3,1,1
484070105,1,3,3,1,1,1
484070106,1,3,1,1,1,1
484070107,1,2,1,2,1,1
484070108,1,1,3,4,1,1
484070109,1,2,1,2,1,2
484070110,1,3,1,3,1,1
484070111,1,1,1,4,1,1
484070112,1,1,2,3,1,1
484070113,1,1,2,3,1,3
484070114,1,1,1,1,1,1
484070115,1,1,1,2,1,3
484070116,1,2,1,4,1,2
484070117,1,1,1,2,1,1
484070118,1,1,2,4,1,1
484070119,1,1,2,4,1,1
484070120,1,3,1,4,1,1
484070121,1,2,1,4,1,1
484070122,1,4,3,4,1,1
484070123,1,3,2,4,1,3
484070124,1,1,1,3,1,2
484070125,1,2,1,4,1,1
484070126,1,1,2,1,1,1
484070127,1,2,3,3,2,3
484070128,1,1,1,1,1,2
484070129,1,1,1,1,1,1
484070130,1,3,1,2,1,1
484070131,1,1,1,3,1,3
484070132,1,1,1,3,1,1
484070133,1,3,1,4,1,1
484070134,1,3,1,4,1,3
484070135,1,2,2,3,2,2
484070136,1,1,1,3,1,1
484070137,1,1,1,3,1,1
484070138,1,2,2,4,1,4
484070139,1,2,1,3,1,1
484070140,1,1,1,1,1,1
484070141,1,2,2,3,2,2
484070142,1,3,3,2,1,1
484070143,2,2,1,2,1,2
484070144,1,3,1,1,1,1
484070145,1,1,1,3,1,2
484070146,1,3,1,4,1,1
484070147,1,1,1,4,1,1
484070148,1,1,1,1,1,1
484070149,1,1,1,4,1,2
484070150,1,2,1,1,1,1
484070151,1,4,1,4,1,1
484070152,1,2,1,3,1,1
484070153,1,2,1,4,2,2
484070154,1,3,1,4,2,1
484070155,1,1,1,4,1,4
484070156,1,1,1,1,1,1
484070157,1,2,2,3,1,1
484070158,1,2,3,1,4,3
484070159,1,2,1,1,2,1
484070160,1,1,1,3,1,1
484070161,1,2,2,4,2,4
484070162,1,3,3,4,2,2
484070163,1,2,2,4,1,3
484070164,1,3,3,4,2,2
484070165,1,3,4,4,1,2
484070166,1,2,2,4,3,4
484070167,1,2,4,4,1,4
484070168,1,2,3,1,1,4
484070169,1,4,2,2,1,1
484070170,1,4,1,3,3,1
484070171,1,2,1,4,1,1
484070172,1,2,1,4,1,3
484070173,1,4,1,4,1,1
484070174,1,2,1,4,1,1
484070175,1,1,1,3,1,1
484070176,1,2,3,4,1,2
484070177,1,2,2,4,2,4
484070178,1,1,1,4,1,1
484070179,1,2,2,3,1,3
484070180,1,3,2,4,1,1
484070181,1,3,1,4,1,2
484070182,1,2,2,4,1,1
484070183,1,2,1,3,2,2
484070184,1,2,1,4,3,2
484070185,1,1,4,4,1,4
484070186,1,3,2,3,1,2
484070187,1,1,2,4,1,1
484070188,1,3,2,4,1,1
484070189,1,1,2,4,2,2
484070190,1,2,2,1,1,4
484070191,1,2,3,4,2,1
484070192,1,3,2,3,1,1
484070193,1,4,1,4,1,3
484070194,1,3,1,4,1,3
484070195,1,1,1,2,1,2
484070196,1,2,2,2,1,2
484070197,1,1,2,1,1,1
484070198,1,3,1,3,1,1
484070199,1,3,1,4,1,1
484070200,1,2,4,4,1,1
484070201,1,3,3,4,1,1
484070202,1,1,1,3,1,1
484070203,1,2,1,4,1,2
484070204,1,2,1,2,1,1
484070205,1,2,2,2,1,3
484070206,1,2,2,3,1,3
484070207,1,2,2,2,2,4
484070208,1,3,2,3,2,4
484070209,1,1,1,1,1,1
484070210,1,3,1,4,1,4
484070211,1,2,1,3,1,2
484070212,1,1,1,3,2,3
484070213,1,1,1,1,2,4
484070214,1,1,1,2,1,1
484070215,1,2,1,3,1,3
484070216,1,1,2,1,1,3
484070217,1,4,1,3,1,3
484070218,1,1,2,3,1,1
484070219,1,3,2,4,1,2
484070220,1,2,1,2,1,1
484070221,1,2,1,3,1,1
484070222,1,3,2,4,1,4
484070223,1,2,1,3,2,1
484070224,1,2,3,4,1,3
484070225,1,3,1,3,1,2
484070226,1,2,2,3,1,3
484070227,1,2,4,4,1,1
484070228,1,2,1,3,1,1
484070229,1,2,2,4,1,3
484070230,1,2,2,4,1,2
484070231,1,3,4,4,1,2
484070232,1,3,3,4,1,2
484070233,2,2,3,3,1,1
484070234,1,1,1,1,1,1
484070235,1,4,4,4,1,1
484070236,1,3,2,4,1,4
484070237,1,2,3,2,1,2
484070238,1,4,3,4,2,3
484070239,1,2,3,3,1,2
484070240,1,2,2,3,2,2
484070241,2,3,2,3,2,4
484070242,1,2,1,3,2,4
484070243,1,2,2,4,1,2
484070244,2,4,2,4,4,4
484070245,1,2,1,3,3,4
484070246,1,3,4,4,1,3
484070247,1,2,3,4,1,2
484070248,1,2,1,4,1,4
484070249,1,2,1,3,2,3
484070250,1,2,2,4,4,4
484070251,1,3,3,4,2,4
484070252,1,2,2,4,4,3
484070253,1,3,2,4,2,2
484070254,1,2,1,4,1,2
484070255,1,4,3,4,1,3
484070256,1,3,1,3,1,2
484070257,1,2,1,4,1,1
484070258,1,2,2,4,1,1
484070259,1,1,1,1,1,1
484070260,1,2,1,2,1,1
484070261,1,3,2,4,1,3
484070262,1,2,3,2,1,1
484070263,1,3,2,4,4,1
484070264,1,3,1,4,1,1
484070265,1,3,1,2,1,1
484070266,1,1,2,2,2,1
484070267,1,1,1,1,1,1
484070268,1,1,1,2,1,4
484070269,1,3,1,2,1,3
484070270,1,2,1,3,1,2
484070271,1,2,3,3,1,2
484070272,1,2,2,3,1,3
484070273,1,2,3,2,1,2
484070274,1,3,1,3,1,1
484070275,1,1,1,3,1,1
484070276,1,1,1,3,1,1
484070277,1,2,1,4,1,1
484070278,1,4,1,4,1,3
484070279,1,1,1,4,1,1
484070280,1,2,1,3,1,1
484070281,1,3,1,4,1,1
484070282,1,1,1,3,1,1
484070283,1,1,2,2,2,2
484070284,1,2,2,4,1,1
484070285,1,1,1,3,1,1
484070286,1,1,1,3,1,2
484070287,1,3,1,4,1,1
484070288,1,2,1,3,1,1
484070289,1,3,1,4,1,4
484070290,1,1,1,4,2,1
484070291,1,1,1,2,1,1
484070292,1,1,1,3,1,1
484070293,1,1,1,1,1,1
484070294,1,1,1,1,1,1
484070295,1,1,1,2,1,2
484070296,1,1,1,1,1,1
484070297,4,1,1,4,1,1
484070298,1,3,1,3,1,1
484070299,1,2,1,2,2,2
484070300,1,1,2,4,1,1
484070301,1,2,1,2,1,1
484070302,1,1,1,1,1,1
484070303,1,3,1,3,1,3
484070304,1,1,1,3,1,1
484070305,1,2,2,3,1,2
484070306,1,4,2,4,3,4
484070307,1,2,2,3,2,4
484070308,1,4,3,4,1,2
484070309,1,2,1,4,1,1
484070310,1,1,1,3,1,1
484070311,1,2,3,1,1,4
484070312,1,3,2,4,2,4
484070313,1,3,1,4,1,2
484070314,1,2,1,4,1,3
484070315,1,2,1,4,2,1
484070316,1,2,2,4,1,1
484070317,1,2,1,3,1,1
484070318,1,3,1,3,2,2
484070319,1,1,2,3,2,1
484070320,1,1,1,2,1,2
484070321,1,1,1,1,1,1
484070322,1,2,1,3,1,1
484070323,1,1,2,3,1,1
484070324,1,2,2,4,1,1
484070325,1,2,1,4,1,1
484070326,1,3,1,1,1,1
484070327,1,2,2,3,1,2
484070328,1,2,2,2,1,4
484070329,1,3,1,1,1,1
484070330,1,2,1,1,1,2
484070331,1,1,2,2,1,1
484070332,1,3,2,2,2,2
484070333,1,3,1,2,1,2
484070334,1,3,4,4,1,1
484070335,1,2,2,4,4,3
484070336,1,2,2,1,1,1
484070337,1,4,1,1,1,4
484070338,1,1,1,3,1,1
484070339,1,2,3,2,1,3
484070340,1,2,3,2,1,1
484070341,1,2,2,4,1,1
484070342,1,1,1,4,1,1
484070343,1,2,1,3,1,1
484070344,1,2,1,4,1,1
484070345,1,2,1,3,1,2
484070346,1,1,1,2,2,2
484070347,1,1,1,4,1,1
484070348,1,1,3,3,1,3
484070349,1,3,1,1,1,2
484070350,1,2,2,1,1,1
484070351,1,3,1,4,1,1
484070352,1,1,1,3,1,1
484070353,1,2,1,2,1,2
484070354,1,1,1,3,2,2
484070355,1,4,1,1,1,1
484070356,1,3,4,4,4,2
484070357,1,1,3,1,1,1
484070358,1,1,1,4,1,1
484070359,1,2,3,4,1,2
484070360,3,3,4,3,3,3
484070361,1,1,1,1,1,1
484070362,1,1,1,3,2,1
484070363,1,1,1,1,2,1
484070364,1,1,1,1,1,1
484070365,1,1,1,1,1,1
484070366,1,1,1,1,1,1
484070367,1,3,3,3,1,1
484070368,1,2,1,4,1,1
484070369,1,1,1,4,1,1
484070370,1,2,2,2,1,2
484070371,1,1,1,3,2,1
484070372,1,3,1,4,1,1
484070373,1,2,1,3,1,1
484070374,1,2,3,3,3,1
484070375,1,2,1,3,3,3
484070376,1,1,2,4,4,4
484070377,1,2,1,3,1,3
484070378,1,1,1,3,2,1
484070379,1,1,3,3,1,2
484070380,1,2,1,4,2,2
484070381,1,1,1,4,4,4
484070382,1,3,3,4,1,4
484070383,1,2,3,4,4,4
484070384,1,1,1,3,1,2
484070385,1,2,1,3,1,2
484070386,1,1,2,4,1,3
484070387,1,2,3,3,2,2
484070388,1,2,1,2,1,1
484070389,1,2,3,3,3,3
484070390,1,2,1,3,1,2
484070391,1,1,2,4,1,4
484070392,1,2,2,3,4,1
484070393,1,2,2,2,2,2
484070394,1,2,1,3,3,2
484070395,1,2,3,3,1,1
484070396,1,2,1,1,1,1
484070397,1,2,3,2,1,1
484070398,1,4,2,2,1,1
484070399,1,2,2,1,1,1
484070400,1,2,1,3,1,1
484070401,1,1,1,2,1,1
484070402,1,3,1,4,1,2
484070403,1,4,2,2,1,3
484070404,1,3,3,2,1,2
484070405,1,2,1,1,1,1
484070406,1,3,2,2,2,1
484070407,1,3,3,4,1,1
484070408,1,3,1,3,1,1
484070409,1,2,1,1,1,1
484070410,1,2,4,3,1,1
484070411,1,2,1,4,1,1
484070412,1,1,1,1,1,2
484070413,1,2,2,4,1,2
484070414,1,1,1,2,1,1
484070415,1,2,2,3,2,1
484070416,1,2,2,3,1,1
484070417,1,2,2,3,1,1
484070418,1,1,3,3,1,2
484070419,1,3,1,4,1,2
484070420,1,1,1,1,1,1
484070421,1,3,4,4,4,2
484070422,1,3,1,4,1,4
484070423,1,3,1,1,1,1
484070424,1,3,4,3,3,3
484070425,1,1,1,3,1,1
484070426,1,4,2,4,1,1
484070427,1,3,4,4,1,1
484070428,1,3,1,1,1,1
484070429,1,1,1,1,1,1
484070430,1,2,4,4,4,4
484070431,1,2,1,3,2,4
484070432,2,2,2,3,3,3
484070433,1,2,2,4,1,1
484070434,2,1,1,4,4,4
484070435,2,2,2,3,3,2
484070436,1,1,2,3,2,3
484070437,1,2,1,4,1,3
484070438,1,2,3,4,1,4
484070439,1,2,1,4,1,2
484070440,1,2,2,2,1,1
484070441,1,2,3,4,1,4
484070442,1,2,1,4,1,4
484070443,1,2,1,4,1,3
484070444,1,3,3,4,1,4
484070445,1,2,2,4,3,1
484070446,1,2,3,4,4,4
484070447,1,3,3,4,4,4
484070448,1,2,1,3,2,1
484070449,1,1,1,2,1,2
484070450,1,2,2,4,1,4
484070451,1,3,1,2,1,3
484070452,1,2,1,3,1,2
484070453,1,2,3,3,1,2
484070454,1,2,2,3,1,3
484070455,2,2,1,3,2,2
484070456,1,2,2,3,1,1
484070457,1,2,2,4,1,2
484070458,1,2,3,3,1,2
484070459,1,2,2,3,1,2
484070460,1,2,2,3,1,2
484070461,1,3,1,2,1,2
484070462,1,2,1,3,1,2
484070463,1,2,1,4,1,2
484070464,1,2,2,3,1,3
484070465,1,2,3,3,1,2
484070466,1,1,1,4,1,1
484070467,1,1,1,1,1,1
484070468,1,1,2,3,1,1
484070469,1,3,1,4,1,3
484070470,1,3,3,3,3,3
484070471,1,3,3,3,1,1
484070472,1,1,1,4,1,2
484070473,1,4,3,3,1,1
484070474,1,1,3,4,1,1
484070475,1,3,3,1,1,1
484070476,1,1,1,3,1,1
484070477,1,3,4,4,4,4
484070478,1,2,1,3,1,4
484070479,1,1,1,4,1,3
484070480,1,2,1,2,2,3
484070481,1,1,3,4,1,1
484070482,1,1,2,3,1,3
484070483,1,1,2,4,1,2
484070484,1,1,2,4,1,1
484070485,1,2,1,4,1,4
484070486,1,2,1,2,1,1
484070487,1,1,1,3,1,3
484070488,1,2,1,2,1,1
484070489,1,3,1,4,1,2
484070490,1,2,2,3,2,1
484070491,1,4,1,4,1,1
484070492,1,4,1,2,1,2
484070493,1,1,1,3,1,1
484070494,1,2,2,3,1,1
484070495,1,1,1,3,1,1
484070496,1,2,1,4,1,2
484070497,1,1,1,4,1,1
484070498,1,1,2,3,2,1
484070499,1,2,2,4,1,3
484070500,1,2,1,2,1,4
484070501,1,2,2,3,1,3
484070502,1,2,1,2,1,2
484070503,1,2,3,4,1,1
484070504,1,2,3,3,1,1
484070505,1,2,2,4,1,2
484070506,1,3,1,3,1,1
484070507,1,2,1,4,1,2
484070508,1,1,1,1,1,2
484070509,1,4,1,1,1,4
484070510,1,1,1,3,1,1
484070511,1,2,3,2,1,3
484070512,1,2,3,2,1,1
484070513,1,3,1,4,1,3
484070514,1,3,1,4,1,3
484070515,1,1,1,2,1,1
484070516,1,2,2,2,2,2
484070517,1,4,1,4,1,1
484070518,1,2,1,4,1,1
484070519,1,1,1,3,1,1
484070520,1,1,1,1,1,1
484070521,1,3,2,3,3,3
484070522,1,1,1,3,1,1
484070523,2,2,4,3,4,4
484070524,1,1,3,3,2,1
484070525,1,1,1,2,1,1
484070526,1,1,3,4,3,4
484070527,1,1,3,4,4,3
484070528,1,2,3,4,4,2
484070529,1,1,1,3,1,1
484070530,1,2,1,1,1,2
484070531,1,2,3,4,1,1
484070532,1,4,1,3,1,4
484070533,1,3,1,3,1,3
484070534,1,3,1,3,1,1
484070535,1,3,1,3,1,1
484070536,1,3,3,3,2,3
484070537,1,2,1,3,1,1
484070538,1,2,1,3,1,2
484070539,1,2,1,2,1,1
484070540,1,1,1,2,1,2
484070541,1,1,1,4,1,1
484070542,1,1,1,1,1,1
484070543,1,2,3,4,1,2
484070544,1,2,2,3,1,2
484070545,1,1,1,4,1,1
484070546,1,1,2,3,2,3
484070547,1,3,1,2,1,1
484070548,1,1,1,3,1,1
484070549,1,1,1,2,1,1
484070550,1,1,1,1,1,1
484070551,1,3,1,4,1,3
484070552,1,2,3,1,1,1
484070553,1,2,2,1,1,1
484070554,1,3,1,2,1,1
484070555,1,1,1,2,1,2
484070556,1,2,3,2,1,2
484070557,1,3,1,3,1,1
484070558,1,1,1,3,1,1
484070559,1,1,1,3,1,1
484070560,1,3,4,1,1,1
484070561,1,1,1,2,1,1
484070562,1,4,3,4,1,3
484070563,1,2,3,4,1,1
484070564,1,1,1,1,1,1
484070565,1,1,1,1,1,1
484070566,1,1,1,2,1,2
484070567,1,3,1,2,1,1
484070568,1,1,1,1,1,1
484070569,1,3,2,3,1,1
484070570,1,3,3,4,3,1
484070571,1,3,3,4,2,3
484070572,1,2,1,3,1,2
484070573,1,1,2,3,1,2
484070574,1,2,3,2,1,2
484070575,2,2,1,3,1,3
484070576,1,1,1,2,1,2
484070577,1,2,2,2,1,2
484070578,1,3,1,4,1,1
484070579,1,1,1,2,1,1
484070580,1,1,1,2,1,1
484070581,1,2,1,4,1,2
484070582,1,2,2,1,1,2
484070583,1,3,1,3,1,2
484070584,1,2,3,4,3,4
484070585,1,1,4,4,4,3
484070586,1,2,1,3,1,2
484070587,1,3,1,4,1,1
484070588,1,3,1,4,1,1
484070589,1,1,1,4,1,2
484070590,1,1,1,4,1,1
484070591,1,3,4,3,1,4
484070592,1,1,1,4,1,4
484070593,1,1,1,3,2,2
484070594,1,3,1,3,3,3
484070595,1,2,2,1,1,4
484070596,1,1,1,4,2,3
484070597,1,1,1,4,1,4
484070598,1,3,3,3,2,3
484070599,1,1,1,3,2,2
484070600,1,3,1,3,1,1
484070601,1,2,3,1,1,1
484070602,1,1,1,2,1,2
484070603,1,2,2,3,2,1
484070604,1,2,2,1,1,2
484070605,1,1,2,3,2,2
484070606,3,3,1,4,1,1
484070607,1,3,1,4,1,1
484070608,1,1,4,1,1,1
484070609,1,3,2,4,1,1
484070610,1,3,1,4,1,1
484070611,1,2,1,1,1,1
484070612,1,3,3,2,1,1
484070613,1,2,1,1,1,2
484070614,1,1,1,1,1,1
484070615,1,1,2,2,1,1
484070616,1,2,2,3,1,2
484070617,1,2,2,1,1,2
484070618,1,3,3,3,1,1
484070619,1,1,2,1,1,2
484070620,1,4,2,4,1,1
484070621,1,2,2,3,1,2
484070622,1,2,2,3,3,4
484070623,1,2,1,4,3,3
484070624,1,2,3,4,1,4
484070625,1,1,2,3,1,1
484070626,1,2,1,4,2,4
484070627,1,1,1,4,1,1
484070628,1,2,3,4,2,3
484070629,1,1,1,1,1,4
484070630,1,1,1,3,1,1
484070631,1,2,1,3,1,1
484070632,1,1,1,4,2,2
484070633,1,1,1,3,1,1
484070634,1,2,3,2,1,4
484070635,1,2,2,2,1,1
484070636,1,4,3,3,4,3
484070637,1,2,3,4,2,4
484070638,1,2,1,4,2,3
484070639,1,2,1,4,2,3
484070640,1,3,3,4,1,4
484070641,4,4,2,2,2,2
484070642,1,2,1,3,1,1
484070643,1,3,1,4,1,1
484070644,1,4,1,4,1,4
484070645,1,2,1,3,2,2
484070646,1,3,2,4,1,1
484070647,1,2,1,1,1,2
484070648,1,2,2,3,2,1
484070649,1,2,1,4,1,1
484070650,1,2,1,3,1,2
484070651,1,4,1,2,1,2
484070652,1,1,1,2,1,2
484070653,1,2,1,3,1,1
484070654,1,1,1,1,1,1
484070655,1,3,3,3,1,1
484070656,1,1,1,1,1,4
484070657,1,3,3,4,3,3
484070658,1,2,1,2,1,1
484070659,1,3,4,4,1,2
484070660,1,2,2,3,1,1
484070661,1,2,3,3,1,1
484070662,1,2,2,3,1,2
484070663,1,4,2,4,2,3
484070664,1,4,4,4,4,4
484070665,1,1,2,1,1,2
484070666,1,2,1,3,1,1
484070667,1,2,2,3,1,2
484070668,1,3,1,1,3,1
484070669,1,3,1,1,1,3
484070670,1,2,1,3,1,2
484070671,1,2,1,3,1,1
484070672,1,2,1,4,1,1
484070673,1,3,1,3,1,1
484070674,1,2,1,3,1,3
484070675,1,1,2,4,1,2
484070676,1,2,1,4,2,1
484070677,1,2,1,2,1,1
484070678,1,2,1,2,1,2
484070679,1,1,1,1,1,1
484070680,1,2,1,1,1,1
484070681,1,1,1,2,1,2
484070682,1,1,1,1,1,1
484070683,1,2,2,3,1,2
484070684,1,2,2,3,1,1
484070685,1,2,1,3,1,2
484070686,1,2,2,3,1,2
484070687,1,1,1,1,1,1
484070688,1,1,1,4,1,3
484070689,1,3,2,4,1,4
484070690,1,3,1,3,1,2
484070691,1,3,3,4,1,3
484070692,1,1,1,4,2,1
484070693,1,2,2,3,1,1
484070694,1,2,1,3,1,1
484070695,1,2,2,4,1,1
484070696,1,2,1,4,1,2
484070697,1,3,1,4,1,3
484070698,1,2,1,2,1,1
484070699,1,2,1,3,1,1
484070700,1,1,2,4,3,1
484070701,1,1,1,4,3,2
484070702,1,1,2,4,1,1
484070703,1,2,2,2,2,2
484070704,1,1,1,2,1,1
484070705,2,3,4,4,2,3
484070706,1,1,1,4,2,3
484070707,1,1,1,3,1,1
484070708,1,1,1,3,1,1
484070709,1,1,2,2,1,1
484070710,1,1,1,3,4,4
484070711,1,1,4,3,4,4
484070712,1,1,1,3,1,1
484070713,1,2,1,4,1,3
484070714,1,2,3,3,1,2
484070715,1,1,1,2,1,1
484070716,1,2,2,2,1,4
484070717,1,2,2,2,1,3
484070718,1,2,1,3,1,1
484070719,1,1,1,1,2,1
484070720,1,2,2,3,1,3
484070721,1,2,1,3,2,4
484070722,2,2,1,2,2,3
484070723,1,1,2,3,1,4
484070724,1,1,3,1,1,1
484070725,1,2,2,4,1,2
484070726,1,3,1,4,1,2
484070727,1,2,2,4,1,3
484070728,1,2,1,4,1,2
484070729,1,1,2,3,2,2
484070730,1,2,1,3,1,2
484070731,1,2,2,3,1,2
484070732,1,3,4,1,1,1
484070733,1,4,1,3,1,1
484070734,1,4,2,1,1,1
484070735,1,1,1,1,1,1
484070736,1,2,2,2,1,1
484070737,1,2,2,2,1,1
484070738,1,2,1,3,1,2
484070739,1,2,1,3,1,1
484070740,1,1,2,2,2,2
484070741,1,2,3,4,2,2
484070742,1,2,1,4,1,2
484070743,1,2,1,4,1,3
484070744,1,1,2,2,3,3
484070745,2,2,2,2,4,4
484070746,1,1,1,3,1,3
484070747,1,1,1,4,1,2
484070748,1,2,1,4,1,1
484070749,1,1,1,1,1,1
484070750,2,2,3,4,3,3
484070751,1,2,3,4,1,2
484070752,1,1,2,4,1,3
484070753,1,1,1,3,1,2
484070754,1,1,1,3,1,1
484070755,1,2,1,3,1,1
484070756,1,4,1,3,1,1
484070757,1,3,1,3,1,1
484070758,1,1,1,4,1,1
484070759,1,1,1,1,1,1
484070760,1,3,1,4,1,4
484070761,1,4,1,4,1,1
484070762,1,2,2,2,1,1
484070763,1,1,1,4,1,1
484070764,1,1,1,3,1,1
484070765,1,1,1,3,1,3
484070766,1,3,3,3,2,1
484070767,1,1,1,4,1,3
484070768,1,1,1,2,1,1
484070769,1,1,1,1,2,1
484070770,1,3,1,4,1,1
484070771,1,1,1,3,1,1
484070772,1,3,2,4,1,1
484070773,1,3,1,3,1,1
484070774,1,2,2,2,1,1
484070775,1,1,1,1,1,1
484070776,1,2,1,1,1,1
484070777,1,2,3,3,1,3
484070778,1,1,1,3,1,1
484070779,1,2,1,1,1,2
484070780,1,1,1,3,1,1
484070781,1,2,1,3,1,1
484070782,1,1,2,2,1,4
484070783,1,3,4,4,2,4
484070784,1,1,1,1,1,1
484070785,1,1,1,3,1,1
484070786,1,2,3,3,4,2
484070787,1,2,2,4,1,2
484070788,2,1,3,3,4,4
484070789,1,1,1,4,1,4
484070790,3,2,1,2,3,4
484070791,1,1,2,4,1,4
484070792,1,1,1,4,1,4
484070793,2,2,3,4,3,3
484070794,1,3,3,4,1,4
484070795,1,3,2,4,3,1
484070796,1,2,1,1,2,1
484070797,1,2,3,1,2,2
484070798,3,2,1,3,4,3
484070799,1,2,2,4,1,3
484070800,1,2,3,2,3,3
484070801,1,1,1,4,1,2
484070802,1,2,3,4,3,3
484070803,1,2,2,2,2,2
484070804,1,2,2,2,2,3
484070805,1,2,2,4,1,4
484070806,1,1,3,3,3,2
484070807,1,1,2,4,1,1
484070808,2,2,1,4,1,1
484070809,1,1,4,1,1,2
484070810,1,1,2,3,1,2
484070811,1,1,2,1,2,2
484070812,1,2,3,3,1,2
484070813,1,2,3,4,3,2
484070814,1,1,1,1,1,1
484070815,1,2,3,2,1,2
484070816,1,2,1,3,3,1
484070817,1,3,4,3,1,1
484070818,1,2,1,3,1,1
484070819,1,2,1,3,1,1
484070820,1,3,1,3,1,1
484070821,1,1,1,2,1,1
484070822,1,3,2,4,1,1
484070823,1,3,2,3,1,1
484070824,1,2,2,3,1,2
484070825,1,2,2,4,1,2
484070826,1,2,3,3,1,1
484070827,1,2,1,4,1,1
484070828,1,2,2,1,1,1
484070829,1,2,3,1,1,1
484070830,1,2,2,3,1,1
484070831,1,1,1,4,1,1
484070832,1,2,1,3,1,1
484070833,1,1,1,1,1,1
484070834,1,1,1,3,3,2
484070835,2,2,2,2,3,2
484070836,1,2,2,2,2,2
484070837,1,2,2,3,3,3
484070838,1,3,1,4,1,1
484070839,1,1,1,3,1,4
484070840,2,3,2,3,2,4
484070841,1,2,1,3,2,2
484070842,1,2,4,4,1,1
484070843,1,3,1,4,1,4
484070844,1,2,1,4,1,2
484070845,1,1,2,4,1,1
484070846,1,1,1,1,1,2
484070847,1,3,1,3,1,1
484070848,1,1,1,3,1,2
484070849,1,3,2,3,1,2
484070850,1,2,1,1,1,1
484070851,1,2,1,3,1,1
484070852,1,1,1,3,1,1
484070853,1,1,1,1,1,1
484070854,1,2,1,4,1,1
484070855,1,1,1,4,1,2
484070856,1,3,1,4,2,3
484070857,1,3,1,2,1,1
484070858,3,2,1,3,4,1
484070859,1,2,2,3,1,3
484070860,1,2,1,2,1,1
484070861,1,3,1,4,1,2
484070862,1,1,1,1,1,3
484070863,1,4,1,4,1,4
484070864,1,3,1,1,1,1
484070865,1,3,1,4,4,1
484070866,1,2,1,3,1,1
484070867,1,2,1,3,1,1
484070868,1,2,2,2,1,1
484070869,1,3,3,3,1,1
484070870,1,2,2,1,1,1
484070871,1,1,1,3,2,1
484070872,1,1,1,3,1,4
484070873,1,3,3,4,1,1
484070874,1,1,1,1,1,1
484070875,1,2,1,2,2,3
484070876,1,2,1,3,3,1
484070877,1,1,1,3,1,2
484070878,1,2,1,3,4,3
484070879,1,1,2,3,4,4
484070880,1,3,1,4,1,4
484070881,1,2,2,4,2,2
484070882,1,1,2,4,1,4
484070883,1,2,2,3,3,3
484070884,1,2,3,2,2,2
484070885,1,1,1,3,2,3
484070886,1,1,2,2,1,1
484070887,1,2,3,4,1,1
484070888,1,3,1,2,1,1
484070889,1,3,2,4,1,2
484070890,1,1,2,1,2,1
484070891,1,2,1,4,4,4
484070892,1,1,1,3,2,2
484070893,1,1,1,3,1,1
484070894,1,2,2,2,3,4
484070895,1,1,1,4,1,4
484070896,1,2,3,3,4,3
484070897,1,3,3,4,1,3
484070898,1,3,2,4,1,3
484070899,1,1,1,3,1,1
484070900,1,1,1,2,1,1
484070901,1,1,1,2,1,1
484070902,1,2,3,3,2,1
484070903,1,2,4,4,1,4
484070904,1,1,1,3,1,4
484070905,1,2,2,3,2,2
484070906,1,2,2,4,1,2
484070907,1,1,2,3,1,1
484070908,1,3,1,4,1,3
484070909,1,2,1,2,1,1
484070910,2,3,2,4,3,2
484070911,1,3,3,4,1,4
484070912,1,2,2,3,2,3
484070913,1,2,1,2,3,2
484070914,1,2,1,3,2,1
484070915,1,1,2,3,4,3
484070916,1,1,1,3,1,1
484070917,1,1,1,4,1,4
484070918,1,2,2,4,1,1
484070919,1,3,1,4,2,1
484070920,1,2,1,3,1,1
484070921,1,1,1,4,1,1
484070922,1,1,1,4,1,1
484070923,1,3,3,3,3,1
484070924,1,2,1,2,1,2
484070925,1,4,3,4,1,1
484070926,1,3,1,3,1,1
484070927,1,2,1,2,1,1
484070928,1,4,2,2,1,2
484070929,1,1,1,3,1,1
484070930,2,2,1,2,2,2
484070931,1,1,1,2,2,2
484070932,1,2,2,2,2,2
484070933,1,1,1,2,2,2
484070934,1,1,3,4,1,1
484070935,1,1,1,3,1,1
484070936,1,3,1,1,1,1
484070937,1,1,1,3,1,2
484070938,1,4,3,3,3,3
484070939,1,1,1,1,1,1
484070940,1,1,1,3,1,2
484070941,1,1,1,3,1,2
484070942,1,1,1,1,1,1
484070943,1,1,1,4,1,1
484070944,1,2,2,3,2,3
484070945,1,3,1,4,2,4
484070946,1,3,2,2,1,3
484070947,1,2,1,3,1,3
484070948,1,2,2,3,1,2
484070949,3,4,1,4,3,3
484070950,1,2,1,2,1,2
484070951,1,2,1,3,3,3
484070952,1,2,1,3,2,3
484070953,1,1,2,3,1,3
484070954,1,1,1,3,1,1
484070955,1,2,4,4,1,1
484070956,1,3,1,4,1,1
484070957,1,3,2,4,1,4
484070958,1,1,1,3,1,3
484070959,1,2,2,3,2,1
484070960,1,2,2,3,1,3
484070961,1,2,2,3,1,1
484070962,1,2,1,3,1,1
484070963,1,1,1,4,2,2
484070964,1,1,2,2,1,2
484070965,1,2,2,2,1,2
484070966,1,1,1,3,1,1
484070967,1,4,2,4,1,1
484070968,1,2,1,4,1,1
484070969,1,1,1,2,1,1
484070970,1,2,1,4,1,1
484070971,1,1,1,1,1,1
484070972,1,3,1,4,1,1
484070973,1,4,1,4,1,1
484070974,1,3,4,3,1,1
484070975,2,3,2,1,1,3
484070976,1,3,1,4,1,1
484070977,1,4,1,3,1,3
484070978,1,2,1,1,1,1
484070979,1,4,1,4,1,1
484070980,1,1,1,4,1,1
484070981,1,3,1,4,2,4
484070982,1,3,2,3,1,2
484070983,1,2,1,3,1,1
484070984,1,1,1,1,1,2
484070985,1,1,2,3,1,2
484070986,1,2,1,4,1,1
484070987,1,2,1,1,1,1
484070988,1,2,1,2,1,1
484070989,1,2,1,4,1,1
484070990,1,1,1,2,1,1
484070991,1,1,1,2,1,3
484070992,1,1,1,3,1,2
484070993,1,1,1,3,1,3
484070994,1,1,1,4,1,1
484070995,1,1,3,1,1,1
484070996,1,2,1,4,1,1
484070997,1,2,1,3,1,2
484070998,1,1,2,3,1,3
484070999,1,1,1,1,1,2
484071000,1,2,2,4,1,2
484071001,1,1,1,3,1,1
484071002,1,1,1,1,1,1
484071003,1,1,1,3,1,1
484071004,1,3,1,3,1,1
484071005,1,2,1,4,1,4
484071006,1,1,1,3,1,1
484071007,1,1,1,1,1,1
484071008,1,1,1,4,1,1
484071009,1,1,1,3,1,2
484071010,1,1,1,3,1,1
484071011,1,1,1,3,1,1
484071012,1,1,1,4,1,1
484071013,1,3,2,4,1,3
484071014,1,3,1,2,1,4
484071015,1,1,1,1,1,1
484071016,1,3,1,4,1,2
484071017,1,3,1,3,1,1
484071018,1,1,1,1,1,1
484071019,1,1,1,1,1,1
484071020,1,2,1,3,4,1
484071021,1,1,1,1,1,1
484071022,1,2,1,1,1,1
484071023,1,1,1,1,1,1
484071024,1,1,1,1,1,1
484071025,1,2,1,1,1,1
484071026,1,1,1,1,1,1
484071027,1,3,1,4,2,3
484071028,1,1,1,2,1,2
484071029,1,4,4,4,3,4
484071030,1,1,1,4,1,1
484071031,1,1,1,1,1,1
484071032,1,2,1,1,1,2
484071033,1,1,1,1,1,3
484071034,1,1,1,3,1,1
484071035,1,3,2,3,4,4
484071036,1,2,1,4,1,1
484071037,1,2,1,4,1,3
484071038,2,4,1,4,1,1
484071039,1,2,1,3,1,1
484071040,1,1,1,3,3,1
484071041,1,3,3,2,1,2
484071042,1,2,1,4,1,4
484071043,1,1,-1,-1,1,1
484071044,1,1,1,3,2,2
484071045,1,1,1,3,1,1
484071046,1,1,1,4,1,1
484071047,1,4,1,4,3,1
484071048,1,3,2,3,1,4
484071049,1,2,1,2,1,3
484071050,1,3,1,4,1,3
484071051,1,3,4,3,1,-1
484071052,1,3,1,3,1,1
484071053,1,2,2,2,1,1
484071054,1,3,1,4,1,1
484071055,1,-1,1,-1,1,1
484071056,1,1,1,4,1,1
484071057,1,1,1,4,1,2
484071058,1,2,3,3,1,1
484071059,1,1,2,3,1,4
484071060,1,1,2,1,1,2
484071061,1,1,1,1,1,1
484071062,1,1,2,4,1,4
484071063,1,1,2,3,1,1
484071064,1,4,1,4,1,1
484071065,1,1,1,3,1,3
484071066,1,2,3,3,1,4
484071067,1,3,1,4,1,1
484071068,1,2,1,4,1,1
484071069,1,2,3,2,1,1
484071070,1,2,2,4,1,1
484071071,1,2,1,1,2,1
484071072,1,2,1,4,1,3
484071073,1,1,2,1,1,1
484071074,1,3,2,3,2,4
484071075,2,3,2,3,2,3
484071076,1,2,1,2,3,1
484071077,1,2,2,3,1,3
484071078,1,4,1,4,1,1
484071079,1,4,1,3,1,1
484071080,1,3,1,3,1,3
484071081,1,2,2,4,1,4
484071082,1,1,2,1,1,1
484071083,1,1,2,4,1,1
484071084,1,1,1,4,1,4
484071085,1,1,1,1,1,1
484071086,1,1,1,3,1,1
484071087,1,1,1,4,1,1
484071088,1,2,1,3,2,2
484071089,1,2,2,2,1,2
484071090,1,1,2,2,1,1
484071091,1,1,1,1,1,1
484071092,1,3,2,4,1,2
484071093,1,3,4,3,1,1
484071094,1,2,2,4,1,2
484071095,1,4,3,1,1,1
484071096,1,1,1,2,1,1
484071097,1,2,2,3,3,1
484071098,1,3,1,4,2,2
484071099,1,3,2,4,2,2
484071100,1,2,1,4,1,2
484071101,1,1,1,3,1,2
484071102,1,1,1,2,1,2
484071103,1,3,1,4,2,2
484071104,1,1,1,2,1,1
484071105,1,2,1,4,1,2
484071106,1,2,1,4,1,2
484071107,1,2,2,4,1,2
484071108,1,3,1,4,2,2
484071109,1,1,1,2,1,2
484071110,1,2,3,4,2,3
484071111,1,1,1,2,1,2
484071112,1,2,1,3,1,1
484071113,1,3,1,4,1,2
484071114,1,2,4,4,1,2
484071115,1,2,1,4,2,2
484071116,1,2,1,4,2,2
484071117,1,3,1,1,1,1
484071118,1,1,2,2,1,2
484071119,1,2,3,4,1,4
484071120,1,2,2,2,2,1
484071121,1,3,1,4,4,4
484071122,1,3,3,2,1,1
484071123,1,1,1,2,2,2
484071124,1,2,1,3,1,2
484071125,1,2,2,1,1,2
484071126,1,2,1,1,1,1
484071127,1,2,1,3,1,1
484071128,1,3,2,2,1,1
484071129,1,2,2,3,1,2
484071130,1,3,1,4,1,3
484071131,1,3,1,4,1,4
484071132,1,3,1,3,1,1
484071133,1,3,1,4,1,1
484071134,1,3,3,4,1,2
484071135,1,1,1,1,1,3
484071136,1,1,1,2,1,1
484071137,1,4,2,4,1,1
484071138,1,2,3,3,1,1
484071139,1,2,1,3,1,4
484071140,1,1,1,1,1,4
484071141,1,2,2,1,1,1
484071142,1,2,2,2,1,2
484071143,1,1,1,1,1,1
484071144,1,1,1,2,1,2
484071145,1,1,1,2,1,1
484071146,1,1,1,4,1,1
484071147,1,2,1,2,1,3
484071148,1,1,1,1,1,2
484071149,1,3,2,2,1,1
484071150,1,1,1,1,1,1
484071151,1,2,1,1,1,2
484071152,1,1,1,2,1,4
484071153,1,2,4,2,1,2
484071154,1,4,2,2,1,3
484071155,1,1,1,1,1,1
484071156,1,1,1,1,1,1
484071157,1,3,1,4,1,1
484071158,1,1,1,1,1,1
484071159,1,1,1,1,1,1
484071160,1,2,1,3,1,1
484071161,1,2,1,4,3,1
484071162,1,3,3,1,1,1
484071163,1,2,2,4,1,2
484071164,1,1,1,1,1,3
484071165,1,2,1,4,1,1
484071166,1,1,1,1,1,1
484071167,1,1,1,1,1,1
484071168,2,3,1,4,1,1
484071169,1,1,1,1,1,1
484071170,1,2,1,3,1,4
484071171,1,1,1,3,1,3
484071172,1,2,3,4,1,2
484071173,1,3,1,2,1,1
484071174,1,3,3,3,1,1
484071175,1,2,1,4,1,1
484071176,1,3,3,3,1,1
484071177,1,4,2,4,1,1
484071178,1,3,2,4,1,1
484071179,1,2,1,2,1,2
484071180,1,1,1,4,1,1
484071181,1,1,3,1,1,1
484071182,1,2,3,4,2,4
484071183,1,1,2,3,2,2
484071184,1,1,1,3,1,3
484071185,1,1,1,2,1,1
484071186,1,4,1,1,1,1
484071187,1,1,2,2,1,3
484071188,1,2,3,4,1,2
484071189,1,3,1,4,1,1
484071190,1,3,2,2,1,2
484071191,1,2,2,2,1,1
484071192,1,2,1,2,1,2
484071193,1,3,3,1,1,2
484071194,1,1,2,3,1,2
484071195,1,2,3,3,1,1
484071196,1,1,1,4,1,4
484071197,1,3,1,3,1,2
484071198,1,1,1,3,1,1
484071199,1,3,2,4,1,1
484071200,1,2,1,3,1,4
484071201,1,1,1,3,1,1
484071202,1,2,1,3,1,2
484071203,1,1,1,1,1,1
484071204,1,2,3,3,2,3
484071205,1,1,1,1,1,1
484071206,1,1,1,3,1,1
484071207,1,1,1,2,1,1
484071208,1,2,2,1,1,3
484071209,1,2,2,2,1,1
484071210,1,1,1,4,4,1
484071211,2,2,4,4,2,2
484071212,2,1,4,1,1,1
484071213,1,2,1,3,1,1
484071214,1,4,1,3,1,1
484071215,1,1,1,4,1,1
484071216,1,2,3,4,1,3
484071217,1,1,1,2,1,1
484071218,1,1,1,3,1,1
484071219,1,3,1,4,1,1
484071220,1,2,1,2,1,4
484071221,2,3,2,4,1,3
484071222,1,3,4,4,2,1
484071223,1,2,1,2,1,2
484071224,1,1,1,1,1,1
484071225,1,3,1,4,1,1
484071226,1,2,1,3,1,1
484071227,1,2,2,2,1,4
484071228,1,2,2,2,1,1
484071229,1,2,1,1,1,1
484071230,1,2,2,3,1,1
484071231,1,2,1,2,1,2
484071232,1,2,1,4,1,1
484071233,1,2,1,2,1,1
484071234,1,1,1,3,1,1
484071235,1,1,2,4,2,1
484071236,1,2,1,1,1,1
484071237,1,1,2,1,1,1
484071238,1,2,1,3,1,1
484071239,1,2,2,4,1,1
484071240,1,2,1,2,1,2
484071241,1,1,1,3,2,1
484071242,1,2,2,4,1,2
484071243,1,1,1,3,1,2
484071244,1,2,1,4,-1,1
484071245,1,1,1,1,1,1
484071246,1,2,3,3,1,3
484071247,1,2,1,4,1,2
484071248,1,1,3,3,1,1
484071249,1,1,1,3,1,1
484071250,1,1,1,3,2,3
484071251,1,2,2,3,1,2
484071252,1,2,2,4,2,4
484071253,1,1,2,2,1,1
484071254,1,2,1,1,1,2
484071255,1,2,3,4,1,1
484071256,1,3,1,4,1,1
484071257,1,1,1,4,1,1
484071258,1,1,1,3,1,1
484071259,1,1,1,3,1,3
484071260,1,1,1,4,1,1
484071261,1,2,1,4,4,4
484071262,1,1,1,3,1,1
484071263,1,2,2,3,1,1
484071264,2,3,3,4,2,3
484071265,1,3,3,3,1,1
484071266,1,1,1,4,1,1
484071267,1,1,1,2,1,-2
484071268,1,1,1,4,3,4
484071269,1,1,1,3,1,3
484071270,1,2,2,4,1,3
484071271,1,1,1,4,1,3
484071272,1,2,2,2,1,2
484071273,1,1,1,3,1,1
484071274,1,3,2,1,1,3
484071275,1,3,1,1,1,3
484071276,1,1,1,2,1,3
484071277,1,1,1,1,1,1
484071278,1,1,1,2,1,1
484071279,1,1,1,1,1,1
484071280,1,4,1,-2,1,1
484071281,1,2,1,3,1,1
484071282,1,3,2,4,1,1
484071283,1,1,1,3,2,3
484071284,1,1,1,3,1,3
484071285,1,1,1,2,1,3
484071286,1,1,1,2,3,1
484071287,2,1,1,1,1,4
484071288,1,1,1,3,2,3
484071289,1,1,1,2,1,3
484071290,1,1,1,3,2,3
484071291,1,1,1,1,3,3
484071292,1,1,1,3,1,3
484071293,1,2,3,1,1,4
484071294,1,1,1,3,1,3
484071295,1,1,1,3,2,4
484071296,1,1,1,4,2,2
484071297,1,1,2,4,1,4
484071298,1,2,1,3,1,2
484071299,1,1,2,3,1,3
484071300,1,1,2,3,1,4
484071301,1,2,2,3,3,2
484071302,1,2,4,4,1,1
484071303,1,1,1,3,1,1
484071304,1,3,3,3,1,1
484071305,1,2,1,2,1,1
484071306,1,2,1,1,1,2
484071307,1,1,1,2,1,1
484071308,1,2,2,3,1,1
484071309,1,1,1,1,1,3
484071310,1,2,1,2,1,2
484071311,1,2,3,3,1,3
484071312,1,1,2,3,1,1
484071313,1,1,2,3,1,3
484071314,1,2,1,1,1,3
484071315,1,2,2,2,1,4
484071316,1,2,2,2,1,3
484071317,1,1,1,4,1,1
484071318,1,1,1,3,1,2
484071319,1,2,1,4,1,1
484071320,1,2,2,3,1,1
484071321,1,2,2,3,1,1
484071322,1,2,1,2,1,2
484071323,1,2,1,3,1,1
484071324,1,1,1,3,1,1
484071325,1,2,2,3,1,2
484071326,1,2,2,4,1,1
484071327,1,3,3,3,1,1
484071328,1,2,1,3,1,1
484071329,1,1,1,4,4,3
484071330,1,2,2,3,1,1
484071331,1,1,1,3,1,1
484071332,1,2,1,4,1,3
484071333,1,2,2,3,1,1
484071334,1,2,2,3,1,1
484071335,1,3,1,4,1,1
484071336,1,2,2,2,1,1
484071337,1,1,1,3,1,1
484071338,1,1,1,3,1,1
484071339,1,2,1,3,1,1
484071340,1,2,1,3,2,1
484071341,1,1,2,4,1,2
484071342,1,1,2,3,1,2
484071343,1,2,2,4,1,2
484071344,1,2,3,4,4,1
484071345,1,2,3,3,1,2
484071346,1,1,2,1,1,1
484071347,1,2,2,3,1,1
484071348,1,2,1,3,2,1
484071349,1,3,2,3,1,1
484071350,2,2,2,3,1,1
484071351,1,1,2,2,2,2
484071352,1,3,3,4,1,1
484071353,1,1,2,3,1,2
484071354,1,2,2,2,1,3
484071355,1,2,2,2,1,2
484071356,1,2,2,2,1,1
484071357,1,1,2,3,2,1
484071358,1,1,2,4,3,1
484071359,1,2,2,3,3,1
484071360,1,2,1,2,2,2
484071361,1,2,2,3,2,2
484071362,1,2,2,3,1,1
484071363,1,2,2,2,2,3
484071364,1,1,1,3,1,2
484071365,1,2,1,3,1,3
484071366,1,3,2,2,1,2
484071367,1,1,1,1,1,1
484071368,1,1,1,1,1,2
484071369,1,1,2,3,1,1
484071370,1,2,2,3,1,2
484071371,1,2,2,3,2,3
484071372,1,1,2,3,1,1
484071373,1,4,1,4,1,4
484071374,1,1,1,3,1,3
484071375,1,1,1,3,1,1
484071376,1,4,1,4,1,4
484071377,1,1,2,3,2,2
484071378,1,4,4,4,2,1
484071379,1,4,1,4,1,1
484071380,1,2,2,3,2,4
484071381,1,2,2,2,1,1
484071382,1,1,2,3,1,1
484071383,1,2,3,3,1,2
484071384,1,3,3,4,4,4
484071385,1,2,2,4,1,3
484071386,1,4,1,-1,1,4
484071387,1,1,1,2,1,1
484071388,1,1,2,3,1,1
484071389,1,1,1,2,1,1
484071390,1,2,2,4,1,1
484071391,1,2,1,3,1,3
484071392,1,2,1,1,3,1
484071393,1,3,1,3,1,3
484071394,1,3,1,3,1,4
484071395,1,2,1,4,1,2
484071396,1,4,1,4,1,2
484071397,1,1,1,3,1,2
484071398,2,2,1,3,2,1
484071399,1,2,1,2,1,2
484071400,1,2,1,3,2,2
484071401,1,1,1,3,1,4
484071402,1,1,1,3,1,4
484071403,1,2,1,2,1,1
484071404,1,2,3,4,1,2
484071405,1,3,2,1,1,2
484071406,1,3,1,4,1,3
484071407,1,4,1,2,1,1
484071408,1,2,3,4,1,2
484071409,1,3,2,3,1,1
484071410,1,3,3,2,1,2
484071411,1,2,2,3,1,2
484071412,1,2,1,1,1,1
484071413,1,1,1,1,1,1
484071414,1,3,2,4,1,2
484071415,1,2,1,3,1,1
484071416,1,2,3,2,1,2
484071417,1,1,1,1,1,1
484071418,1,2,2,4,1,2
484071419,1,3,1,4,1,2
484071420,1,1,1,1,1,1
484071421,1,1,1,1,1,2
484071422,1,1,1,2,1,2
484071423,1,1,1,1,1,1
484071424,1,2,1,2,1,2
484071425,1,3,1,3,1,1
484071426,1,1,1,1,1,1
484071427,1,1,1,3,1,1
484071428,1,1,1,4,1,4
484071429,1,1,1,1,1,1
484071430,1,3,1,2,3,3
484071431,1,2,1,4,1,3
484071432,1,1,1,2,3,4
484071433,1,2,3,4,1,2
484071434,1,2,1,4,1,1
484071435,1,3,2,3,1,1
484071436,1,2,2,2,1,2
484071437,1,2,3,3,1,1
484071438,1,3,1,3,2,1
484071439,1,2,3,4,4,1
484071440,1,3,1,4,1,1
484071441,1,3,2,4,1,3
484071442,1,1,1,2,1,2
484071443,1,3,1,3,1,1
484071444,1,1,2,3,2,1
484071445,1,1,1,1,1,1
484071446,1,4,1,4,1,1
484071447,2,1,1,3,1,2
484071448,1,2,1,1,1,3
484071449,1,3,3,3,1,1
484071450,1,1,1,2,1,1
484071451,1,3,2,4,3,2
484071452,1,1,1,3,2,4
484071453,1,3,2,4,1,3
484071454,1,3,2,3,1,3
484071455,1,2,3,3,1,2
484071456,1,3,1,3,1,3
484071457,1,3,1,3,1,1
484071458,1,3,2,4,1,2
484071459,1,1,1,4,1,1
484071460,1,1,1,3,1,1
484071461,1,2,3,1,1,1
484071462,1,3,1,4,1,3
484071463,1,2,1,4,1,3
484071464,1,1,1,1,1,1
484071465,1,2,2,3,1,2
484071466,1,2,1,4,1,1
484071467,1,1,1,1,1,1
484071468,1,3,4,3,1,1
484071469,1,2,1,2,2,2
484071470,1,3,2,2,1,1
484071471,1,1,3,4,1,1
484071472,1,1,1,1,1,3
484071473,1,2,2,3,2,2
484071474,1,1,1,1,1,1
484071475,1,2,1,1,1,2
484071476,1,2,2,3,1,1
484071477,1,2,2,1,1,1
484071478,1,1,1,1,1,1
484071479,1,2,1,1,1,1
484071480,1,1,1,1,1,2
484071481,1,1,1,1,1,1
484071482,1,1,1,1,1,1
484071483,1,1,1,1,1,1
484071484,2,3,3,4,2,3
484071485,1,3,2,3,3,3
484071486,1,2,1,3,1,3
484071487,1,1,1,3,1,3
484071488,1,1,1,3,1,3
484071489,1,1,1,3,1,3
484071490,1,1,1,2,1,1
484071491,1,4,1,4,1,1
484071492,1,1,1,4,4,4
484071493,2,1,1,3,1,2
484071494,1,4,1,4,1,1
484071495,1,1,1,1,1,1
484071496,1,2,1,1,1,3
484071497,1,3,3,3,1,1
484071498,1,1,1,2,1,1
484071499,1,1,1,3,1,2
484071500,1,1,1,3,1,4
484071501,1,3,2,4,3,4
484071502,1,1,1,4,1,1
484071503,1,2,1,1,1,1
484071504,1,1,1,3,1,3
484071505,1,2,2,3,1,1
484071506,1,2,2,2,1,2
484071507,1,1,1,1,1,1
484071508,1,1,1,3,1,1
484071509,1,3,1,4,1,1
484071510,1,1,1,3,1,2
484071511,1,3,1,4,1,1
484071512,1,3,3,1,1,3
484071513,1,1,1,3,1,1
484071514,1,2,1,3,1,2
484071515,1,1,1,1,1,1
484071516,1,1,1,3,1,1
484071517,1,1,1,3,1,1
484071518,1,3,1,3,1,4
484071519,1,2,2,2,1,1
484071520,1,1,1,4,1,1
484071521,1,1,4,4,1,3
484071522,1,1,1,1,1,2
484071523,1,1,1,4,1,1
484071524,1,1,1,1,1,1
484071525,1,4,4,4,1,1
484071526,1,2,1,1,1,2
484071527,1,3,2,1,1,2
484071528,1,1,1,4,1,1
484071529,1,3,1,1,1,4
484071530,1,1,1,4,2,2
484071531,1,3,4,4,1,3
484071532,1,1,2,4,4,4
484071533,1,4,1,4,1,4
484071534,1,1,1,4,1,1
484071535,1,2,4,3,1,3
484071536,1,2,1,1,1,2
484071537,1,2,1,1,2,1
484071538,1,2,2,2,3,4
484071539,1,3,1,2,1,2
484071540,1,1,1,4,1,2
484071541,1,1,2,1,3,3
484071542,1,1,1,4,1,3
484071543,1,1,1,4,1,4
484071544,1,1,1,4,1,1
484071545,2,3,1,4,1,2
484071546,1,1,1,4,1,3
484071547,1,2,1,3,3,3
484071548,1,2,1,2,1,1
484071549,1,2,2,4,2,1
484071550,1,1,1,4,1,1
484071551,1,1,1,1,4,3
484071552,1,1,1,1,1,1
484071553,1,1,1,4,1,1
484071554,1,4,1,4,1,1
484071555,1,4,1,4,1,1
484071556,1,2,1,1,2,1
484071557,1,3,2,3,2,1
484071558,1,2,1,1,1,2
484071559,1,3,2,4,2,1
484071560,1,3,4,4,1,1
484071561,2,1,1,1,2,3
484071562,1,1,1,1,1,1
484071563,1,3,4,4,1,4
484071564,1,2,3,4,1,4
484071565,1,1,2,4,1,4
484071566,1,2,1,4,1,1
484071567,1,1,1,3,1,1
484071568,1,1,1,2,1,1
484071569,1,3,1,4,1,1
484071570,2,4,2,4,1,1
484071571,1,2,3,1,2,2
484071572,1,1,1,3,1,2
484071573,1,3,3,4,1,1
484071574,1,2,1,2,1,1
484071575,1,1,1,4,1,1
484071576,1,2,3,2,1,2
484071577,1,3,2,4,2,2
484071578,1,1,1,1,1,1
484071579,1,3,2,4,2,2
484071580,1,2,2,4,2,2
484071581,1,1,1,3,1,1
484071582,1,1,1,4,2,2
484071583,1,1,1,2,1,2
484071584,1,1,1,4,1,4
484071585,1,1,1,1,1,1
484071586,1,1,1,4,2,1
484071587,1,1,2,2,2,2
484071588,1,1,2,1,1,1
484071589,1,1,1,2,1,1
484071590,1,1,1,1,1,1
484071591,1,1,1,4,2,1
484071592,1,1,1,4,1,1
484071593,1,1,1,2,2,1
484071594,1,1,3,3,1,1
484071595,1,2,2,4,1,2
484071596,1,1,1,4,1,4
484071597,1,2,2,3,2,3
484071598,1,1,1,4,1,2
484071599,1,3,2,1,1,1
484071600,1,1,2,2,1,3
484071601,1,1,1,3,1,1
484071602,1,3,1,4,1,1
484071603,1,2,1,3,1,1
484071604,1,1,1,1,1,2
484071605,1,3,3,4,4,3
484071606,1,1,1,4,1,4
484071607,1,3,1,4,1,3
484071608,1,2,4,2,2,1
484071609,1,2,1,1,1,1
484071610,1,3,2,4,1,3
484071611,1,4,3,1,2,1
484071612,1,2,3,1,1,4
484071613,1,1,3,4,3,2
484071614,1,1,1,1,1,1
484071615,1,2,1,3,2,2
484071616,1,3,1,4,1,3
484071617,1,2,1,2,1,1
484071618,1,1,3,4,1,1
484071619,1,2,2,3,1,3
484071620,1,2,1,4,1,4
484071621,1,2,3,4,1,1
484071622,2,3,2,2,3,2
484071623,1,1,1,1,1,1
484071624,1,3,1,3,1,2
484071625,1,2,2,2,1,2
484071626,1,2,1,3,3,1
484071627,1,2,2,2,1,1
484071628,1,2,2,4,1,2
484071629,1,2,3,3,1,2
484071630,1,2,2,3,1,2
484071631,1,2,2,3,1,2
484071632,1,3,1,2,1,2
484071633,1,2,1,3,1,2
484071634,1,2,1,4,1,2
484071635,1,2,2,3,1,3
484071636,1,2,3,3,1,2
484071637,1,3,1,3,1,2
484071638,1,3,1,2,1,2
484071639,1,3,1,3,1,1
484071640,1,3,2,3,1,1
484071641,1,1,3,4,1,1
484071642,1,1,1,2,1,1
484071643,1,1,1,2,1,1
484071644,1,2,3,3,3,3
484071645,1,3,1,2,1,1
484071646,1,1,1,1,1,1
484071647,1,1,1,2,1,1
484071648,1,1,1,3,1,1
484071649,1,1,2,2,1,2
484071650,1,3,3,4,1,1
484071651,1,1,2,3,1,1
484071652,1,3,1,3,1,1
484071653,1,1,2,4,1,4
484071654,1,2,3,1,1,1
484071655,1,1,1,4,1,1
484071656,1,1,1,1,1,1
484071657,1,2,2,4,1,2
484071658,1,2,3,3,1,1
484071659,1,2,1,4,1,1
484071660,1,2,2,1,1,1
484071661,1,2,3,1,1,1
484071662,1,2,2,3,1,1
484071663,1,1,1,4,1,1
484071664,1,4,1,2,1,1
484071665,1,4,1,3,1,2
484071666,1,4,1,2,2,1
484071667,1,2,1,2,1,1
484071668,1,3,2,3,1,3
484071669,1,1,2,2,1,1
484071670,1,1,1,1,1,1
484071671,1,3,3,2,1,3
484071672,2,3,1,3,2,1
484071673,1,3,1,3,1,4
484071674,1,2,2,4,2,1
484071675,1,1,1,4,1,1
484071676,1,2,1,3,1,1
484071677,1,1,1,1,1,1
484071678,1,1,1,3,3,2
484071679,1,2,1,3,1,1
484071680,1,1,1,3,4,4
484071681,1,1,1,2,2,3
484071682,1,4,1,4,1,3
484071683,1,2,2,3,1,2
484071684,1,2,2,1,1,1
484071685,1,2,2,3,3,3
484071686,1,2,1,2,2,2
484071687,1,2,2,4,1,1
484071688,1,3,2,3,3,3
484071689,1,1,2,2,1,1
484071690,1,2,1,2,1,2
484071691,1,1,1,2,2,1
484071692,1,1,1,4,2,4
484071693,1,1,2,4,2,2
484071694,1,1,1,2,1,1
484071695,1,1,1,1,1,1
484071696,1,3,3,4,3,3
484071697,1,1,1,4,1,2
484071698,1,3,3,2,2,3
484071699,1,2,2,4,2,3
484071700,1,1,1,2,1,2
484071701,1,2,3,4,2,2
484071702,1,2,2,2,2,3
484071703,1,2,3,4,1,2
484071704,1,2,1,3,3,1
484071705,1,2,3,4,1,1
484071706,1,3,1,3,1,1
484071707,1,2,1,2,2,1
484071708,1,1,1,3,1,1
484071709,1,1,1,4,1,1
484071710,1,1,2,3,4,4
484071711,1,1,1,1,1,1
484071712,1,1,1,1,1,1
484071713,1,1,1,3,3,1
484071714,1,2,3,4,4,4
484071715,1,2,1,4,1,1
484071716,1,1,1,4,1,1
484071717,1,1,1,4,1,3
484071718,1,2,1,4,2,1
484071719,1,2,2,3,1,2
484071720,1,3,1,4,1,1
484071721,1,1,1,3,1,2
484071722,1,1,1,3,3,3
484071723,1,1,1,3,1,2
484071724,1,4,3,4,1,1
484071725,1,3,1,3,1,2
484071726,1,2,1,4,1,1
484071727,1,1,1,1,1,1
484071728,1,2,2,3,1,2
484071729,1,2,2,4,1,2
484071730,1,1,1,4,2,1
484071731,1,4,2,4,1,1
484071732,1,2,1,2,1,2
484071733,1,2,1,3,2,2
484071734,1,2,1,3,1,3
484071735,1,2,1,4,2,1
484071736,1,2,1,1,1,1
484071737,1,1,1,3,1,3
484071738,1,2,1,4,1,2
484071739,1,1,1,2,2,1
484071740,1,1,1,4,1,4
484071741,1,2,1,2,1,1
