D_INTERVIEW,Q122,Q123,Q124,Q125,Q126,Q127,Q128,Q129
51070001,1.0,0.0,0.0,2.0,2.0,2.0,2.0,2.0
51070002,0.0,1.0,2.0,1.0,2.0,0.0,2.0,2.0
51070003,0.0,1.0,0.0,0.0,0.0,0.0,2.0,2.0
51070004,2.0,0.0,2.0,2.0,0.0,2.0,0.0,0.0
51070005,0.0,2.0,2.0,0.0,0.0,2.0,0.0,0.0
51070006,0.0,0.0,1.0,0.0,2.0,2.0,2.0,2.0
51070007,0.0,0.0,0.0,0.0,1.0,0.0,2.0,2.0
51070008,0.0,2.0,0.0,0.0,0.0,2.0,0.0,2.0
51070009,0.0,2.0,0.0,0.0,0.0,0.0,2.0,0.0
51070010,2.0,2.0,2.0,2.0,2.0,0.0,0.0,2.0
51070011,0.0,2.0,2.0,2.0,0.0,2.0,2.0,2.0
51070012,2.0,2.0,2.0,2.0,2.0,2.0,2.0,2.0
51070013,2.0,2.0,0.0,0.0,2.0,0.0,1.0,0.0
51070014,0.0,2.0,0.0,0.0,0.0,0.0,2.0,2.0
51070015,0.0,0.0,2.0,0.0,2.0,0.0,2.0,2.0
51070016,0.0,2.0,1.0,2.0,0.0,2.0,2.0,2.0
51070017,0.0,0.0,2.0,1.0,2.0,0.0,2.0,2.0
51070018,2.0,2.0,2.0,0.0,2.0,0.0,2.0,0.0
51070019,2.0,0.0,0.0,0.0,0.0,2.0,0.0,0.0
51070020,0.0,2.0,0.0,0.0,2.0,0.0,0.0,0.0
51070021,2.0,2.0,0.0,0.0,2.0,2.0,2.0,0.0
51070022,2.0,2.0,0.0,0.0,2.0,0.0,2.0,2.0
51070023,0.0,2.0,1.0,0.0,1.0,0.0,2.0,2.0
51070024,0.0,1.0,2.0,2.0,2.0,2.0,2.0,2.0
51070025,0.0,2.0,0.0,0.0,0.0,2.0,2.0,2.0
51070026,0.0,2.0,0.0,0.0,2.0,0.0,2.0,2.0
51070027,0.0,0.0,2.0,1.0,2.0,1.0,2.0,2.0
51070028,0.0,0.0,1.0,0.0,0.0,0.0,2.0,2.0
51070029,2.0,0.0,2.0,1.0,2.0,2.0,2.0,2.0
51070030,0.0,0.0,2.0,0.0,2.0,2.0,2.0,0.0
51070031,0.0,2.0,0.0,0.0,0.0,0.0,2.0,0.0
51070032,2.0,0.0,2.0,2.0,2.0,0.0,2.0,0.0
51070033,0.0,2.0,2.0,1.0,2.0,1.0,2.0,2.0
51070034,2.0,2.0,1.0,1.0,1.0,1.0,1.0,1.0
51070035,0.0,1.0,2.0,2.0,2.0,2.0,2.0,2.0
51070036,0.0,1.0,2.0,2.0,2.0,2.0,2.0,2.0
51070037,0.0,0.0,2.0,1.0,2.0,0.0,2.0,2.0
51070038,1.0,2.0,0.0,0.0,0.0,2.0,2.0,2.0
51070039,0.0,0.0,0.0,0.0,2.0,2.0,2.0,2.0
51070040,1.0,1.0,0.0,1.0,2.0,2.0,1.0,2.0
51070041,0.0,2.0,2.0,2.0,2.0,2.0,2.0,2.0
51070042,0.0,0.0,2.0,2.0,2.0,2.0,0.0,2.0
51070043,0.0,2.0,0.0,0.0,0.0,0.0,2.0,0.0
51070044,0.0,2.0,0.0,2.0,0.0,0.0,0.0,0.0
51070045,2.0,2.0,0.0,2.0,0.0,2.0,0.0,0.0
51070046,2.0,1.0,2.0,2.0,2.0,2.0,2.0,2.0
51070047,2.0,0.0,2.0,2.0,2.0,0.0,0.0,0.0
51070048,2.0,2.0,2.0,2.0,2.0,0.0,0.0,0.0
51070049,0.0,2.0,2.0,2.0,0.0,0.0,0.0,2.0
51070050,0.0,2.0,0.0,2.0,0.0,2.0,2.0,2.0
51070051,0.0,0.0,0.0,1.0,2.0,2.0,2.0,2.0
51070052,0.0,2.0,2.0,2.0,2.0,2.0,2.0,2.0
51070053,0.0,2.0,0.0,0.0,0.0,0.0,2.0,0.0
51070054,0.0,2.0,0.0,0.0,0.0,2.0,0.0,0.0
51070055,2.0,2.0,0.0,0.0,0.0,2.0,2.0,2.0
51070056,0.0,2.0,0.0,2.0,2.0,0.0,2.0,2.0
51070057,0.0,0.0,0.0,2.0,0.0,0.0,0.0,0.0
51070058,2.0,2.0,0.0,0.0,0.0,2.0,0.0,2.0
51070059,2.0,2.0,2.0,1.0,2.0,0.0,2.0,2.0
51070060,2.0,2.0,2.0,0.0,0.0,2.0,0.0,0.0
51070061,2.0,2.0,2.0,1.0,2.0,0.0,2.0,2.0
51070062,0.0,2.0,0.0,2.0,0.0,0.0,2.0,2.0
51070063,2.0,2.0,0.0,0.0,2.0,2.0,2.0,2.0
51070064,0.0,0.0,2.0,2.0,2.0,0.0,2.0,2.0
51070065,2.0,2.0,2.0,1.0,2.0,2.0,2.0,2.0
51070066,0.0,0.0,2.0,1.0,0.0,2.0,2.0,2.0
51070067,0.0,0.0,2.0,2.0,0.0,2.0,2.0,2.0
51070068,2.0,0.0,2.0,0.0,0.0,2.0,0.0,0.0
51070069,2.0,2.0,1.0,0.0,0.0,0.0,2.0,0.0
51070070,0.0,2.0,2.0,2.0,2.0,0.0,0.0,0.0
51070071,0.0,0.0,2.0,2.0,2.0,0.0,2.0,2.0
51070072,2.0,2.0,0.0,0.0,1.0,0.0,2.0,2.0
51070073,0.0,0.0,0.0,2.0,0.0,0.0,2.0,0.0
51070074,0.0,0.0,0.0,0.0,0.0,0.0,2.0,2.0
51070075,0.0,2.0,0.0,0.0,0.0,2.0,0.0,0.0
51070076,0.0,2.0,1.0,0.0,0.0,2.0,2.0,0.0
51070077,2.0,2.0,0.0,2.0,0.0,2.0,0.0,2.0
51070078,2.0,2.0,2.0,2.0,2.0,0.0,2.0,2.0
51070079,0.0,0.0,1.0,2.0,0.0,2.0,2.0,0.0
51070080,2.0,2.0,1.0,2.0,0.0,0.0,2.0,2.0
51070081,2.0,2.0,0.0,2.0,2.0,2.0,2.0,2.0
51070082,2.0,2.0,2.0,1.0,2.0,2.0,1.0,1.0
51070083,0.0,0.0,2.0,2.0,0.0,2.0,2.0,2.0
51070084,2.0,2.0,0.0,2.0,2.0,1.0,2.0,1.0
51070085,2.0,2.0,0.0,2.0,0.0,1.0,0.0,0.0
51070086,0.0,0.0,0.0,2.0,0.0,1.0,0.0,0.0
51070087,1.0,2.0,0.0,1.0,0.0,0.0,2.0,2.0
51070088,0.0,2.0,2.0,1.0,2.0,2.0,2.0,2.0
51070089,0.0,2.0,2.0,0.0,2.0,0.0,2.0,2.0
51070090,0.0,2.0,0.0,0.0,2.0,0.0,2.0,2.0
51070091,0.0,2.0,2.0,2.0,2.0,0.0,2.0,2.0
51070092,2.0,2.0,0.0,2.0,0.0,2.0,0.0,2.0
51070093,2.0,2.0,0.0,0.0,0.0,1.0,0.0,0.0
51070094,2.0,2.0,0.0,2.0,0.0,2.0,0.0,2.0
51070095,0.0,2.0,2.0,2.0,2.0,2.0,0.0,2.0
51070096,0.0,2.0,2.0,2.0,2.0,2.0,2.0,2.0
51070097,0.0,2.0,2.0,2.0,2.0,2.0,2.0,2.0
51070098,1.0,2.0,2.0,2.0,2.0,2.0,2.0,2.0
51070099,2.0,2.0,0.0,2.0,0.0,2.0,0.0,0.0
51070100,2.0,2.0,2.0,0.0,0.0,0.0,0.0,0.0
51070101,2.0,2.0,0.0,2.0,2.0,2.0,2.0,2.0
51070102,1.0,2.0,0.0,1.0,2.0,2.0,2.0,2.0
51070103,0.0,0.0,2.0,0.0,2.0,0.0,2.0,1.0
51070104,1.0,2.0,0.0,2.0,0.0,2.0,0.0,0.0
51070105,0.0,0.0,2.0,0.0,0.0,0.0,0.0,0.0
51070106,0.0,0.0,2.0,2.0,2.0,2.0,2.0,2.0
51070107,1.0,1.0,1.0,1.0,0.0,0.0,2.0,0.0
51070108,2.0,2.0,2.0,2.0,2.0,2.0,2.0,2.0
51070109,0.0,1.0,2.0,2.0,2.0,2.0,2.0,2.0
51070110,0.0,0.0,0.0,0.0,0.0,0.0,0.0,0.0
51070111,2.0,2.0,0.0,0.0,2.0,0.0,2.0,0.0
51070112,2.0,2.0,2.0,1.0,0.0,2.0,2.0,0.0
51070113,0.0,0.0,0.0,2.0,1.0,2.0,2.0,2.0
51070114,2.0,2.0,0.0,1.0,1.0,2.0,0.0,0.0
51070115,2.0,2.0,0.0,0.0,0.0,0.0,2.0,2.0
51070116,2.0,2.0,2.0,2.0,0.0,2.0,0.0,0.0
51070117,0.0,0.0,2.0,2.0,2.0,0.0,2.0,2.0
51070118,2.0,2.0,2.0,0.0,1.0,0.0,2.0,1.0
51070119,2.0,0.0,2.0,2.0,0.0,0.0,2.0,2.0
51070120,2.0,0.0,0.0,2.0,2.0,2.0,2.0,2.0
51070121,0.0,2.0,2.0,2.0,2.0,2.0,2.0,2.0
51070122,0.0,0.0,2.0,0.0,2.0,0.0,0.0,2.0
51070123,0.0,0.0,2.0,0.0,0.0,0.0,2.0,2.0
51070124,2.0,2.0,0.0,2.0,2.0,2.0,2.0,2.0
51070125,2.0,2.0,0.0,0.0,0.0,2.0,0.0,0.0
51070126,0.0,2.0,0.0,2.0,0.0,2.0,2.0,1.0
51070127,0.0,0.0,2.0,2.0,2.0,2.0,1.0,2.0
51070128,2.0,2.0,0.0,2.0,2.0,1.0,2.0,2.0
51070129,2.0,2.0,2.0,2.0,2.0,0.0,2.0,2.0
51070130,0.0,0.0,2.0,0.0,0.0,2.0,0.0,0.0
51070131,2.0,2.0,2.0,2.0,2.0,2.0,2.0,2.0
51070132,2.0,0.0,2.0,0.0,0.0,0.0,2.0,2.0
51070133,0.0,0.0,0.0,2.0,0.0,2.0,2.0,2.0
51070134,0.0,2.0,2.0,0.0,0.0,0.0,2.0,2.0
51070135,0.0,2.0,0.0,2.0,2.0,2.0,2.0,2.0
51070136,2.0,2.0,0.0,0.0,1.0,2.0,1.0,0.0
51070137,2.0,0.0,1.0,0.0,0.0,0.0,0.0,0.0
51070138,2.0,2.0,0.0,0.0,0.0,2.0,2.0,0.0
51070139,0.0,0.0,2.0,2.0,0.0,2.0,2.0,2.0
51070140,0.0,0.0,2.0,2.0,2.0,2.0,2.0,2.0
51070141,0.0,0.0,2.0,0.0,2.0,2.0,2.0,2.0
51070142,0.0,0.0,2.0,0.0,2.0,0.0,2.0,2.0
51070143,0.0,2.0,0.0,0.0,0.0,2.0,0.0,0.0
51070144,2.0,2.0,0.0,2.0,0.0,2.0,0.0,0.0
51070145,0.0,0.0,2.0,0.0,2.0,0.0,2.0,2.0
51070146,2.0,0.0,2.0,0.0,0.0,2.0,0.0,0.0
51070147,1.0,2.0,2.0,2.0,2.0,0.0,2.0,0.0
51070148,2.0,2.0,0.0,2.0,0.0,2.0,0.0,0.0
51070149,2.0,0.0,0.0,2.0,0.0,0.0,2.0,2.0
51070150,0.0,2.0,2.0,2.0,0.0,1.0,0.0,0.0
51070151,2.0,2.0,1.0,2.0,2.0,1.0,2.0,1.0
51070152,2.0,2.0,2.0,0.0,2.0,1.0,2.0,2.0
51070153,0.0,2.0,2.0,2.0,2.0,2.0,2.0,2.0
51070154,1.0,0.0,1.0,0.0,2.0,0.0,2.0,2.0
51070155,0.0,0.0,2.0,0.0,2.0,2.0,2.0,2.0
51070156,0.0,2.0,0.0,2.0,0.0,2.0,0.0,0.0
51070157,2.0,2.0,2.0,2.0,2.0,1.0,2.0,2.0
51070158,2.0,0.0,0.0,0.0,0.0,0.0,0.0,0.0
51070159,0.0,2.0,0.0,0.0,0.0,0.0,0.0,0.0
51070160,0.0,0.0,2.0,0.0,0.0,2.0,0.0,0.0
51070161,2.0,0.0,0.0,0.0,0.0,0.0,0.0,2.0
51070162,0.0,0.0,2.0,0.0,0.0,2.0,0.0,0.0
51070163,0.0,0.0,0.0,0.0,0.0,0.0,0.0,0.0
51070164,2.0,2.0,2.0,2.0,2.0,0.0,2.0,2.0
51070165,2.0,2.0,0.0,0.0,0.0,2.0,0.0,0.0
51070166,0.0,2.0,0.0,2.0,0.0,0.0,0.0,0.0
51070167,2.0,0.0,0.0,2.0,2.0,2.0,2.0,2.0
51070168,2.0,2.0,2.0,2.0,2.0,2.0,2.0,2.0
51070169,0.0,0.0,2.0,2.0,2.0,2.0,2.0,2.0
51070170,2.0,2.0,1.0,0.0,2.0,0.0,2.0,2.0
51070171,2.0,2.0,2.0,2.0,0.0,0.0,0.0,0.0
51070172,2.0,2.0,2.0,2.0,2.0,2.0,2.0,2.0
51070173,2.0,2.0,0.0,0.0,0.0,2.0,0.0,0.0
51070174,0.0,1.0,1.0,2.0,1.0,0.0,0.0,0.0
51070175,2.0,2.0,2.0,2.0,2.0,2.0,2.0,2.0
51070176,0.0,0.0,2.0,2.0,2.0,1.0,2.0,2.0
51070177,2.0,2.0,0.0,2.0,2.0,2.0,2.0,2.0
51070178,2.0,2.0,2.0,2.0,2.0,2.0,2.0,2.0
51070179,2.0,2.0,2.0,2.0,2.0,0.0,2.0,2.0
51070180,2.0,1.0,0.0,1.0,2.0,2.0,2.0,2.0
51070181,0.0,2.0,1.0,2.0,2.0,0.0,2.0,2.0
51070182,0.0,0.0,2.0,2.0,2.0,2.0,2.0,2.0
51070183,2.0,2.0,1.0,0.0,2.0,2.0,2.0,2.0
51070184,0.0,0.0,0.0,0.0,0.0,2.0,0.0,0.0
51070185,2.0,2.0,0.0,0.0,0.0,2.0,0.0,0.0
51070186,2.0,1.0,2.0,0.0,2.0,0.0,2.0,2.0
51070187,0.0,2.0,2.0,2.0,2.0,2.0,2.0,2.0
51070188,0.0,2.0,0.0,2.0,0.0,2.0,0.0,2.0
51070189,0.0,0.0,2.0,0.0,0.0,0.0,2.0,2.0
51070190,2.0,2.0,0.0,0.0,0.0,0.0,0.0,0.0
51070191,0.0,2.0,2.0,2.0,2.0,2.0,2.0,2.0
51070192,2.0,2.0,2.0,0.0,2.0,2.0,2.0,2.0
51070193,2.0,2.0,0.0,0.0,0.0,2.0,0.0,0.0
51070194,2.0,1.0,1.0,1.0,2.0,1.0,0.0,1.0
51070195,0.0,0.0,0.0,0.0,0.0,0.0,0.0,0.0
51070196,0.0,0.0,0.0,0.0,0.0,0.0,2.0,1.0
51070197,0.0,1.0,2.0,0.0,2.0,2.0,1.0,0.0
51070198,2.0,2.0,2.0,2.0,2.0,2.0,2.0,2.0
51070199,2.0,2.0,2.0,1.0,2.0,2.0,0.0,0.0
51070200,0.0,2.0,2.0,2.0,0.0,0.0,2.0,2.0
51070201,0.0,2.0,0.0,1.0,0.0,2.0,0.0,0.0
51070202,2.0,2.0,2.0,2.0,2.0,2.0,2.0,2.0
51070203,0.0,0.0,2.0,0.0,2.0,0.0,2.0,2.0
51070204,0.0,0.0,2.0,0.0,0.0,0.0,0.0,0.0
51070205,2.0,2.0,2.0,2.0,2.0,0.0,2.0,2.0
51070206,2.0,2.0,2.0,2.0,2.0,0.0,2.0,2.0
51070207,0.0,2.0,0.0,0.0,0.0,0.0,2.0,2.0
51070208,2.0,2.0,2.0,2.0,2.0,2.0,2.0,2.0
51070209,0.0,1.0,0.0,1.0,2.0,1.0,2.0,1.0
51070210,2.0,0.0,2.0,1.0,2.0,2.0,0.0,1.0
51070211,0.0,0.0,0.0,0.0,1.0,0.0,2.0,2.0
51070212,0.0,0.0,2.0,2.0,2.0,0.0,2.0,2.0
51070213,2.0,2.0,1.0,0.0,2.0,2.0,2.0,2.0
51070214,0.0,0.0,2.0,2.0,0.0,0.0,2.0,2.0
51070215,2.0,0.0,2.0,2.0,0.0,0.0,2.0,2.0
51070216,2.0,2.0,2.0,0.0,2.0,2.0,2.0,2.0
51070217,2.0,2.0,1.0,2.0,0.0,0.0,2.0,2.0
51070218,2.0,2.0,2.0,2.0,2.0,0.0,0.0,2.0
51070219,1.0,0.0,2.0,0.0,2.0,1.0,2.0,1.0
51070220,0.0,2.0,2.0,1.0,2.0,0.0,2.0,2.0
51070221,0.0,1.0,2.0,2.0,2.0,1.0,2.0,2.0
51070222,2.0,2.0,0.0,1.0,0.0,2.0,0.0,0.0
51070223,2.0,2.0,2.0,0.0,0.0,2.0,2.0,2.0
51070224,2.0,2.0,2.0,2.0,2.0,2.0,2.0,2.0
51070225,1.0,1.0,1.0,2.0,1.0,1.0,2.0,1.0
51070226,2.0,2.0,2.0,2.0,2.0,1.0,2.0,2.0
51070227,0.0,0.0,2.0,1.0,2.0,0.0,2.0,1.0
51070228,2.0,0.0,0.0,0.0,0.0,2.0,0.0,0.0
51070229,2.0,1.0,2.0,2.0,2.0,2.0,2.0,2.0
51070230,2.0,2.0,2.0,2.0,2.0,0.0,2.0,2.0
51070231,2.0,2.0,0.0,2.0,0.0,1.0,2.0,2.0
51070232,2.0,2.0,0.0,1.0,1.0,0.0,0.0,2.0
51070233,2.0,2.0,1.0,1.0,1.0,2.0,1.0,1.0
51070234,2.0,2.0,0.0,2.0,0.0,2.0,2.0,2.0
51070235,2.0,2.0,2.0,2.0,2.0,2.0,2.0,2.0
51070236,0.0,2.0,2.0,2.0,2.0,0.0,2.0,2.0
51070237,2.0,2.0,0.0,2.0,0.0,0.0,0.0,1.0
51070238,2.0,2.0,0.0,2.0,0.0,2.0,0.0,0.0
51070239,0.0,2.0,2.0,1.0,2.0,0.0,2.0,1.0
51070240,2.0,2.0,2.0,2.0,2.0,1.0,2.0,2.0
51070241,2.0,0.0,2.0,2.0,2.0,0.0,2.0,2.0
51070242,1.0,0.0,2.0,1.0,2.0,0.0,2.0,2.0
51070243,2.0,2.0,0.0,1.0,2.0,0.0,0.0,0.0
51070244,2.0,2.0,2.0,2.0,2.0,0.0,2.0,2.0
51070245,2.0,2.0,0.0,2.0,0.0,2.0,0.0,0.0
51070246,2.0,2.0,0.0,2.0,0.0,2.0,0.0,2.0
51070247,1.0,2.0,1.0,2.0,2.0,2.0,2.0,2.0
51070248,0.0,0.0,2.0,2.0,2.0,2.0,2.0,2.0
51070249,1.0,2.0,2.0,1.0,2.0,0.0,2.0,2.0
51070250,2.0,0.0,0.0,1.0,1.0,1.0,1.0,1.0
51070251,0.0,0.0,2.0,2.0,2.0,2.0,2.0,2.0
51070252,2.0,2.0,0.0,0.0,2.0,0.0,2.0,2.0
51070253,1.0,2.0,0.0,2.0,2.0,0.0,2.0,0.0
51070254,0.0,2.0,0.0,0.0,0.0,0.0,0.0,0.0
51070255,2.0,2.0,0.0,2.0,2.0,0.0,2.0,2.0
51070256,2.0,0.0,0.0,2.0,1.0,2.0,2.0,2.0
51070257,2.0,0.0,2.0,2.0,0.0,0.0,0.0,0.0
51070258,2.0,2.0,0.0,2.0,2.0,2.0,2.0,2.0
51070259,0.0,0.0,2.0,1.0,2.0,2.0,2.0,2.0
51070260,2.0,2.0,2.0,2.0,0.0,0.0,2.0,2.0
51070261,2.0,0.0,2.0,0.0,2.0,0.0,2.0,2.0
51070262,2.0,2.0,2.0,2.0,0.0,0.0,2.0,2.0
51070263,2.0,2.0,2.0,2.0,2.0,2.0,2.0,0.0
51070264,2.0,2.0,2.0,0.0,2.0,2.0,2.0,2.0
51070265,2.0,0.0,0.0,2.0,2.0,0.0,0.0,0.0
51070266,0.0,0.0,0.0,0.0,0.0,2.0,2.0,2.0
51070267,2.0,2.0,2.0,2.0,2.0,2.0,2.0,2.0
51070268,2.0,0.0,2.0,2.0,2.0,0.0,2.0,2.0
51070269,2.0,2.0,0.0,2.0,2.0,2.0,2.0,2.0
51070270,2.0,2.0,0.0,2.0,2.0,2.0,2.0,0.0
51070271,2.0,0.0,2.0,0.0,2.0,2.0,2.0,2.0
51070272,0.0,0.0,2.0,0.0,2.0,2.0,0.0,2.0
51070273,0.0,2.0,2.0,2.0,2.0,0.0,2.0,2.0
51070274,2.0,1.0,1.0,2.0,1.0,2.0,2.0,2.0
51070275,1.0,2.0,2.0,2.0,2.0,2.0,0.0,2.0
51070276,0.0,0.0,2.0,0.0,0.0,0.0,2.0,2.0
51070277,0.0,2.0,2.0,0.0,2.0,0.0,2.0,1.0
51070278,0.0,0.0,2.0,2.0,0.0,1.0,0.0,1.0
51070279,2.0,2.0,2.0,2.0,2.0,2.0,2.0,2.0
51070280,2.0,2.0,2.0,2.0,2.0,2.0,2.0,2.0
51070281,2.0,0.0,2.0,2.0,2.0,0.0,2.0,2.0
51070282,0.0,0.0,2.0,0.0,0.0,2.0,0.0,0.0
51070283,0.0,2.0,0.0,0.0,0.0,0.0,2.0,0.0
51070284,2.0,2.0,1.0,0.0,0.0,1.0,2.0,0.0
51070285,1.0,1.0,1.0,1.0,0.0,1.0,1.0,1.0
51070286,1.0,1.0,2.0,0.0,0.0,0.0,2.0,2.0
51070287,0.0,0.0,2.0,2.0,2.0,2.0,2.0,0.0
51070288,2.0,2.0,0.0,1.0,0.0,2.0,2.0,0.0
51070289,1.0,1.0,1.0,2.0,2.0,2.0,2.0,2.0
51070290,2.0,2.0,2.0,0.0,1.0,1.0,2.0,2.0
51070291,1.0,2.0,0.0,1.0,1.0,0.0,0.0,1.0
51070292,2.0,0.0,2.0,2.0,2.0,2.0,2.0,2.0
51070293,2.0,1.0,1.0,2.0,1.0,0.0,0.0,0.0
51070294,1.0,2.0,0.0,0.0,2.0,2.0,0.0,0.0
51070295,2.0,2.0,0.0,0.0,0.0,2.0,0.0,0.0
51070296,0.0,2.0,0.0,2.0,0.0,1.0,0.0,0.0
51070297,1.0,2.0,2.0,2.0,2.0,2.0,1.0,2.0
51070298,1.0,1.0,1.0,2.0,2.0,1.0,2.0,2.0
51070299,0.0,2.0,1.0,1.0,0.0,2.0,0.0,1.0
51070300,0.0,0.0,0.0,0.0,2.0,0.0,0.0,0.0
51070301,2.0,2.0,0.0,2.0,0.0,0.0,0.0,2.0
51070302,0.0,0.0,2.0,2.0,2.0,2.0,2.0,2.0
51070303,0.0,0.0,0.0,0.0,0.0,2.0,2.0,0.0
51070304,2.0,0.0,2.0,2.0,2.0,2.0,2.0,2.0
51070305,2.0,2.0,0.0,0.0,2.0,0.0,0.0,2.0
51070306,2.0,0.0,2.0,2.0,2.0,2.0,2.0,2.0
51070307,0.0,2.0,2.0,1.0,2.0,2.0,2.0,2.0
51070308,2.0,2.0,0.0,2.0,0.0,0.0,2.0,0.0
51070309,0.0,1.0,2.0,0.0,1.0,2.0,1.0,0.0
51070310,0.0,2.0,2.0,2.0,2.0,0.0,2.0,2.0
51070311,1.0,1.0,1.0,1.0,2.0,1.0,1.0,2.0
51070312,0.0,0.0,0.0,1.0,2.0,2.0,2.0,0.0
51070313,2.0,2.0,0.0,0.0,0.0,0.0,0.0,0.0
51070314,0.0,0.0,2.0,1.0,1.0,2.0,0.0,0.0
51070315,0.0,2.0,0.0,1.0,1.0,0.0,2.0,2.0
51070316,2.0,2.0,0.0,2.0,0.0,2.0,0.0,0.0
51070317,2.0,2.0,0.0,0.0,0.0,2.0,0.0,0.0
51070318,2.0,2.0,0.0,2.0,2.0,1.0,2.0,2.0
51070319,2.0,2.0,0.0,2.0,0.0,2.0,2.0,2.0
51070320,0.0,2.0,0.0,2.0,2.0,2.0,2.0,2.0
51070321,0.0,2.0,0.0,2.0,0.0,2.0,0.0,0.0
51070322,0.0,2.0,0.0,2.0,2.0,2.0,2.0,2.0
51070323,2.0,0.0,0.0,1.0,2.0,0.0,2.0,1.0
51070324,0.0,0.0,1.0,1.0,1.0,2.0,0.0,0.0
51070325,2.0,0.0,2.0,1.0,2.0,0.0,2.0,2.0
51070326,2.0,2.0,0.0,0.0,0.0,0.0,0.0,0.0
51070327,0.0,2.0,2.0,2.0,0.0,0.0,0.0,0.0
51070328,0.0,2.0,1.0,0.0,2.0,2.0,2.0,2.0
51070329,0.0,0.0,0.0,0.0,0.0,2.0,0.0,0.0
51070330,2.0,2.0,1.0,2.0,2.0,2.0,2.0,2.0
51070331,0.0,2.0,2.0,1.0,2.0,2.0,0.0,0.0
51070332,0.0,2.0,0.0,0.0,2.0,2.0,0.0,0.0
51070333,2.0,2.0,2.0,2.0,2.0,2.0,2.0,2.0
51070334,0.0,0.0,2.0,2.0,2.0,0.0,2.0,2.0
51070335,0.0,2.0,0.0,0.0,0.0,0.0,0.0,0.0
51070336,2.0,2.0,0.0,0.0,0.0,2.0,2.0,2.0
51070337,2.0,2.0,0.0,2.0,0.0,2.0,0.0,0.0
51070338,0.0,2.0,0.0,2.0,2.0,0.0,2.0,2.0
51070339,0.0,2.0,0.0,0.0,0.0,2.0,2.0,2.0
51070340,0.0,0.0,2.0,1.0,2.0,2.0,2.0,2.0
51070341,2.0,0.0,2.0,2.0,2.0,2.0,2.0,2.0
51070342,2.0,2.0,0.0,1.0,0.0,2.0,0.0,0.0
51070343,0.0,2.0,0.0,2.0,0.0,2.0,2.0,2.0
51070344,2.0,2.0,0.0,2.0,0.0,1.0,0.0,0.0
51070345,2.0,2.0,2.0,2.0,0.0,0.0,0.0,0.0
51070346,2.0,0.0,0.0,2.0,0.0,2.0,2.0,2.0
51070347,2.0,2.0,2.0,0.0,0.0,0.0,2.0,2.0
51070348,1.0,0.0,2.0,1.0,2.0,0.0,2.0,2.0
51070349,0.0,1.0,1.0,0.0,0.0,2.0,0.0,0.0
51070350,0.0,0.0,2.0,0.0,2.0,0.0,2.0,0.0
51070351,0.0,0.0,0.0,0.0,0.0,0.0,0.0,0.0
51070352,2.0,2.0,2.0,2.0,2.0,2.0,2.0,2.0
51070353,2.0,2.0,2.0,2.0,2.0,2.0,2.0,2.0
51070354,2.0,0.0,2.0,2.0,2.0,0.0,2.0,2.0
51070355,2.0,0.0,2.0,2.0,2.0,2.0,2.0,2.0
51070356,2.0,2.0,2.0,2.0,2.0,0.0,2.0,0.0
51070357,2.0,2.0,2.0,0.0,2.0,2.0,2.0,2.0
51070358,2.0,0.0,2.0,0.0,2.0,0.0,2.0,2.0
51070359,0.0,2.0,0.0,2.0,0.0,0.0,0.0,0.0
51070360,2.0,2.0,2.0,0.0,2.0,2.0,2.0,2.0
51070361,2.0,2.0,2.0,2.0,1.0,1.0,2.0,1.0
51070362,1.0,1.0,1.0,1.0,1.0,1.0,2.0,1.0
51070363,1.0,2.0,1.0,2.0,1.0,2.0,0.0,0.0
51070364,2.0,0.0,0.0,0.0,0.0,2.0,2.0,0.0
51070365,2.0,2.0,2.0,2.0,2.0,0.0,2.0,2.0
51070366,2.0,2.0,2.0,2.0,2.0,2.0,2.0,2.0
51070367,0.0,0.0,2.0,2.0,2.0,0.0,2.0,2.0
51070368,2.0,1.0,2.0,2.0,2.0,2.0,2.0,0.0
51070369,0.0,1.0,1.0,2.0,0.0,0.0,1.0,2.0
51070370,1.0,2.0,0.0,1.0,1.0,2.0,1.0,1.0
51070371,0.0,1.0,1.0,2.0,2.0,1.0,0.0,1.0
51070372,2.0,2.0,0.0,2.0,2.0,0.0,0.0,2.0
51070373,2.0,0.0,0.0,0.0,0.0,2.0,2.0,0.0
51070374,0.0,2.0,2.0,2.0,2.0,0.0,0.0,1.0
51070375,0.0,2.0,2.0,2.0,2.0,2.0,2.0,2.0
51070376,0.0,2.0,0.0,0.0,2.0,0.0,0.0,2.0
51070377,2.0,2.0,1.0,0.0,2.0,2.0,2.0,2.0
51070378,0.0,2.0,0.0,0.0,0.0,0.0,2.0,2.0
51070379,2.0,0.0,2.0,2.0,2.0,2.0,2.0,0.0
51070380,2.0,2.0,0.0,0.0,2.0,2.0,2.0,2.0
51070381,2.0,2.0,2.0,0.0,2.0,2.0,0.0,0.0
51070382,2.0,1.0,2.0,2.0,2.0,1.0,1.0,1.0
51070383,2.0,2.0,0.0,0.0,0.0,0.0,2.0,2.0
51070384,2.0,0.0,2.0,2.0,2.0,0.0,2.0,2.0
51070385,1.0,1.0,0.0,1.0,2.0,1.0,1.0,1.0
51070386,0.0,2.0,2.0,2.0,2.0,1.0,2.0,2.0
51070387,0.0,2.0,0.0,0.0,0.0,0.0,2.0,0.0
51070388,0.0,2.0,2.0,2.0,2.0,1.0,2.0,2.0
51070389,0.0,2.0,0.0,0.0,0.0,2.0,0.0,0.0
51070390,2.0,1.0,0.0,1.0,2.0,0.0,2.0,2.0
51070391,2.0,1.0,2.0,0.0,2.0,2.0,2.0,2.0
51070392,1.0,1.0,1.0,1.0,2.0,0.0,0.0,0.0
51070393,0.0,0.0,2.0,0.0,2.0,0.0,2.0,2.0
51070394,2.0,2.0,0.0,2.0,2.0,2.0,2.0,2.0
51070395,2.0,2.0,0.0,2.0,0.0,0.0,0.0,0.0
51070396,2.0,2.0,0.0,0.0,0.0,2.0,0.0,0.0
51070397,2.0,2.0,0.0,0.0,0.0,2.0,2.0,2.0
51070398,2.0,2.0,0.0,0.0,0.0,0.0,0.0,0.0
51070399,0.0,0.0,0.0,2.0,0.0,0.0,0.0,0.0
51070400,2.0,0.0,2.0,2.0,2.0,0.0,0.0,2.0
51070401,0.0,2.0,0.0,0.0,0.0,0.0,0.0,1.0
51070402,2.0,2.0,2.0,1.0,2.0,0.0,1.0,1.0
51070403,0.0,2.0,2.0,2.0,2.0,0.0,2.0,2.0
51070404,0.0,2.0,0.0,2.0,0.0,2.0,2.0,0.0
51070405,2.0,2.0,2.0,2.0,1.0,2.0,0.0,2.0
51070406,2.0,2.0,0.0,0.0,0.0,0.0,0.0,2.0
51070407,0.0,0.0,0.0,2.0,0.0,0.0,0.0,2.0
51070408,2.0,2.0,2.0,2.0,2.0,2.0,2.0,0.0
51070409,0.0,2.0,2.0,2.0,2.0,2.0,2.0,2.0
51070410,0.0,2.0,0.0,1.0,1.0,1.0,0.0,1.0
51070411,0.0,2.0,0.0,2.0,0.0,2.0,0.0,0.0
51070412,1.0,2.0,0.0,0.0,0.0,0.0,2.0,2.0
51070413,0.0,0.0,2.0,2.0,2.0,0.0,2.0,2.0
51070414,1.0,1.0,1.0,1.0,0.0,0.0,1.0,0.0
51070415,0.0,2.0,0.0,2.0,2.0,2.0,2.0,2.0
51070416,2.0,2.0,2.0,0.0,2.0,1.0,2.0,2.0
51070417,0.0,2.0,2.0,1.0,2.0,0.0,2.0,2.0
51070418,0.0,0.0,0.0,0.0,0.0,0.0,0.0,0.0
51070419,2.0,2.0,2.0,2.0,2.0,0.0,2.0,2.0
51070420,2.0,2.0,2.0,1.0,2.0,2.0,2.0,2.0
51070421,0.0,2.0,0.0,2.0,0.0,0.0,0.0,0.0
51070422,2.0,2.0,2.0,2.0,2.0,2.0,2.0,2.0
51070423,0.0,2.0,0.0,0.0,0.0,2.0,2.0,2.0
51070424,2.0,0.0,2.0,2.0,0.0,2.0,2.0,2.0
51070425,0.0,0.0,2.0,2.0,2.0,0.0,2.0,2.0
51070426,0.0,0.0,2.0,0.0,2.0,0.0,0.0,2.0
51070427,2.0,1.0,1.0,2.0,2.0,0.0,0.0,2.0
51070428,2.0,1.0,0.0,1.0,0.0,0.0,1.0,1.0
51070429,0.0,0.0,0.0,0.0,2.0,0.0,2.0,2.0
51070430,2.0,2.0,2.0,2.0,0.0,2.0,0.0,0.0
51070431,2.0,0.0,2.0,0.0,2.0,0.0,2.0,2.0
51070432,0.0,0.0,2.0,0.0,2.0,2.0,0.0,2.0
51070433,0.0,2.0,2.0,0.0,0.0,0.0,2.0,1.0
51070434,2.0,2.0,0.0,1.0,0.0,0.0,2.0,0.0
51070435,0.0,2.0,2.0,0.0,2.0,2.0,2.0,2.0
51070436,2.0,0.0,0.0,2.0,1.0,1.0,1.0,1.0
51070437,2.0,2.0,2.0,0.0,0.0,0.0,2.0,0.0
51070438,0.0,0.0,1.0,1.0,1.0,0.0,2.0,0.0
51070439,0.0,2.0,0.0,0.0,0.0,0.0,0.0,0.0
51070440,2.0,0.0,1.0,0.0,0.0,0.0,1.0,0.0
51070441,2.0,2.0,1.0,0.0,0.0,2.0,2.0,0.0
51070442,1.0,0.0,1.0,0.0,2.0,1.0,2.0,2.0
51070443,2.0,2.0,0.0,1.0,2.0,2.0,0.0,0.0
51070444,1.0,2.0,2.0,1.0,2.0,2.0,2.0,2.0
51070445,0.0,2.0,0.0,0.0,0.0,0.0,0.0,2.0
51070446,2.0,2.0,2.0,1.0,2.0,2.0,2.0,2.0
51070447,1.0,2.0,2.0,2.0,2.0,0.0,0.0,2.0
51070448,2.0,2.0,0.0,0.0,0.0,0.0,0.0,0.0
51070449,0.0,0.0,2.0,0.0,0.0,2.0,2.0,0.0
51070450,0.0,2.0,0.0,0.0,0.0,0.0,0.0,0.0
51070451,2.0,0.0,0.0,0.0,0.0,2.0,0.0,2.0
51070452,2.0,2.0,0.0,2.0,2.0,2.0,0.0,2.0
51070453,2.0,2.0,0.0,2.0,0.0,2.0,0.0,1.0
51070454,2.0,2.0,2.0,2.0,0.0,2.0,2.0,2.0
51070455,0.0,2.0,0.0,0.0,2.0,2.0,2.0,2.0
51070456,0.0,1.0,1.0,1.0,2.0,0.0,2.0,0.0
51070457,2.0,2.0,0.0,2.0,2.0,0.0,2.0,2.0
51070458,2.0,2.0,0.0,0.0,2.0,2.0,2.0,2.0
51070459,0.0,2.0,2.0,2.0,0.0,2.0,2.0,0.0
51070460,1.0,2.0,2.0,2.0,2.0,2.0,2.0,2.0
51070461,2.0,2.0,1.0,1.0,1.0,2.0,0.0,1.0
51070462,0.0,2.0,0.0,0.0,0.0,0.0,2.0,2.0
51070463,2.0,2.0,0.0,2.0,2.0,2.0,2.0,2.0
51070464,0.0,0.0,2.0,2.0,2.0,0.0,2.0,2.0
51070465,2.0,2.0,2.0,2.0,2.0,0.0,0.0,1.0
51070466,0.0,2.0,0.0,2.0,0.0,2.0,0.0,0.0
51070467,0.0,2.0,2.0,2.0,2.0,2.0,2.0,2.0
51070468,0.0,0.0,0.0,0.0,0.0,0.0,0.0,0.0
51070469,2.0,2.0,2.0,2.0,2.0,0.0,2.0,0.0
51070470,2.0,2.0,2.0,2.0,2.0,2.0,2.0,2.0
51070471,0.0,2.0,0.0,1.0,2.0,2.0,1.0,1.0
51070472,2.0,2.0,2.0,2.0,2.0,2.0,2.0,2.0
51070473,0.0,2.0,0.0,0.0,0.0,2.0,0.0,0.0
51070474,0.0,2.0,0.0,0.0,0.0,2.0,0.0,0.0
51070475,2.0,2.0,2.0,2.0,2.0,0.0,2.0,2.0
51070476,0.0,2.0,1.0,1.0,2.0,2.0,2.0,2.0
51070477,2.0,0.0,0.0,0.0,2.0,2.0,2.0,2.0
51070478,2.0,2.0,2.0,2.0,2.0,2.0,2.0,2.0
51070479,0.0,0.0,0.0,1.0,0.0,0.0,2.0,0.0
51070480,2.0,2.0,0.0,2.0,0.0,2.0,0.0,0.0
51070481,2.0,0.0,0.0,1.0,0.0,1.0,0.0,1.0
51070482,0.0,2.0,2.0,2.0,2.0,0.0,2.0,2.0
51070483,0.0,0.0,2.0,2.0,2.0,2.0,2.0,2.0
51070484,1.0,1.0,2.0,1.0,2.0,1.0,2.0,1.0
51070485,2.0,2.0,0.0,2.0,0.0,0.0,2.0,2.0
51070486,0.0,2.0,2.0,2.0,2.0,0.0,2.0,2.0
51070487,2.0,2.0,2.0,2.0,2.0,1.0,0.0,2.0
51070488,2.0,2.0,2.0,2.0,2.0,2.0,2.0,2.0
51070489,0.0,2.0,0.0,2.0,2.0,0.0,2.0,2.0
51070490,2.0,0.0,2.0,2.0,1.0,2.0,2.0,2.0
51070491,2.0,1.0,2.0,2.0,1.0,2.0,2.0,2.0
51070492,2.0,0.0,2.0,0.0,2.0,2.0,2.0,2.0
51070493,2.0,2.0,2.0,2.0,2.0,0.0,2.0,2.0
51070494,2.0,2.0,0.0,1.0,1.0,2.0,1.0,1.0
51070495,2.0,0.0,2.0,0.0,2.0,2.0,2.0,2.0
51070496,2.0,2.0,0.0,1.0,0.0,0.0,1.0,1.0
51070497,2.0,0.0,2.0,1.0,0.0,0.0,2.0,0.0
51070498,2.0,2.0,2.0,2.0,2.0,2.0,2.0,2.0
51070499,0.0,0.0,0.0,2.0,0.0,0.0,0.0,0.0
51070500,2.0,0.0,0.0,0.0,2.0,2.0,2.0,0.0
51070501,2.0,2.0,2.0,2.0,2.0,2.0,2.0,2.0
51070502,2.0,2.0,2.0,2.0,2.0,2.0,2.0,2.0
51070503,2.0,2.0,2.0,2.0,2.0,2.0,2.0,2.0
51070504,0.0,0.0,2.0,2.0,2.0,2.0,2.0,2.0
51070505,0.0,0.0,2.0,2.0,2.0,2.0,0.0,2.0
51070506,0.0,1.0,1.0,2.0,2.0,0.0,2.0,2.0
51070507,0.0,0.0,0.0,0.0,0.0,2.0,0.0,0.0
51070508,2.0,2.0,0.0,0.0,0.0,2.0,0.0,0.0
51070509,2.0,2.0,0.0,0.0,0.0,2.0,2.0,2.0
51070510,2.0,2.0,2.0,0.0,2.0,0.0,2.0,2.0
51070511,2.0,2.0,0.0,2.0,2.0,1.0,2.0,2.0
51070512,0.0,2.0,0.0,2.0,0.0,0.0,1.0,0.0
51070513,2.0,0.0,0.0,2.0,2.0,0.0,2.0,2.0
51070514,2.0,2.0,2.0,2.0,2.0,2.0,2.0,2.0
51070515,2.0,1.0,1.0,2.0,2.0,0.0,2.0,2.0
51070516,2.0,2.0,2.0,2.0,2.0,2.0,2.0,2.0
51070517,2.0,2.0,2.0,2.0,2.0,2.0,2.0,2.0
51070518,2.0,2.0,2.0,2.0,2.0,0.0,2.0,2.0
51070519,2.0,2.0,2.0,1.0,0.0,2.0,0.0,2.0
51070520,0.0,1.0,1.0,1.0,1.0,2.0,2.0,1.0
51070521,0.0,2.0,0.0,0.0,0.0,0.0,0.0,0.0
51070522,2.0,0.0,0.0,0.0,0.0,0.0,2.0,2.0
51070523,2.0,2.0,0.0,2.0,2.0,2.0,0.0,0.0
51070524,0.0,2.0,0.0,2.0,2.0,0.0,2.0,2.0
51070525,0.0,2.0,2.0,0.0,1.0,0.0,1.0,2.0
51070526,2.0,0.0,2.0,2.0,2.0,1.0,2.0,2.0
51070527,2.0,2.0,1.0,1.0,1.0,1.0,1.0,1.0
51070528,2.0,1.0,0.0,2.0,1.0,1.0,2.0,2.0
51070529,1.0,1.0,1.0,1.0,1.0,1.0,1.0,1.0
51070530,0.0,2.0,2.0,1.0,2.0,0.0,0.0,2.0
51070531,0.0,0.0,0.0,0.0,2.0,2.0,2.0,2.0
51070532,1.0,1.0,1.0,2.0,1.0,0.0,1.0,1.0
51070533,2.0,2.0,0.0,2.0,0.0,2.0,0.0,0.0
51070534,0.0,2.0,2.0,2.0,2.0,2.0,2.0,0.0
51070535,2.0,2.0,2.0,1.0,2.0,1.0,2.0,2.0
51070536,2.0,2.0,2.0,0.0,2.0,2.0,2.0,2.0
51070537,0.0,2.0,2.0,2.0,2.0,2.0,2.0,2.0
51070538,0.0,0.0,2.0,0.0,0.0,0.0,2.0,2.0
51070539,2.0,2.0,0.0,2.0,0.0,2.0,0.0,0.0
51070540,0.0,2.0,0.0,1.0,2.0,2.0,2.0,2.0
51070541,0.0,0.0,2.0,0.0,0.0,0.0,2.0,2.0
51070542,0.0,0.0,0.0,0.0,2.0,2.0,2.0,2.0
51070543,0.0,0.0,2.0,1.0,2.0,2.0,2.0,2.0
51070544,0.0,0.0,0.0,0.0,2.0,0.0,2.0,2.0
51070545,0.0,2.0,0.0,0.0,0.0,0.0,0.0,0.0
51070546,0.0,0.0,2.0,0.0,0.0,0.0,2.0,2.0
51070547,2.0,2.0,1.0,2.0,1.0,1.0,1.0,1.0
51070548,1.0,1.0,2.0,2.0,2.0,2.0,2.0,2.0
51070549,2.0,2.0,2.0,2.0,2.0,2.0,2.0,2.0
51070550,2.0,2.0,2.0,2.0,2.0,2.0,2.0,2.0
51070551,2.0,0.0,2.0,2.0,2.0,0.0,2.0,2.0
51070552,1.0,1.0,1.0,1.0,2.0,0.0,1.0,1.0
51070553,2.0,2.0,0.0,2.0,0.0,2.0,0.0,2.0
51070554,0.0,2.0,0.0,2.0,1.0,2.0,2.0,1.0
51070555,2.0,2.0,2.0,2.0,0.0,1.0,0.0,0.0
51070556,1.0,2.0,2.0,1.0,2.0,0.0,2.0,2.0
51070557,2.0,1.0,1.0,2.0,1.0,2.0,2.0,2.0
51070558,1.0,2.0,1.0,1.0,0.0,0.0,2.0,1.0
51070559,2.0,2.0,2.0,0.0,2.0,2.0,2.0,2.0
51070560,2.0,2.0,2.0,2.0,0.0,2.0,2.0,2.0
51070561,2.0,2.0,2.0,2.0,2.0,2.0,2.0,2.0
51070562,2.0,2.0,2.0,2.0,2.0,2.0,2.0,2.0
51070563,2.0,2.0,2.0,2.0,2.0,2.0,2.0,2.0
51070564,2.0,2.0,2.0,0.0,0.0,2.0,2.0,2.0
51070565,0.0,0.0,2.0,2.0,0.0,0.0,2.0,2.0
51070566,0.0,0.0,2.0,2.0,2.0,1.0,0.0,1.0
51070567,0.0,0.0,1.0,0.0,1.0,1.0,2.0,2.0
51070568,0.0,2.0,2.0,0.0,0.0,0.0,2.0,2.0
51070569,2.0,1.0,1.0,2.0,0.0,2.0,2.0,2.0
51070570,0.0,0.0,2.0,2.0,2.0,0.0,2.0,2.0
51070571,2.0,1.0,2.0,1.0,2.0,2.0,2.0,2.0
51070572,2.0,2.0,0.0,1.0,2.0,1.0,0.0,0.0
51070573,0.0,0.0,0.0,0.0,2.0,2.0,2.0,2.0
51070574,0.0,0.0,2.0,0.0,2.0,2.0,2.0,2.0
51070575,2.0,2.0,1.0,1.0,1.0,1.0,2.0,2.0
51070576,0.0,2.0,2.0,1.0,0.0,0.0,2.0,2.0
51070577,1.0,1.0,2.0,1.0,2.0,2.0,2.0,2.0
51070578,2.0,2.0,2.0,0.0,2.0,0.0,2.0,2.0
51070579,2.0,0.0,0.0,0.0,2.0,0.0,0.0,0.0
51070580,2.0,2.0,2.0,2.0,2.0,0.0,2.0,2.0
51070581,2.0,0.0,2.0,2.0,2.0,2.0,2.0,2.0
51070582,2.0,2.0,2.0,2.0,2.0,2.0,2.0,2.0
51070583,2.0,2.0,2.0,2.0,2.0,0.0,2.0,2.0
51070584,2.0,2.0,2.0,2.0,2.0,2.0,1.0,2.0
51070585,2.0,2.0,2.0,2.0,2.0,2.0,2.0,2.0
51070586,2.0,2.0,0.0,0.0,2.0,0.0,2.0,2.0
51070587,0.0,2.0,1.0,0.0,2.0,0.0,2.0,2.0
51070588,0.0,2.0,2.0,1.0,2.0,0.0,2.0,0.0
51070589,2.0,2.0,2.0,2.0,2.0,2.0,2.0,2.0
51070590,2.0,2.0,0.0,2.0,2.0,2.0,2.0,0.0
51070591,2.0,2.0,0.0,0.0,0.0,2.0,0.0,2.0
51070592,2.0,2.0,0.0,1.0,0.0,2.0,2.0,2.0
51070593,2.0,0.0,0.0,2.0,1.0,1.0,2.0,2.0
51070594,2.0,1.0,0.0,2.0,1.0,2.0,1.0,2.0
51070595,0.0,0.0,2.0,2.0,2.0,2.0,2.0,2.0
51070596,2.0,2.0,2.0,2.0,2.0,2.0,2.0,2.0
51070597,0.0,0.0,0.0,1.0,2.0,2.0,2.0,2.0
51070598,2.0,0.0,0.0,1.0,0.0,1.0,2.0,2.0
51070599,0.0,0.0,0.0,0.0,0.0,0.0,2.0,2.0
51070600,0.0,1.0,2.0,2.0,0.0,2.0,2.0,2.0
51070601,2.0,2.0,2.0,2.0,2.0,2.0,2.0,2.0
51070602,1.0,2.0,2.0,1.0,2.0,1.0,2.0,2.0
51070603,0.0,0.0,2.0,0.0,0.0,0.0,2.0,2.0
51070604,0.0,1.0,2.0,2.0,0.0,0.0,2.0,0.0
51070605,0.0,0.0,0.0,0.0,0.0,2.0,2.0,0.0
51070606,0.0,0.0,0.0,0.0,0.0,0.0,0.0,0.0
51070607,2.0,2.0,2.0,1.0,0.0,2.0,0.0,0.0
51070608,2.0,2.0,0.0,2.0,2.0,0.0,2.0,2.0
51070609,2.0,0.0,2.0,1.0,2.0,0.0,2.0,2.0
51070610,2.0,2.0,1.0,1.0,2.0,0.0,2.0,1.0
51070611,0.0,2.0,0.0,0.0,0.0,0.0,2.0,2.0
51070612,2.0,2.0,2.0,2.0,2.0,2.0,2.0,2.0
51070613,0.0,1.0,2.0,1.0,1.0,2.0,2.0,2.0
51070614,2.0,2.0,2.0,2.0,2.0,2.0,2.0,2.0
51070615,2.0,2.0,2.0,2.0,2.0,2.0,2.0,2.0
51070616,2.0,2.0,2.0,2.0,2.0,2.0,2.0,2.0
51070617,2.0,2.0,0.0,2.0,0.0,2.0,0.0,0.0
51070618,0.0,2.0,0.0,2.0,0.0,2.0,0.0,0.0
51070619,2.0,2.0,0.0,0.0,0.0,0.0,0.0,0.0
51070620,0.0,2.0,2.0,2.0,2.0,0.0,2.0,2.0
51070621,0.0,0.0,1.0,0.0,0.0,2.0,0.0,0.0
51070622,2.0,2.0,0.0,0.0,0.0,2.0,0.0,0.0
51070623,2.0,2.0,0.0,0.0,0.0,0.0,0.0,0.0
51070624,2.0,2.0,2.0,2.0,2.0,2.0,2.0,2.0
51070625,2.0,2.0,0.0,0.0,0.0,1.0,2.0,1.0
51070626,0.0,2.0,0.0,2.0,2.0,0.0,2.0,2.0
51070627,2.0,0.0,2.0,1.0,1.0,2.0,2.0,2.0
51070628,2.0,2.0,1.0,1.0,1.0,2.0,2.0,1.0
51070629,0.0,2.0,0.0,0.0,0.0,0.0,2.0,2.0
51070630,2.0,2.0,2.0,2.0,2.0,0.0,2.0,2.0
51070631,0.0,2.0,0.0,0.0,0.0,0.0,0.0,0.0
51070632,0.0,2.0,2.0,2.0,2.0,0.0,2.0,2.0
51070633,0.0,2.0,2.0,1.0,0.0,0.0,2.0,2.0
51070634,0.0,0.0,2.0,2.0,2.0,0.0,2.0,2.0
51070635,2.0,2.0,0.0,2.0,0.0,0.0,2.0,2.0
51070636,0.0,0.0,2.0,0.0,0.0,0.0,2.0,2.0
51070637,0.0,0.0,2.0,2.0,0.0,0.0,2.0,2.0
51070638,0.0,2.0,2.0,1.0,2.0,2.0,2.0,2.0
51070639,0.0,2.0,0.0,1.0,2.0,2.0,0.0,0.0
51070640,2.0,2.0,2.0,0.0,2.0,2.0,0.0,2.0
51070641,0.0,0.0,2.0,2.0,2.0,2.0,2.0,2.0
51070642,0.0,2.0,2.0,2.0,2.0,2.0,2.0,2.0
51070643,1.0,2.0,1.0,1.0,1.0,2.0,2.0,2.0
51070644,0.0,2.0,0.0,2.0,0.0,0.0,0.0,0.0
51070645,0.0,2.0,1.0,2.0,1.0,1.0,1.0,1.0
51070646,2.0,2.0,0.0,0.0,0.0,0.0,2.0,0.0
51070647,0.0,0.0,0.0,1.0,1.0,2.0,0.0,2.0
51070648,0.0,2.0,0.0,2.0,0.0,2.0,2.0,2.0
51070649,2.0,2.0,2.0,2.0,2.0,2.0,2.0,2.0
51070650,2.0,2.0,0.0,2.0,0.0,2.0,0.0,0.0
51070651,0.0,2.0,2.0,2.0,2.0,2.0,2.0,2.0
51070652,2.0,2.0,0.0,0.0,0.0,2.0,2.0,0.0
51070653,2.0,2.0,2.0,0.0,2.0,0.0,2.0,2.0
51070654,2.0,2.0,0.0,2.0,2.0,2.0,2.0,2.0
51070655,0.0,0.0,2.0,0.0,2.0,0.0,0.0,0.0
51070656,0.0,2.0,0.0,0.0,0.0,0.0,0.0,0.0
51070657,0.0,2.0,2.0,2.0,0.0,2.0,0.0,2.0
51070658,2.0,2.0,2.0,2.0,2.0,2.0,2.0,2.0
51070659,2.0,2.0,2.0,2.0,2.0,2.0,2.0,2.0
51070660,0.0,2.0,2.0,2.0,2.0,2.0,2.0,2.0
51070661,2.0,2.0,2.0,2.0,0.0,2.0,2.0,2.0
51070662,0.0,2.0,0.0,2.0,2.0,0.0,2.0,2.0
51070663,2.0,2.0,2.0,1.0,2.0,0.0,2.0,0.0
51070664,1.0,2.0,0.0,1.0,0.0,2.0,2.0,2.0
51070665,0.0,2.0,0.0,2.0,0.0,2.0,0.0,0.0
51070666,2.0,0.0,0.0,2.0,0.0,2.0,2.0,2.0
51070667,2.0,2.0,2.0,2.0,2.0,2.0,2.0,2.0
51070668,2.0,0.0,0.0,1.0,0.0,0.0,0.0,0.0
51070669,2.0,2.0,2.0,2.0,2.0,2.0,2.0,2.0
51070670,2.0,0.0,1.0,2.0,0.0,2.0,2.0,0.0
51070671,2.0,0.0,0.0,2.0,0.0,2.0,0.0,2.0
51070672,0.0,2.0,0.0,2.0,0.0,0.0,2.0,2.0
51070673,1.0,2.0,2.0,2.0,1.0,1.0,2.0,1.0
51070674,2.0,1.0,2.0,0.0,2.0,2.0,2.0,2.0
51070675,1.0,2.0,2.0,1.0,1.0,1.0,2.0,1.0
51070676,2.0,0.0,0.0,1.0,0.0,1.0,0.0,0.0
51070677,2.0,0.0,0.0,1.0,1.0,0.0,2.0,1.0
51070678,2.0,2.0,0.0,0.0,2.0,0.0,2.0,0.0
51070679,2.0,2.0,0.0,1.0,0.0,2.0,0.0,0.0
51070680,2.0,2.0,0.0,2.0,2.0,2.0,2.0,1.0
51070681,1.0,0.0,0.0,2.0,2.0,2.0,2.0,2.0
51070682,2.0,2.0,2.0,2.0,0.0,2.0,2.0,2.0
51070683,2.0,2.0,2.0,2.0,2.0,0.0,0.0,2.0
51070684,0.0,2.0,2.0,2.0,2.0,0.0,2.0,2.0
51070685,0.0,2.0,2.0,2.0,2.0,1.0,2.0,2.0
51070686,2.0,2.0,2.0,2.0,2.0,2.0,2.0,2.0
51070687,1.0,2.0,2.0,1.0,2.0,0.0,2.0,2.0
51070688,0.0,0.0,0.0,0.0,0.0,0.0,0.0,0.0
51070689,2.0,2.0,0.0,2.0,0.0,0.0,2.0,2.0
51070690,2.0,2.0,0.0,2.0,0.0,2.0,2.0,0.0
51070691,2.0,2.0,2.0,2.0,0.0,2.0,2.0,0.0
51070692,2.0,0.0,2.0,2.0,2.0,0.0,2.0,2.0
51070693,2.0,0.0,1.0,0.0,0.0,0.0,0.0,0.0
51070694,0.0,0.0,0.0,0.0,0.0,0.0,0.0,0.0
51070695,2.0,2.0,0.0,0.0,0.0,0.0,0.0,2.0
51070696,2.0,2.0,0.0,2.0,0.0,0.0,2.0,0.0
51070697,0.0,2.0,2.0,0.0,2.0,2.0,1.0,0.0
51070698,2.0,2.0,0.0,0.0,0.0,2.0,0.0,0.0
51070699,2.0,2.0,0.0,2.0,2.0,2.0,2.0,2.0
51070700,2.0,2.0,0.0,0.0,0.0,2.0,0.0,0.0
51070701,0.0,0.0,2.0,2.0,2.0,0.0,2.0,2.0
51070702,2.0,2.0,2.0,2.0,2.0,2.0,2.0,2.0
51070703,1.0,0.0,2.0,2.0,2.0,2.0,2.0,2.0
51070704,2.0,2.0,0.0,0.0,2.0,2.0,2.0,2.0
51070705,0.0,0.0,0.0,0.0,2.0,0.0,0.0,0.0
51070706,2.0,0.0,0.0,0.0,2.0,0.0,2.0,0.0
51070707,2.0,2.0,2.0,0.0,0.0,0.0,2.0,2.0
51070708,0.0,2.0,0.0,1.0,0.0,2.0,0.0,0.0
51070709,2.0,2.0,0.0,2.0,0.0,2.0,2.0,0.0
51070710,2.0,2.0,2.0,2.0,2.0,2.0,2.0,2.0
51070711,2.0,2.0,0.0,2.0,2.0,0.0,2.0,2.0
51070712,2.0,2.0,0.0,0.0,0.0,0.0,2.0,2.0
51070713,0.0,0.0,0.0,0.0,0.0,2.0,2.0,0.0
51070714,0.0,0.0,0.0,0.0,0.0,2.0,0.0,2.0
51070715,2.0,2.0,2.0,2.0,2.0,2.0,0.0,0.0
51070716,2.0,2.0,0.0,0.0,0.0,2.0,2.0,2.0
51070717,0.0,0.0,0.0,2.0,0.0,0.0,1.0,0.0
51070718,2.0,2.0,0.0,0.0,0.0,0.0,0.0,0.0
51070719,0.0,0.0,0.0,0.0,0.0,2.0,2.0,2.0
51070720,1.0,0.0,1.0,1.0,0.0,0.0,2.0,0.0
51070721,0.0,0.0,0.0,2.0,0.0,2.0,2.0,2.0
51070722,2.0,0.0,2.0,0.0,2.0,0.0,2.0,0.0
51070723,2.0,2.0,2.0,2.0,2.0,2.0,2.0,2.0
51070724,2.0,2.0,0.0,0.0,0.0,0.0,0.0,2.0
51070725,2.0,1.0,2.0,2.0,2.0,2.0,2.0,2.0
51070726,2.0,2.0,0.0,2.0,0.0,2.0,0.0,0.0
51070727,2.0,2.0,1.0,1.0,0.0,2.0,0.0,2.0
51070728,2.0,2.0,2.0,2.0,2.0,1.0,2.0,2.0
51070729,1.0,2.0,1.0,1.0,0.0,2.0,0.0,1.0
51070730,2.0,0.0,2.0,2.0,2.0,2.0,0.0,0.0
51070731,0.0,2.0,2.0,2.0,2.0,2.0,2.0,2.0
51070732,2.0,2.0,0.0,2.0,0.0,2.0,0.0,0.0
51070733,2.0,2.0,0.0,2.0,0.0,2.0,2.0,0.0
51070734,2.0,0.0,1.0,0.0,2.0,0.0,2.0,2.0
51070735,2.0,2.0,2.0,0.0,0.0,0.0,2.0,2.0
51070736,2.0,0.0,0.0,2.0,2.0,2.0,2.0,0.0
51070737,0.0,2.0,0.0,0.0,0.0,0.0,2.0,2.0
51070738,1.0,2.0,2.0,2.0,2.0,1.0,2.0,2.0
51070739,2.0,2.0,0.0,2.0,2.0,2.0,2.0,2.0
51070740,2.0,1.0,1.0,2.0,2.0,2.0,2.0,2.0
51070741,2.0,2.0,2.0,2.0,2.0,0.0,2.0,2.0
51070742,2.0,2.0,2.0,2.0,2.0,2.0,2.0,2.0
51070743,0.0,0.0,1.0,1.0,1.0,0.0,1.0,0.0
51070744,0.0,0.0,0.0,2.0,0.0,2.0,2.0,2.0
51070745,0.0,2.0,0.0,1.0,0.0,2.0,1.0,0.0
51070746,2.0,0.0,2.0,2.0,2.0,2.0,2.0,0.0
51070747,2.0,2.0,2.0,2.0,2.0,2.0,2.0,2.0
51070748,2.0,2.0,0.0,2.0,0.0,0.0,2.0,2.0
51070749,2.0,2.0,0.0,0.0,0.0,2.0,0.0,0.0
51070750,0.0,2.0,2.0,0.0,0.0,0.0,0.0,0.0
51070751,2.0,2.0,1.0,1.0,0.0,2.0,2.0,1.0
51070752,0.0,0.0,2.0,0.0,2.0,0.0,2.0,2.0
51070753,2.0,2.0,2.0,2.0,2.0,2.0,2.0,2.0
51070754,2.0,1.0,1.0,2.0,2.0,2.0,2.0,2.0
51070755,2.0,2.0,1.0,2.0,2.0,2.0,1.0,1.0
51070756,0.0,0.0,1.0,2.0,0.0,2.0,2.0,2.0
51070757,2.0,2.0,2.0,2.0,2.0,2.0,2.0,2.0
51070758,2.0,2.0,0.0,2.0,0.0,2.0,2.0,2.0
51070759,2.0,2.0,0.0,2.0,0.0,2.0,0.0,2.0
51070760,2.0,2.0,2.0,2.0,2.0,2.0,2.0,2.0
51070761,2.0,2.0,2.0,2.0,2.0,2.0,0.0,2.0
51070762,0.0,2.0,2.0,2.0,0.0,0.0,2.0,2.0
51070763,2.0,2.0,0.0,1.0,0.0,2.0,0.0,0.0
51070764,2.0,2.0,1.0,1.0,2.0,0.0,2.0,2.0
51070765,2.0,2.0,2.0,1.0,0.0,0.0,2.0,2.0
51070766,2.0,2.0,0.0,2.0,0.0,2.0,0.0,0.0
51070767,2.0,0.0,2.0,2.0,0.0,0.0,2.0,2.0
51070768,2.0,2.0,0.0,0.0,2.0,0.0,2.0,0.0
51070769,2.0,2.0,0.0,2.0,0.0,0.0,0.0,0.0
51070770,2.0,2.0,0.0,0.0,0.0,0.0,2.0,0.0
51070771,2.0,1.0,2.0,2.0,2.0,0.0,2.0,2.0
51070772,2.0,0.0,2.0,1.0,2.0,2.0,0.0,0.0
51070773,2.0,2.0,0.0,0.0,0.0,1.0,1.0,0.0
51070774,2.0,2.0,0.0,2.0,0.0,2.0,0.0,0.0
51070775,2.0,0.0,0.0,0.0,0.0,0.0,0.0,0.0
51070776,1.0,0.0,1.0,2.0,2.0,0.0,2.0,2.0
51070777,0.0,0.0,0.0,2.0,2.0,2.0,2.0,2.0
51070778,2.0,2.0,2.0,2.0,2.0,2.0,2.0,2.0
51070779,2.0,0.0,2.0,2.0,2.0,0.0,2.0,2.0
51070780,0.0,2.0,0.0,1.0,0.0,2.0,2.0,0.0
51070781,2.0,0.0,2.0,2.0,2.0,0.0,0.0,2.0
51070782,0.0,2.0,0.0,0.0,0.0,2.0,2.0,2.0
51070783,0.0,0.0,0.0,0.0,0.0,0.0,0.0,0.0
51070784,1.0,2.0,1.0,2.0,1.0,2.0,2.0,1.0
51070785,0.0,2.0,2.0,0.0,2.0,2.0,2.0,2.0
51070786,0.0,0.0,2.0,1.0,0.0,0.0,2.0,2.0
51070787,0.0,1.0,2.0,1.0,0.0,0.0,2.0,1.0
51070788,2.0,0.0,2.0,1.0,2.0,0.0,2.0,2.0
51070789,1.0,1.0,1.0,1.0,1.0,1.0,1.0,1.0
51070790,1.0,1.0,1.0,1.0,1.0,1.0,1.0,1.0
51070791,2.0,2.0,2.0,2.0,2.0,2.0,2.0,2.0
51070792,2.0,2.0,1.0,1.0,2.0,2.0,2.0,2.0
51070793,0.0,2.0,1.0,1.0,0.0,2.0,2.0,1.0
51070794,2.0,2.0,2.0,2.0,2.0,2.0,2.0,2.0
51070795,2.0,2.0,2.0,2.0,2.0,2.0,2.0,2.0
51070796,2.0,2.0,0.0,0.0,0.0,0.0,2.0,2.0
51070797,2.0,2.0,2.0,2.0,2.0,0.0,2.0,2.0
51070798,0.0,0.0,2.0,2.0,2.0,2.0,0.0,2.0
51070799,2.0,2.0,0.0,0.0,0.0,2.0,0.0,0.0
51070800,0.0,2.0,0.0,2.0,0.0,0.0,2.0,0.0
51070801,0.0,2.0,2.0,0.0,2.0,2.0,2.0,2.0
51070802,0.0,0.0,2.0,0.0,0.0,0.0,2.0,2.0
51070803,2.0,2.0,0.0,1.0,0.0,2.0,0.0,0.0
51070804,2.0,2.0,2.0,2.0,2.0,2.0,2.0,2.0
51070805,0.0,2.0,1.0,2.0,1.0,0.0,2.0,0.0
51070806,2.0,0.0,2.0,2.0,2.0,2.0,2.0,2.0
51070807,2.0,2.0,2.0,2.0,2.0,0.0,2.0,2.0
51070808,0.0,2.0,2.0,2.0,2.0,1.0,2.0,2.0
51070809,2.0,2.0,2.0,1.0,2.0,1.0,2.0,2.0
51070810,0.0,0.0,0.0,0.0,0.0,0.0,2.0,2.0
51070811,2.0,2.0,0.0,2.0,2.0,0.0,0.0,0.0
51070812,2.0,0.0,1.0,1.0,1.0,0.0,1.0,1.0
51070813,0.0,2.0,0.0,2.0,0.0,0.0,2.0,2.0
51070814,2.0,2.0,1.0,0.0,1.0,2.0,0.0,1.0
51070815,2.0,2.0,1.0,1.0,2.0,1.0,2.0,2.0
51070816,2.0,0.0,2.0,2.0,0.0,0.0,2.0,1.0
51070817,2.0,2.0,2.0,0.0,2.0,0.0,2.0,2.0
51070818,0.0,2.0,0.0,2.0,0.0,0.0,2.0,0.0
51070819,2.0,2.0,2.0,2.0,0.0,0.0,2.0,2.0
51070820,2.0,2.0,0.0,1.0,0.0,2.0,2.0,0.0
51070821,0.0,0.0,0.0,1.0,0.0,0.0,2.0,0.0
51070822,2.0,2.0,2.0,0.0,2.0,2.0,2.0,1.0
51070823,2.0,2.0,0.0,0.0,0.0,0.0,2.0,0.0
51070824,0.0,0.0,0.0,0.0,0.0,0.0,0.0,0.0
51070825,2.0,2.0,2.0,2.0,0.0,2.0,2.0,2.0
51070826,0.0,2.0,0.0,0.0,0.0,2.0,0.0,0.0
51070827,0.0,2.0,2.0,1.0,0.0,0.0,0.0,0.0
51070828,2.0,2.0,2.0,2.0,2.0,2.0,2.0,2.0
51070829,2.0,2.0,2.0,2.0,2.0,2.0,2.0,2.0
51070830,2.0,0.0,0.0,0.0,0.0,2.0,2.0,2.0
51070831,0.0,0.0,2.0,2.0,2.0,0.0,0.0,0.0
51070832,2.0,2.0,2.0,2.0,2.0,2.0,2.0,2.0
51070833,0.0,0.0,0.0,0.0,2.0,0.0,0.0,0.0
51070834,2.0,0.0,0.0,2.0,2.0,0.0,0.0,2.0
51070835,2.0,2.0,0.0,0.0,0.0,0.0,2.0,2.0
51070836,2.0,2.0,1.0,2.0,2.0,2.0,2.0,2.0
51070837,2.0,2.0,2.0,2.0,2.0,2.0,2.0,2.0
51070838,2.0,2.0,0.0,0.0,0.0,2.0,2.0,2.0
51070839,2.0,2.0,2.0,2.0,2.0,2.0,2.0,2.0
51070840,2.0,0.0,2.0,0.0,2.0,2.0,0.0,2.0
51070841,2.0,2.0,0.0,2.0,0.0,0.0,0.0,2.0
51070842,1.0,0.0,2.0,2.0,2.0,2.0,0.0,0.0
51070843,0.0,2.0,2.0,2.0,2.0,0.0,2.0,2.0
51070844,0.0,2.0,1.0,2.0,2.0,0.0,2.0,2.0
51070845,0.0,0.0,0.0,0.0,0.0,0.0,0.0,0.0
51070846,2.0,2.0,1.0,1.0,1.0,2.0,2.0,2.0
51070847,0.0,2.0,1.0,2.0,0.0,0.0,2.0,2.0
51070848,0.0,0.0,2.0,2.0,2.0,2.0,2.0,2.0
51070849,0.0,2.0,2.0,2.0,2.0,0.0,2.0,2.0
51070850,0.0,0.0,0.0,0.0,0.0,0.0,0.0,0.0
51070851,0.0,2.0,2.0,1.0,2.0,1.0,2.0,2.0
51070852,1.0,1.0,1.0,1.0,1.0,1.0,1.0,1.0
51070853,0.0,2.0,2.0,1.0,2.0,1.0,2.0,2.0
51070854,0.0,0.0,2.0,0.0,0.0,0.0,0.0,0.0
51070855,2.0,2.0,2.0,2.0,2.0,0.0,2.0,2.0
51070856,0.0,0.0,2.0,2.0,2.0,2.0,2.0,2.0
51070857,2.0,2.0,2.0,1.0,2.0,2.0,2.0,2.0
51070858,2.0,2.0,0.0,0.0,2.0,2.0,0.0,0.0
51070859,2.0,2.0,2.0,2.0,2.0,2.0,2.0,2.0
51070860,2.0,2.0,2.0,2.0,2.0,2.0,2.0,2.0
51070861,2.0,2.0,0.0,0.0,0.0,0.0,0.0,1.0
51070862,0.0,2.0,2.0,0.0,2.0,0.0,0.0,0.0
51070863,0.0,2.0,2.0,2.0,2.0,2.0,2.0,2.0
51070864,2.0,2.0,0.0,2.0,0.0,2.0,2.0,2.0
51070865,2.0,2.0,0.0,2.0,0.0,2.0,0.0,0.0
51070866,2.0,2.0,0.0,0.0,0.0,2.0,2.0,2.0
51070867,2.0,2.0,2.0,2.0,0.0,2.0,2.0,2.0
51070868,2.0,0.0,1.0,2.0,1.0,2.0,2.0,2.0
51070869,2.0,2.0,0.0,0.0,0.0,2.0,2.0,2.0
51070870,2.0,2.0,0.0,2.0,0.0,2.0,0.0,0.0
51070871,1.0,2.0,2.0,1.0,2.0,2.0,2.0,1.0
51070872,2.0,2.0,0.0,2.0,0.0,2.0,2.0,0.0
51070873,2.0,0.0,1.0,1.0,1.0,2.0,2.0,1.0
51070874,0.0,0.0,2.0,0.0,2.0,0.0,2.0,2.0
51070875,2.0,0.0,2.0,0.0,2.0,0.0,2.0,2.0
51070876,2.0,2.0,2.0,1.0,2.0,2.0,2.0,1.0
51070877,2.0,2.0,2.0,2.0,2.0,2.0,2.0,2.0
51070878,2.0,2.0,0.0,2.0,0.0,2.0,0.0,0.0
51070879,2.0,2.0,2.0,2.0,0.0,0.0,0.0,0.0
51070880,0.0,2.0,0.0,2.0,2.0,0.0,2.0,2.0
51070881,0.0,2.0,2.0,2.0,2.0,0.0,0.0,1.0
51070882,0.0,2.0,0.0,1.0,0.0,2.0,2.0,2.0
51070883,2.0,2.0,2.0,2.0,0.0,0.0,0.0,0.0
51070884,0.0,2.0,1.0,2.0,1.0,0.0,1.0,1.0
51070885,0.0,2.0,2.0,2.0,1.0,1.0,0.0,1.0
51070886,0.0,0.0,0.0,0.0,1.0,0.0,2.0,2.0
51070887,0.0,2.0,0.0,2.0,0.0,2.0,2.0,0.0
51070888,2.0,0.0,1.0,0.0,2.0,2.0,2.0,2.0
51070889,0.0,0.0,2.0,0.0,2.0,0.0,2.0,2.0
51070890,2.0,2.0,0.0,0.0,1.0,2.0,0.0,1.0
51070891,2.0,2.0,0.0,2.0,2.0,2.0,0.0,0.0
51070892,2.0,2.0,1.0,0.0,1.0,2.0,0.0,2.0
51070893,2.0,2.0,2.0,2.0,2.0,0.0,0.0,2.0
51070894,2.0,2.0,2.0,2.0,2.0,2.0,0.0,1.0
51070895,0.0,0.0,0.0,0.0,0.0,2.0,2.0,2.0
51070896,2.0,2.0,2.0,2.0,2.0,0.0,2.0,2.0
51070897,2.0,2.0,0.0,0.0,2.0,2.0,2.0,2.0
51070898,2.0,2.0,2.0,2.0,2.0,0.0,2.0,2.0
51070899,2.0,0.0,0.0,0.0,0.0,2.0,2.0,0.0
51070900,0.0,2.0,0.0,0.0,0.0,0.0,2.0,2.0
51070901,1.0,1.0,2.0,1.0,2.0,1.0,2.0,1.0
51070902,2.0,2.0,0.0,2.0,0.0,2.0,0.0,0.0
51070903,2.0,0.0,2.0,0.0,2.0,2.0,2.0,2.0
51070904,2.0,2.0,0.0,2.0,2.0,2.0,0.0,0.0
51070905,0.0,1.0,2.0,2.0,2.0,0.0,2.0,2.0
51070906,0.0,0.0,0.0,0.0,0.0,0.0,2.0,0.0
51070907,2.0,2.0,0.0,2.0,0.0,2.0,2.0,0.0
51070908,0.0,0.0,0.0,0.0,0.0,0.0,0.0,0.0
51070909,2.0,2.0,0.0,2.0,2.0,2.0,2.0,2.0
51070910,0.0,1.0,2.0,2.0,2.0,2.0,2.0,2.0
51070911,2.0,2.0,0.0,2.0,0.0,0.0,0.0,0.0
51070912,2.0,2.0,0.0,2.0,0.0,2.0,0.0,0.0
51070913,2.0,2.0,1.0,1.0,1.0,2.0,2.0,2.0
51070914,2.0,2.0,0.0,0.0,0.0,2.0,0.0,0.0
51070915,2.0,2.0,0.0,0.0,0.0,2.0,2.0,0.0
51070916,2.0,2.0,0.0,1.0,0.0,2.0,0.0,0.0
51070917,2.0,1.0,2.0,1.0,1.0,2.0,2.0,1.0
51070918,0.0,0.0,2.0,2.0,2.0,2.0,2.0,2.0
51070919,2.0,2.0,2.0,2.0,2.0,2.0,0.0,0.0
51070920,0.0,0.0,2.0,2.0,2.0,2.0,2.0,2.0
51070921,2.0,2.0,0.0,1.0,0.0,2.0,1.0,1.0
51070922,0.0,2.0,2.0,1.0,1.0,0.0,2.0,2.0
51070923,0.0,0.0,0.0,0.0,2.0,0.0,0.0,0.0
51070924,0.0,0.0,2.0,0.0,2.0,0.0,2.0,2.0
51070925,2.0,2.0,2.0,0.0,1.0,1.0,1.0,1.0
51070926,2.0,2.0,2.0,0.0,2.0,2.0,2.0,2.0
51070927,0.0,2.0,2.0,1.0,2.0,1.0,2.0,2.0
51070928,2.0,0.0,0.0,2.0,0.0,0.0,2.0,0.0
51070929,2.0,0.0,2.0,1.0,2.0,0.0,2.0,2.0
51070930,0.0,0.0,2.0,0.0,0.0,2.0,2.0,2.0
51070931,2.0,2.0,1.0,0.0,2.0,0.0,2.0,2.0
51070932,2.0,2.0,0.0,2.0,0.0,0.0,0.0,2.0
51070933,2.0,2.0,2.0,2.0,0.0,0.0,2.0,2.0
51070934,0.0,2.0,0.0,2.0,2.0,2.0,0.0,2.0
51070935,2.0,2.0,2.0,2.0,2.0,2.0,2.0,2.0
51070936,2.0,2.0,2.0,2.0,0.0,2.0,2.0,0.0
51070937,0.0,2.0,0.0,2.0,0.0,0.0,2.0,2.0
51070938,2.0,2.0,0.0,0.0,0.0,0.0,2.0,2.0
51070939,0.0,2.0,1.0,0.0,1.0,0.0,2.0,1.0
51070940,2.0,0.0,0.0,2.0,2.0,0.0,2.0,2.0
51070941,2.0,0.0,2.0,0.0,2.0,0.0,2.0,2.0
51070942,2.0,2.0,2.0,2.0,2.0,2.0,2.0,2.0
51070943,0.0,2.0,2.0,0.0,2.0,0.0,2.0,0.0
51070944,2.0,2.0,0.0,2.0,1.0,1.0,0.0,0.0
51070945,0.0,0.0,0.0,2.0,0.0,2.0,0.0,0.0
51070946,2.0,2.0,0.0,0.0,2.0,2.0,2.0,2.0
51070947,0.0,2.0,2.0,0.0,0.0,2.0,2.0,2.0
51070948,0.0,0.0,2.0,0.0,2.0,2.0,2.0,2.0
51070949,0.0,2.0,0.0,0.0,0.0,0.0,0.0,0.0
51070950,0.0,0.0,2.0,2.0,2.0,2.0,2.0,2.0
51070951,0.0,2.0,0.0,0.0,0.0,0.0,0.0,2.0
51070952,2.0,2.0,0.0,2.0,0.0,0.0,2.0,2.0
51070953,0.0,1.0,1.0,1.0,2.0,1.0,2.0,0.0
51070954,0.0,0.0,2.0,2.0,0.0,0.0,0.0,0.0
51070955,2.0,2.0,0.0,0.0,0.0,0.0,0.0,0.0
51070956,2.0,0.0,0.0,1.0,0.0,0.0,0.0,0.0
51070957,2.0,0.0,2.0,2.0,0.0,0.0,0.0,0.0
51070958,2.0,0.0,2.0,2.0,2.0,2.0,2.0,2.0
51070959,2.0,2.0,0.0,1.0,0.0,2.0,0.0,0.0
51070960,2.0,2.0,1.0,1.0,2.0,0.0,2.0,1.0
51070961,0.0,2.0,0.0,0.0,0.0,0.0,0.0,2.0
51070962,2.0,2.0,2.0,0.0,2.0,2.0,0.0,0.0
51070963,0.0,0.0,0.0,0.0,0.0,2.0,0.0,1.0
51070964,1.0,1.0,2.0,2.0,1.0,1.0,0.0,1.0
51070965,2.0,2.0,0.0,1.0,0.0,1.0,0.0,0.0
51070966,0.0,1.0,2.0,0.0,0.0,2.0,2.0,2.0
51070967,2.0,1.0,0.0,2.0,2.0,1.0,2.0,2.0
51070968,0.0,0.0,1.0,0.0,0.0,1.0,2.0,2.0
51070969,2.0,2.0,0.0,2.0,0.0,0.0,2.0,0.0
51070970,2.0,2.0,0.0,0.0,0.0,0.0,2.0,0.0
51070971,2.0,2.0,0.0,0.0,0.0,0.0,2.0,0.0
51070972,0.0,2.0,2.0,2.0,0.0,2.0,2.0,2.0
51070973,2.0,2.0,0.0,1.0,0.0,2.0,0.0,0.0
51070974,2.0,2.0,0.0,0.0,0.0,2.0,0.0,0.0
51070975,2.0,0.0,2.0,0.0,2.0,0.0,1.0,0.0
51070976,2.0,2.0,0.0,2.0,0.0,2.0,0.0,0.0
51070977,0.0,2.0,0.0,2.0,2.0,0.0,2.0,1.0
51070978,1.0,2.0,0.0,2.0,1.0,0.0,2.0,2.0
51070979,2.0,2.0,0.0,2.0,0.0,2.0,0.0,0.0
51070980,2.0,2.0,0.0,2.0,0.0,1.0,2.0,2.0
51070981,2.0,2.0,2.0,2.0,2.0,2.0,2.0,2.0
51070982,2.0,2.0,0.0,2.0,2.0,2.0,2.0,2.0
51070983,0.0,1.0,0.0,0.0,2.0,0.0,0.0,2.0
51070984,1.0,2.0,2.0,0.0,2.0,0.0,1.0,1.0
51070985,0.0,2.0,0.0,0.0,0.0,0.0,0.0,2.0
51070986,0.0,0.0,2.0,0.0,2.0,2.0,2.0,2.0
51070987,2.0,0.0,2.0,2.0,0.0,0.0,0.0,0.0
51070988,0.0,0.0,1.0,0.0,2.0,2.0,2.0,2.0
51070989,2.0,2.0,0.0,0.0,2.0,0.0,2.0,2.0
51070990,2.0,2.0,0.0,0.0,0.0,2.0,0.0,0.0
51070991,2.0,2.0,2.0,2.0,0.0,2.0,2.0,2.0
51070992,2.0,2.0,2.0,2.0,0.0,2.0,2.0,2.0
51070993,0.0,2.0,2.0,0.0,0.0,2.0,2.0,2.0
51070994,0.0,0.0,0.0,0.0,2.0,0.0,0.0,0.0
51070995,2.0,2.0,2.0,2.0,2.0,2.0,2.0,2.0
51070996,2.0,2.0,2.0,2.0,1.0,2.0,2.0,1.0
51070997,2.0,2.0,0.0,0.0,0.0,1.0,0.0,0.0
51070998,2.0,2.0,2.0,2.0,2.0,0.0,2.0,2.0
51070999,2.0,2.0,1.0,2.0,2.0,2.0,2.0,2.0
51071000,0.0,0.0,0.0,0.0,0.0,2.0,0.0,0.0
51071001,0.0,0.0,2.0,2.0,2.0,2.0,2.0,2.0
51071002,2.0,1.0,0.0,0.0,2.0,0.0,2.0,2.0
51071003,1.0,1.0,2.0,2.0,0.0,0.0,2.0,2.0
51071004,0.0,0.0,2.0,0.0,2.0,0.0,0.0,2.0
51071005,0.0,2.0,0.0,0.0,0.0,2.0,2.0,2.0
51071006,2.0,2.0,0.0,2.0,0.0,0.0,0.0,0.0
51071007,0.0,0.0,1.0,1.0,2.0,0.0,2.0,2.0
51071008,0.0,2.0,2.0,2.0,2.0,2.0,2.0,2.0
51071009,2.0,2.0,0.0,0.0,1.0,2.0,0.0,1.0
51071010,2.0,2.0,1.0,1.0,0.0,1.0,2.0,2.0
51071011,0.0,2.0,1.0,2.0,2.0,2.0,2.0,2.0
51071012,0.0,0.0,2.0,0.0,0.0,0.0,2.0,2.0
51071013,2.0,2.0,2.0,0.0,2.0,0.0,2.0,2.0
51071014,0.0,1.0,0.0,0.0,0.0,0.0,2.0,2.0
51071015,0.0,2.0,0.0,0.0,1.0,2.0,0.0,0.0
51071016,0.0,2.0,0.0,0.0,0.0,0.0,0.0,0.0
51071017,1.0,1.0,1.0,1.0,1.0,1.0,1.0,1.0
51071018,0.0,2.0,2.0,1.0,1.0,2.0,2.0,0.0
51071019,1.0,2.0,0.0,2.0,0.0,2.0,0.0,0.0
51071020,2.0,2.0,0.0,1.0,0.0,2.0,2.0,2.0
51071021,2.0,2.0,2.0,0.0,2.0,2.0,2.0,2.0
51071022,1.0,2.0,1.0,2.0,0.0,1.0,2.0,1.0
51071023,2.0,2.0,1.0,0.0,0.0,2.0,2.0,0.0
51071024,2.0,1.0,1.0,1.0,0.0,2.0,2.0,0.0
51071025,0.0,1.0,1.0,0.0,1.0,1.0,2.0,2.0
51071026,2.0,2.0,0.0,0.0,0.0,2.0,0.0,0.0
51071027,2.0,2.0,2.0,2.0,2.0,0.0,2.0,2.0
51071028,2.0,2.0,2.0,1.0,2.0,2.0,2.0,0.0
51071029,2.0,2.0,0.0,0.0,0.0,0.0,0.0,0.0
51071030,2.0,2.0,2.0,2.0,2.0,2.0,2.0,2.0
51071031,0.0,0.0,0.0,0.0,0.0,2.0,0.0,0.0
51071032,0.0,2.0,0.0,0.0,0.0,2.0,0.0,0.0
51071033,0.0,0.0,0.0,0.0,0.0,0.0,0.0,0.0
51071034,0.0,0.0,0.0,0.0,0.0,0.0,2.0,1.0
51071035,2.0,1.0,2.0,0.0,0.0,2.0,2.0,2.0
51071036,2.0,2.0,0.0,0.0,0.0,0.0,0.0,0.0
51071037,2.0,2.0,2.0,0.0,2.0,0.0,0.0,0.0
51071038,2.0,2.0,2.0,2.0,2.0,2.0,2.0,2.0
51071039,2.0,2.0,0.0,0.0,0.0,2.0,1.0,1.0
51071040,2.0,2.0,2.0,1.0,2.0,0.0,2.0,0.0
51071041,2.0,2.0,2.0,2.0,2.0,2.0,2.0,2.0
51071042,2.0,2.0,0.0,2.0,2.0,0.0,2.0,2.0
51071043,2.0,2.0,2.0,2.0,2.0,2.0,2.0,2.0
51071044,2.0,2.0,0.0,2.0,2.0,2.0,2.0,2.0
51071045,2.0,2.0,2.0,2.0,2.0,2.0,2.0,2.0
51071046,1.0,2.0,2.0,2.0,2.0,2.0,2.0,2.0
51071047,2.0,2.0,2.0,2.0,2.0,2.0,2.0,2.0
51071048,0.0,0.0,2.0,2.0,2.0,0.0,2.0,2.0
51071049,2.0,2.0,0.0,0.0,2.0,2.0,2.0,2.0
51071050,2.0,2.0,0.0,0.0,2.0,0.0,2.0,2.0
51071051,2.0,2.0,2.0,2.0,2.0,2.0,2.0,2.0
51071052,2.0,2.0,2.0,2.0,2.0,0.0,2.0,2.0
51071053,0.0,2.0,2.0,2.0,0.0,0.0,0.0,2.0
51071054,0.0,0.0,2.0,2.0,2.0,2.0,2.0,2.0
51071055,2.0,2.0,2.0,2.0,2.0,2.0,2.0,2.0
51071056,2.0,0.0,2.0,2.0,2.0,2.0,2.0,2.0
51071057,2.0,2.0,0.0,0.0,2.0,2.0,0.0,0.0
51071058,0.0,2.0,0.0,1.0,2.0,0.0,2.0,0.0
51071059,2.0,2.0,0.0,2.0,0.0,2.0,2.0,0.0
51071060,0.0,1.0,0.0,1.0,2.0,2.0,2.0,1.0
51071061,2.0,2.0,2.0,2.0,2.0,2.0,2.0,2.0
51071062,2.0,0.0,0.0,0.0,0.0,2.0,0.0,0.0
51071063,1.0,0.0,2.0,2.0,0.0,2.0,0.0,0.0
51071064,2.0,0.0,0.0,2.0,1.0,2.0,2.0,2.0
51071065,2.0,0.0,2.0,1.0,2.0,2.0,2.0,2.0
51071066,0.0,2.0,0.0,0.0,0.0,2.0,0.0,0.0
51071067,0.0,0.0,0.0,2.0,2.0,0.0,0.0,2.0
51071068,0.0,0.0,0.0,0.0,0.0,0.0,2.0,0.0
51071069,0.0,2.0,2.0,2.0,2.0,2.0,2.0,2.0
51071070,2.0,2.0,2.0,2.0,2.0,2.0,2.0,0.0
51071071,2.0,2.0,2.0,0.0,2.0,0.0,2.0,2.0
51071072,0.0,2.0,2.0,2.0,2.0,0.0,2.0,2.0
51071073,0.0,2.0,2.0,0.0,2.0,2.0,0.0,0.0
51071074,0.0,2.0,0.0,2.0,2.0,2.0,2.0,2.0
51071075,2.0,2.0,0.0,0.0,0.0,1.0,0.0,0.0
51071076,1.0,2.0,0.0,2.0,2.0,2.0,0.0,2.0
51071077,2.0,2.0,0.0,0.0,0.0,2.0,2.0,2.0
51071078,0.0,0.0,0.0,0.0,0.0,0.0,2.0,0.0
51071079,0.0,0.0,2.0,0.0,0.0,0.0,0.0,0.0
51071080,2.0,2.0,2.0,2.0,0.0,0.0,2.0,2.0
51071081,2.0,2.0,0.0,2.0,0.0,0.0,0.0,0.0
51071082,0.0,0.0,0.0,0.0,2.0,0.0,2.0,0.0
51071083,2.0,2.0,2.0,2.0,2.0,0.0,0.0,2.0
51071084,0.0,0.0,0.0,1.0,0.0,0.0,0.0,0.0
51071085,2.0,2.0,0.0,0.0,2.0,2.0,2.0,2.0
51071086,2.0,2.0,2.0,2.0,2.0,2.0,0.0,2.0
51071087,1.0,2.0,0.0,2.0,0.0,2.0,0.0,0.0
51071088,2.0,2.0,0.0,0.0,0.0,0.0,0.0,0.0
51071089,2.0,2.0,0.0,0.0,0.0,2.0,0.0,0.0
51071090,2.0,2.0,0.0,1.0,0.0,0.0,2.0,0.0
51071091,0.0,0.0,0.0,0.0,0.0,0.0,2.0,2.0
51071092,0.0,1.0,0.0,1.0,1.0,0.0,0.0,0.0
51071093,2.0,2.0,2.0,2.0,2.0,2.0,2.0,2.0
51071094,2.0,2.0,1.0,1.0,1.0,2.0,1.0,0.0
51071095,2.0,2.0,0.0,2.0,0.0,2.0,0.0,0.0
51071096,2.0,2.0,0.0,0.0,0.0,0.0,0.0,0.0
51071097,2.0,2.0,2.0,2.0,2.0,2.0,2.0,1.0
51071098,2.0,2.0,0.0,0.0,0.0,0.0,2.0,2.0
51071099,2.0,2.0,2.0,2.0,2.0,2.0,0.0,2.0
51071100,0.0,0.0,0.0,0.0,2.0,0.0,2.0,0.0
51071101,2.0,2.0,1.0,2.0,0.0,2.0,0.0,0.0
51071102,1.0,1.0,1.0,1.0,1.0,1.0,1.0,1.0
51071103,0.0,0.0,2.0,0.0,0.0,2.0,0.0,0.0
51071104,0.0,0.0,2.0,0.0,2.0,2.0,2.0,2.0
51071105,2.0,1.0,0.0,1.0,2.0,0.0,2.0,0.0
51071106,1.0,2.0,2.0,2.0,2.0,0.0,2.0,2.0
51071107,2.0,2.0,0.0,2.0,1.0,2.0,0.0,2.0
51071108,2.0,1.0,2.0,0.0,2.0,1.0,1.0,2.0
51071109,2.0,2.0,0.0,0.0,2.0,2.0,2.0,2.0
51071110,2.0,2.0,2.0,1.0,1.0,1.0,2.0,0.0
51071111,2.0,2.0,2.0,2.0,2.0,2.0,2.0,2.0
51071112,2.0,0.0,2.0,2.0,2.0,0.0,2.0,2.0
51071113,2.0,2.0,2.0,2.0,2.0,2.0,2.0,2.0
51071114,2.0,2.0,0.0,1.0,1.0,0.0,2.0,0.0
51071115,2.0,2.0,2.0,2.0,2.0,2.0,2.0,2.0
51071116,2.0,0.0,0.0,2.0,2.0,2.0,2.0,2.0
51071117,2.0,2.0,0.0,0.0,0.0,0.0,0.0,0.0
51071118,0.0,2.0,2.0,2.0,2.0,2.0,2.0,2.0
51071119,2.0,0.0,2.0,2.0,2.0,0.0,2.0,2.0
51071120,2.0,2.0,0.0,2.0,0.0,2.0,0.0,0.0
51071121,2.0,0.0,2.0,0.0,0.0,2.0,0.0,2.0
51071122,2.0,2.0,2.0,2.0,2.0,2.0,2.0,2.0
51071123,0.0,2.0,0.0,2.0,0.0,2.0,0.0,2.0
51071124,0.0,2.0,0.0,0.0,2.0,2.0,2.0,0.0
51071125,0.0,2.0,2.0,2.0,2.0,2.0,2.0,2.0
51071126,0.0,0.0,0.0,0.0,2.0,2.0,0.0,0.0
51071127,2.0,0.0,0.0,0.0,0.0,0.0,0.0,0.0
51071128,2.0,2.0,2.0,0.0,2.0,2.0,2.0,0.0
51071129,2.0,2.0,2.0,0.0,2.0,2.0,2.0,0.0
51071130,2.0,0.0,2.0,0.0,2.0,2.0,2.0,2.0
51071131,0.0,0.0,2.0,2.0,2.0,0.0,2.0,2.0
51071132,2.0,2.0,2.0,2.0,0.0,2.0,2.0,2.0
51071133,2.0,0.0,0.0,2.0,0.0,0.0,0.0,2.0
51071134,0.0,0.0,2.0,0.0,2.0,2.0,2.0,2.0
51071135,0.0,0.0,0.0,0.0,0.0,0.0,2.0,2.0
51071136,0.0,0.0,0.0,0.0,0.0,0.0,0.0,0.0
51071137,0.0,0.0,2.0,0.0,0.0,0.0,0.0,0.0
51071138,0.0,0.0,2.0,0.0,2.0,0.0,0.0,0.0
51071139,2.0,2.0,0.0,0.0,0.0,0.0,0.0,0.0
51071140,0.0,0.0,2.0,2.0,2.0,2.0,0.0,2.0
51071141,0.0,2.0,0.0,0.0,2.0,0.0,0.0,2.0
51071142,0.0,2.0,2.0,0.0,2.0,0.0,2.0,2.0
51071143,2.0,0.0,2.0,0.0,0.0,2.0,2.0,2.0
51071144,0.0,2.0,2.0,0.0,2.0,0.0,0.0,2.0
51071145,1.0,0.0,2.0,0.0,2.0,0.0,2.0,2.0
51071146,0.0,0.0,2.0,0.0,2.0,0.0,0.0,0.0
51071147,2.0,0.0,2.0,2.0,0.0,0.0,0.0,0.0
51071148,0.0,0.0,0.0,0.0,0.0,0.0,0.0,0.0
51071149,2.0,2.0,2.0,0.0,0.0,0.0,2.0,0.0
51071150,2.0,2.0,2.0,2.0,0.0,2.0,2.0,0.0
51071151,0.0,2.0,0.0,0.0,0.0,0.0,2.0,0.0
51071152,2.0,2.0,0.0,2.0,0.0,0.0,2.0,2.0
51071153,2.0,2.0,0.0,0.0,2.0,0.0,0.0,0.0
51071154,2.0,0.0,0.0,0.0,1.0,0.0,1.0,0.0
51071155,0.0,0.0,0.0,2.0,0.0,2.0,0.0,0.0
51071156,2.0,2.0,0.0,2.0,2.0,2.0,0.0,0.0
51071157,2.0,0.0,0.0,2.0,0.0,2.0,2.0,2.0
51071158,0.0,0.0,2.0,2.0,0.0,0.0,2.0,2.0
51071159,2.0,0.0,2.0,2.0,2.0,0.0,2.0,2.0
51071160,2.0,2.0,0.0,2.0,2.0,2.0,2.0,0.0
51071161,2.0,0.0,2.0,2.0,0.0,2.0,2.0,2.0
51071162,0.0,2.0,0.0,1.0,2.0,1.0,0.0,0.0
51071163,2.0,0.0,0.0,0.0,0.0,0.0,0.0,0.0
51071164,2.0,0.0,0.0,0.0,0.0,2.0,0.0,2.0
51071165,0.0,2.0,1.0,0.0,0.0,2.0,0.0,0.0
51071166,2.0,2.0,2.0,2.0,2.0,2.0,2.0,2.0
51071167,2.0,0.0,0.0,0.0,0.0,2.0,0.0,0.0
51071168,0.0,2.0,0.0,0.0,0.0,2.0,2.0,0.0
51071169,2.0,2.0,0.0,0.0,0.0,2.0,0.0,2.0
51071170,0.0,2.0,0.0,0.0,0.0,2.0,2.0,0.0
51071171,2.0,2.0,2.0,2.0,2.0,2.0,2.0,2.0
51071172,0.0,0.0,2.0,0.0,2.0,0.0,2.0,2.0
51071173,0.0,0.0,2.0,2.0,2.0,2.0,2.0,1.0
51071174,2.0,2.0,0.0,2.0,0.0,2.0,0.0,0.0
51071175,0.0,0.0,0.0,0.0,0.0,0.0,0.0,0.0
51071176,2.0,0.0,0.0,0.0,0.0,2.0,0.0,0.0
51071177,1.0,2.0,2.0,0.0,0.0,0.0,0.0,0.0
51071178,0.0,0.0,2.0,2.0,2.0,0.0,0.0,0.0
51071179,2.0,2.0,2.0,1.0,2.0,2.0,2.0,2.0
51071180,2.0,2.0,2.0,0.0,1.0,2.0,2.0,1.0
51071181,0.0,2.0,2.0,2.0,0.0,0.0,0.0,0.0
51071182,2.0,2.0,1.0,0.0,2.0,2.0,2.0,2.0
51071183,1.0,0.0,1.0,1.0,2.0,1.0,2.0,1.0
51071184,0.0,0.0,0.0,1.0,2.0,0.0,2.0,2.0
51071185,2.0,0.0,2.0,1.0,1.0,1.0,0.0,2.0
51071186,2.0,2.0,2.0,0.0,0.0,2.0,2.0,0.0
51071187,2.0,1.0,1.0,1.0,0.0,1.0,2.0,2.0
51071188,0.0,2.0,0.0,2.0,1.0,2.0,2.0,0.0
51071189,0.0,0.0,0.0,1.0,2.0,0.0,0.0,2.0
51071190,2.0,2.0,2.0,2.0,0.0,0.0,2.0,2.0
51071191,0.0,2.0,2.0,2.0,2.0,2.0,2.0,2.0
51071192,0.0,2.0,0.0,0.0,0.0,2.0,2.0,0.0
51071193,0.0,2.0,0.0,0.0,0.0,0.0,2.0,2.0
51071194,0.0,2.0,0.0,0.0,0.0,0.0,2.0,0.0
51071195,2.0,2.0,2.0,2.0,0.0,0.0,2.0,0.0
51071196,0.0,0.0,2.0,1.0,2.0,0.0,2.0,2.0
51071197,2.0,2.0,0.0,2.0,2.0,0.0,0.0,0.0
51071198,2.0,2.0,2.0,2.0,2.0,0.0,2.0,2.0
51071199,2.0,2.0,0.0,0.0,0.0,0.0,0.0,0.0
51071200,0.0,0.0,0.0,0.0,0.0,0.0,0.0,1.0
51071201,2.0,2.0,0.0,2.0,0.0,2.0,0.0,0.0
51071202,0.0,2.0,2.0,2.0,0.0,0.0,0.0,0.0
51071203,2.0,0.0,2.0,2.0,2.0,1.0,2.0,2.0
51071204,2.0,1.0,2.0,1.0,2.0,0.0,2.0,0.0
51071205,0.0,2.0,2.0,2.0,2.0,2.0,2.0,2.0
51071206,2.0,2.0,2.0,0.0,2.0,1.0,2.0,1.0
51071207,0.0,2.0,2.0,2.0,2.0,2.0,2.0,1.0
51071208,0.0,0.0,2.0,0.0,2.0,2.0,0.0,0.0
51071209,2.0,2.0,0.0,0.0,0.0,1.0,0.0,0.0
51071210,1.0,2.0,0.0,1.0,2.0,0.0,0.0,1.0
51071211,2.0,0.0,2.0,1.0,2.0,2.0,2.0,2.0
51071212,1.0,2.0,2.0,1.0,2.0,0.0,0.0,1.0
51071213,2.0,2.0,0.0,2.0,0.0,2.0,2.0,0.0
51071214,0.0,1.0,2.0,2.0,1.0,0.0,0.0,0.0
51071215,2.0,2.0,2.0,0.0,0.0,0.0,2.0,0.0
51071216,1.0,1.0,0.0,1.0,0.0,0.0,2.0,2.0
51071217,0.0,2.0,0.0,0.0,0.0,0.0,2.0,0.0
51071218,2.0,2.0,0.0,0.0,0.0,2.0,2.0,0.0
51071219,0.0,0.0,1.0,2.0,1.0,1.0,0.0,0.0
51071220,0.0,2.0,0.0,2.0,2.0,2.0,0.0,0.0
51071221,2.0,2.0,2.0,2.0,2.0,2.0,2.0,2.0
51071222,2.0,2.0,2.0,2.0,2.0,2.0,2.0,2.0
51071223,2.0,2.0,2.0,2.0,2.0,2.0,2.0,2.0
GPT-OSS_120B_baseline,0.0,1.0,0.0,2.0,0.0,1.0,0.0,0.0
LLAMA3_1_70B_baseline,1.0,2.0,1.0,2.0,1.0,2.0,1.0,1.0
LLAMA3_70B_baseline,1.0,1.0,1.0,2.0,1.0,2.0,1.0,1.0
PHI3_INSTRUCT_baseline,1.0,2.0,1.0,2.0,2.0,2.0,1.0,2.0
QWEN2_5VL_32B_baseline,2.0,2.0,1.0,2.0,1.0,2.0,1.0,1.0
QWEN2_5VL_72B_baseline,1.0,2.0,0.0,2.0,0.0,1.0,0.0,1.0
QWEN2_5VL_7B_baseline,1.0,1.0,1.0,1.0,0.0,1.0,1.0,1.0
QWEN3_32B_baseline,2.0,1.0,0.0,2.0,1.0,2.0,0.0,0.0
QWEN_7B_baseline,1.0,1.0,1.0,1.0,1.0,1.0,2.0,2.0
GPT_4O_baseline,1.0,2.0,1.0,1.0,,1.0,1.0,1.0
GPT-OSS_120B_chainofthought,1.0,2.0,0.0,2.0,0.0,0.0,0.0,0.0
LLAMA3_1_70B_chainofthought,1.0,2.0,1.0,2.0,1.0,1.0,1.0,1.0
LLAMA3_70B_chainofthought,1.0,1.0,1.0,2.0,1.0,1.0,1.0,1.0
PHI3_INSTRUCT_chainofthought,2.0,2.0,2.0,2.0,1.0,2.0,2.0,2.0
QWEN2_5VL_32B_chainofthought,1.0,2.0,1.0,2.0,1.0,2.0,1.0,1.0
QWEN2_5VL_72B_chainofthought,1.0,2.0,0.0,1.0,1.0,1.0,0.0,1.0
QWEN2_5VL_7B_chainofthought,1.0,1.0,1.0,1.0,1.0,1.0,1.0,1.0
QWEN3_32B_chainofthought,2.0,1.0,0.0,2.0,0.0,2.0,0.0,1.0
QWEN_7B_chainofthought,1.0,1.0,2.0,1.0,1.0,1.0,1.0,1.0
GPT_4O_chainofthought,1.0,2.0,1.0,1.0,0.0,2.0,1.0,1.0
GPT-OSS_120B_declarative,1.0,2.0,1.0,2.0,0.0,2.0,0.0,0.0
LLAMA3_1_70B_declarative,1.0,1.0,1.0,2.0,1.0,1.0,1.0,1.0
LLAMA3_70B_declarative,2.0,1.0,1.0,2.0,1.0,2.0,1.0,1.0
PHI3_INSTRUCT_declarative,2.0,1.0,1.0,1.0,1.0,1.0,1.0,1.0
QWEN2_5VL_32B_declarative,2.0,2.0,1.0,2.0,0.0,2.0,1.0,1.0
QWEN2_5VL_72B_declarative,1.0,2.0,0.0,2.0,1.0,1.0,1.0,1.0
QWEN2_5VL_7B_declarative,1.0,1.0,1.0,1.0,1.0,1.0,1.0,1.0
QWEN3_32B_declarative,2.0,1.0,0.0,2.0,0.0,2.0,0.0,1.0
QWEN_7B_declarative,1.0,2.0,1.0,1.0,1.0,1.0,1.0,1.0
GPT_4O_declarative,1.0,2.0,1.0,2.0,0.0,1.0,0.0,1.0
GPT-OSS_120B_explicit,1.0,1.0,0.0,2.0,1.0,0.0,0.0,1.0
LLAMA3_1_70B_explicit,1.0,1.0,1.0,2.0,1.0,1.0,1.0,1.0
LLAMA3_70B_explicit,1.0,2.0,1.0,2.0,1.0,2.0,1.0,1.0
PHI3_INSTRUCT_explicit,2.0,1.0,1.0,1.0,1.0,2.0,1.0,1.0
QWEN2_5VL_32B_explicit,2.0,2.0,0.0,2.0,0.0,2.0,0.0,1.0
QWEN2_5VL_72B_explicit,1.0,2.0,0.0,2.0,1.0,1.0,1.0,1.0
QWEN2_5VL_7B_explicit,1.0,2.0,1.0,1.0,1.0,1.0,1.0,1.0
QWEN3_32B_explicit,1.0,2.0,1.0,2.0,0.0,1.0,0.0,0.0
QWEN_7B_explicit,1.0,1.0,1.0,1.0,2.0,1.0,1.0,1.0
GPT_4O_explicit,1.0,2.0,1.0,2.0,1.0,2.0,1.0,1.0
GPT-OSS_120B_parantheses,1.0,2.0,0.0,2.0,0.0,2.0,0.0,0.0
LLAMA3_1_70B_parantheses,1.0,1.0,1.0,2.0,1.0,1.0,1.0,1.0
LLAMA3_70B_parantheses,1.0,2.0,1.0,2.0,1.0,2.0,1.0,1.0
PHI3_INSTRUCT_parantheses,2.0,2.0,1.0,1.0,1.0,2.0,1.0,1.0
QWEN2_5VL_32B_parantheses,1.0,2.0,1.0,2.0,1.0,2.0,1.0,1.0
QWEN2_5VL_72B_parantheses,1.0,1.0,0.0,1.0,1.0,1.0,1.0,1.0
QWEN2_5VL_7B_parantheses,1.0,1.0,1.0,1.0,1.0,1.0,1.0,1.0
QWEN3_32B_parantheses,1.0,1.0,1.0,2.0,0.0,2.0,0.0,0.0
QWEN_7B_parantheses,2.0,1.0,1.0,1.0,2.0,1.0,1.0,1.0
GPT_4O_parantheses,1.0,2.0,1.0,1.0,1.0,1.0,1.0,1.0
GPT-OSS_120B_roleplay,2.0,2.0,0.0,2.0,0.0,2.0,1.0,1.0
LLAMA3_1_70B_roleplay,1.0,1.0,1.0,2.0,1.0,1.0,1.0,1.0
LLAMA3_70B_roleplay,1.0,1.0,1.0,2.0,1.0,2.0,1.0,1.0
PHI3_INSTRUCT_roleplay,1.0,1.0,1.0,1.0,1.0,1.0,1.0,1.0
QWEN2_5VL_32B_roleplay,1.0,2.0,1.0,2.0,0.0,2.0,1.0,1.0
QWEN2_5VL_72B_roleplay,1.0,1.0,0.0,2.0,1.0,1.0,1.0,1.0
QWEN2_5VL_7B_roleplay,1.0,1.0,0.0,1.0,0.0,1.0,1.0,1.0
QWEN3_32B_roleplay,2.0,1.0,0.0,2.0,0.0,2.0,1.0,0.0
QWEN_7B_roleplay,1.0,1.0,1.0,1.0,0.0,1.0,1.0,1.0
GPT_4O_roleplay,1.0,2.0,1.0,2.0,1.0,1.0,1.0,1.0
