D_INTERVIEW,Q224,Q225,Q226,Q227,Q228,Q229,Q230,Q231,Q232,Q233
51070001,3,-2,1,1,3,4,-1,4,-1,3
51070002,4,4,1,-1,-1,4,-1,1,1,-1
51070003,3,4,3,4,4,4,2,4,2,3
51070004,3,4,1,1,3,3,2,3,2,1
51070005,1,1,1,1,4,3,2,2,1,1
51070006,3,2,1,-1,2,3,1,2,2,1
51070007,3,-1,4,2,3,-1,2,3,2,1
51070008,4,2,1,2,4,4,2,3,3,1
51070009,3,4,3,2,3,2,-1,-1,-1,1
51070010,2,3,1,2,2,2,3,3,2,3
51070011,4,2,1,1,3,3,2,2,3,2
51070012,3,3,4,1,3,4,3,3,1,1
51070013,4,2,1,4,1,2,3,4,2,1
51070014,3,3,3,-1,1,3,2,4,3,1
51070015,3,1,1,3,1,3,3,4,2,2
51070016,2,2,3,3,4,3,3,4,2,1
51070017,4,-1,2,1,4,4,2,-1,-1,1
51070018,1,4,1,4,3,1,1,4,1,1
51070019,1,4,4,4,1,1,1,4,2,1
51070020,1,4,1,3,1,1,2,4,2,1
51070021,3,1,1,1,4,4,1,1,1,1
51070022,-1,4,3,2,3,2,2,4,2,1
51070023,3,1,2,1,3,3,2,4,2,3
51070024,4,4,-1,2,3,3,3,2,3,3
51070025,3,2,3,2,4,4,2,4,1,1
51070026,2,2,2,2,3,4,3,4,2,2
51070027,-1,-1,2,2,2,3,2,4,2,2
51070028,3,3,3,1,2,3,3,4,4,1
51070029,-1,-1,-1,1,3,-1,-1,-1,-1,1
51070030,2,3,3,3,4,2,3,3,2,2
51070031,2,2,3,3,2,3,2,4,4,2
51070032,2,3,3,3,3,3,2,3,3,2
51070033,3,2,-1,2,4,4,-1,4,-1,2
51070034,-1,-1,-1,-1,-1,4,2,4,-1,1
51070035,3,4,3,-1,4,4,2,-1,-1,1
51070036,4,4,-1,1,4,4,2,2,-1,1
51070037,1,3,1,1,1,3,1,4,3,3
51070038,1,3,2,2,1,3,1,4,1,1
51070039,1,1,3,2,2,2,2,3,2,2
51070040,2,1,-1,-1,1,-1,-1,4,-1,1
51070041,-1,2,3,3,3,2,2,2,4,1
51070042,4,4,3,-1,4,-1,1,4,1,1
51070043,3,4,3,2,4,4,4,4,4,1
51070044,4,-1,3,-1,4,-1,1,4,1,1
51070045,3,4,3,4,2,3,3,4,4,1
51070046,-1,-1,3,2,4,3,3,-1,-1,-1
51070047,3,4,3,3,1,3,-1,4,1,1
51070048,1,4,1,2,1,1,1,2,1,1
51070049,4,1,4,1,3,4,1,1,2,1
51070050,1,-1,2,1,2,4,1,4,-1,1
51070051,3,2,3,2,2,3,2,4,4,1
51070052,3,1,3,1,2,3,1,3,2,1
51070053,4,4,3,3,3,4,3,4,4,2
51070054,4,2,3,1,2,3,2,3,2,3
51070055,1,3,3,3,3,1,3,3,1,1
51070056,4,4,3,2,2,3,2,4,2,2
51070057,3,4,2,2,3,4,1,1,2,1
51070058,3,2,2,2,3,3,2,3,2,3
51070059,4,4,4,2,4,4,2,3,3,4
51070060,-1,4,1,-1,-1,-1,-1,-1,-1,-1
51070061,4,4,4,1,4,4,3,-1,3,1
51070062,1,4,3,-1,3,3,2,4,-1,1
51070063,2,3,2,3,2,3,3,4,2,2
51070064,3,-1,3,-1,-1,3,2,-1,-1,3
51070065,4,-1,-1,1,3,4,3,2,-1,2
51070066,2,4,2,4,1,-1,4,4,2,1
51070067,2,2,2,3,2,2,4,3,2,2
51070068,3,2,3,1,3,4,2,2,2,3
51070069,2,3,-1,3,3,-1,-1,4,3,2
51070070,2,2,3,2,3,3,-1,3,4,2
51070071,2,-1,3,-1,-1,-1,-1,4,2,1
51070072,4,-1,-1,2,2,-1,2,4,2,2
51070073,3,3,3,2,1,3,2,4,2,2
51070074,3,2,2,1,4,4,2,3,2,2
51070075,4,2,-1,2,-1,-1,2,4,-1,2
51070076,3,4,3,1,3,2,1,2,2,1
51070077,3,2,3,2,2,3,3,4,4,2
51070078,3,3,4,2,2,4,2,2,2,1
51070079,2,4,-1,4,2,3,2,2,1,2
51070080,-1,3,3,2,3,3,3,-1,2,3
51070081,2,3,4,1,1,3,2,4,1,1
51070082,2,-1,2,-1,3,-1,-1,-1,2,-1
51070083,2,-1,-1,-1,-1,3,-1,3,-1,3
51070084,3,1,3,2,2,2,-1,2,2,1
51070085,3,4,3,1,1,4,3,4,3,1
51070086,3,2,-1,-1,-1,-1,-1,4,1,3
51070087,4,3,1,-1,1,4,1,4,2,1
51070088,3,-1,3,2,2,2,1,4,3,1
51070089,4,1,4,1,4,4,1,4,4,1
51070090,3,3,3,2,3,2,2,3,2,2
51070091,2,-1,3,3,2,4,3,3,2,2
51070092,2,4,4,2,2,4,4,4,1,2
51070093,-1,3,4,3,2,2,2,4,2,1
51070094,3,2,2,2,4,4,2,4,2,1
51070095,3,3,2,3,3,3,3,4,1,1
51070096,4,3,4,2,-1,-1,2,4,3,4
51070097,3,3,3,2,2,3,3,4,4,1
51070098,3,3,3,3,2,3,3,4,3,1
51070099,1,1,1,3,3,4,1,3,1,1
51070100,4,2,2,2,4,4,2,4,4,3
51070101,-1,-1,2,-1,-1,-1,-1,-1,-1,2
51070102,4,4,4,4,1,-1,1,3,4,3
51070103,3,3,3,4,-1,3,2,3,-1,2
51070104,2,2,2,2,-1,2,-1,4,3,1
51070105,4,2,3,2,3,3,1,2,3,1
51070106,3,2,3,1,3,3,2,4,3,2
51070107,3,3,-1,2,3,-1,-1,4,3,-1
51070108,4,1,4,1,4,4,1,1,3,1
51070109,3,1,2,2,3,3,2,2,4,1
51070110,1,3,1,3,3,3,1,4,1,1
51070111,3,-1,-1,2,1,2,1,4,1,1
51070112,4,2,3,1,3,4,1,2,3,3
51070113,2,3,2,3,4,3,3,3,2,2
51070114,2,4,3,4,2,2,-1,4,2,2
51070115,2,4,4,-1,3,3,-1,4,2,2
51070116,-1,2,2,2,3,4,2,4,2,2
51070117,-1,1,1,-1,1,-1,-1,-1,3,1
51070118,3,2,-1,1,3,-1,1,-1,1,1
51070119,3,3,3,3,1,3,1,3,3,1
51070120,4,1,3,1,1,4,1,3,1,1
51070121,1,1,1,1,1,2,1,3,1,1
51070122,2,1,3,2,2,2,1,1,2,1
51070123,3,1,3,1,4,4,2,3,3,1
51070124,1,4,1,3,2,2,1,4,1,1
51070125,2,1,1,4,4,3,1,4,4,1
51070126,2,-1,2,2,-1,3,2,3,1,1
51070127,-1,-1,2,-1,-1,3,-1,2,4,2
51070128,3,1,2,1,2,3,2,1,2,1
51070129,2,3,3,4,3,3,4,4,2,1
51070130,2,3,4,1,2,2,1,3,1,1
51070131,1,-1,4,1,4,4,1,-1,2,1
51070132,3,3,2,2,2,4,1,2,1,2
51070133,3,2,3,2,2,4,2,4,3,1
51070134,2,3,2,1,3,2,3,3,1,2
51070135,4,4,2,2,1,4,2,1,2,1
51070136,3,2,1,2,3,3,2,2,2,1
51070137,3,3,2,2,3,3,-1,-1,2,1
51070138,4,4,3,2,3,3,2,3,2,2
51070139,2,1,4,2,4,4,1,1,2,2
51070140,-1,2,3,3,3,2,2,-1,2,1
51070141,4,4,4,2,4,4,2,4,2,1
51070142,4,2,2,2,4,-1,1,2,3,1
51070143,1,4,4,3,4,2,2,4,1,1
51070144,3,2,3,1,1,4,1,3,1,1
51070145,4,1,4,1,4,4,3,4,2,1
51070146,3,1,1,2,1,3,2,2,4,2
51070147,3,-1,4,-1,2,-1,2,3,2,2
51070148,3,4,4,1,4,4,2,4,2,1
51070149,3,4,2,1,1,3,1,2,2,2
51070150,4,1,4,-1,4,4,4,3,4,1
51070151,4,4,4,4,4,3,-1,4,4,1
51070152,-1,-1,4,2,4,4,2,4,4,1
51070153,2,2,-1,2,4,4,2,4,2,1
51070154,2,-1,-1,-1,3,-1,-1,4,1,1
51070155,3,3,3,2,3,3,2,4,1,1
51070156,1,4,3,4,2,1,2,4,1,1
51070157,-1,4,-1,1,4,-1,1,-1,1,1
51070158,3,3,4,1,1,3,1,3,4,1
51070159,3,2,3,2,3,3,2,4,2,2
51070160,2,4,4,3,1,1,4,3,4,2
51070161,2,4,4,4,1,3,1,3,4,1
51070162,2,3,2,3,1,1,1,4,1,1
51070163,4,2,2,1,3,3,2,4,2,2
51070164,4,4,1,1,4,4,2,4,4,1
51070165,2,4,1,3,2,2,1,4,1,4
51070166,2,4,4,2,2,2,2,4,3,2
51070167,4,4,2,2,2,4,2,4,3,2
51070168,2,2,3,1,1,3,1,1,3,3
51070169,3,3,2,2,3,3,2,3,2,1
51070170,-1,-1,3,-1,3,3,3,4,1,1
51070171,-1,3,3,1,3,3,1,3,1,1
51070172,3,2,2,1,2,3,1,3,2,1
51070173,3,2,1,1,3,4,1,2,1,1
51070174,4,-1,-1,1,-1,4,2,4,1,1
51070175,4,4,1,2,2,4,1,2,1,1
51070176,4,4,3,2,4,4,2,4,2,1
51070177,3,1,3,1,3,4,1,1,2,1
51070178,3,2,1,3,4,4,2,4,1,1
51070179,4,3,4,1,1,2,4,2,4,3
51070180,3,-1,-1,-1,3,3,1,4,1,1
51070181,1,4,2,4,2,4,1,4,1,2
51070182,4,3,4,1,4,4,2,2,2,3
51070183,2,2,2,1,2,1,4,4,2,1
51070184,3,1,4,3,2,4,3,4,2,3
51070185,-1,-1,-1,-1,-1,-1,-1,4,-1,1
51070186,4,4,2,1,2,2,2,-1,2,2
51070187,4,2,4,2,4,4,1,1,2,1
51070188,3,4,1,2,3,3,1,2,1,2
51070189,-1,-1,2,2,-1,3,-1,2,-1,2
51070190,4,3,2,2,3,3,2,4,2,1
51070191,4,3,3,3,3,3,2,3,3,3
51070192,3,3,2,2,4,4,2,3,1,1
51070193,2,-1,2,2,4,3,3,4,2,1
51070194,4,1,3,1,2,2,2,4,1,2
51070195,3,3,1,2,1,1,1,4,3,1
51070196,4,2,1,1,3,3,3,-1,2,1
51070197,-1,-1,2,1,-1,3,2,3,-1,2
51070198,3,2,2,1,3,3,2,2,2,2
51070199,2,3,2,3,3,2,3,4,2,1
51070200,2,2,2,2,2,-1,2,4,4,1
51070201,3,2,-1,-1,-1,-2,-1,3,-1,1
51070202,3,3,2,2,2,4,2,2,2,1
51070203,4,3,4,4,2,4,4,4,3,3
51070204,2,1,3,3,3,3,1,3,1,3
51070205,2,4,2,4,4,4,4,4,2,2
51070206,2,3,2,3,2,2,2,3,2,1
51070207,2,4,3,1,3,3,1,4,2,1
51070208,4,1,4,1,3,3,1,3,2,3
51070209,2,2,2,4,2,2,4,3,3,1
51070210,4,-1,3,2,3,4,2,3,2,1
51070211,3,4,3,2,3,3,1,2,2,2
51070212,2,1,3,1,3,2,1,3,2,2
51070213,2,3,2,2,3,3,2,4,1,2
51070214,2,2,3,3,3,3,3,2,2,1
51070215,2,3,3,2,1,3,1,3,1,1
51070216,4,2,3,3,3,4,2,3,2,1
51070217,4,4,2,1,3,4,2,2,3,3
51070218,3,4,3,2,3,3,2,3,1,1
51070219,2,4,4,2,4,-1,2,2,-1,1
51070220,4,-1,4,2,4,4,2,4,2,1
51070221,3,2,2,2,2,4,2,4,2,2
51070222,1,4,4,3,4,4,4,4,2,2
51070223,2,1,1,3,2,3,4,4,1,1
51070224,4,1,-1,1,-1,3,3,2,3,2
51070225,-1,2,-1,-1,-1,-1,-1,-1,-2,1
51070226,1,4,2,4,1,-2,4,4,1,1
51070227,-1,4,1,3,4,4,1,4,1,3
51070228,1,4,4,3,3,4,3,4,1,1
51070229,1,-1,1,-1,2,3,-1,-1,-1,1
51070230,3,-1,3,3,4,4,2,4,3,2
51070231,-1,-1,-1,2,2,-1,-1,4,3,1
51070232,1,4,3,2,3,1,2,4,1,1
51070233,1,4,4,-1,-1,-1,-1,-1,1,1
51070234,3,3,4,2,3,4,2,4,2,2
51070235,3,2,2,2,4,4,2,2,2,1
51070236,3,3,1,1,4,3,1,4,1,1
51070237,3,-1,-1,3,4,-1,2,-1,2,1
51070238,3,1,4,1,1,4,2,2,1,2
51070239,4,1,-1,1,-1,4,3,-1,1,1
51070240,4,-1,4,1,4,4,-1,4,4,1
51070241,4,1,4,1,4,4,3,4,-1,1
51070242,3,3,3,1,4,4,2,2,1,3
51070243,2,2,1,2,3,3,3,4,1,1
51070244,4,2,3,1,3,4,2,-1,2,1
51070245,-1,-1,-2,-1,-1,-1,4,4,-1,4
51070246,3,2,2,2,3,3,1,3,1,1
51070247,3,3,3,3,3,3,3,3,3,1
51070248,4,1,2,2,4,4,2,4,1,1
51070249,2,-1,4,4,4,4,-1,-2,1,1
51070250,2,-2,3,-1,-1,-1,-1,-1,-1,1
51070251,1,3,2,2,2,2,2,4,1,1
51070252,4,4,4,1,4,4,4,2,1,1
51070253,2,4,4,2,3,3,1,2,2,1
51070254,2,4,2,4,2,1,1,4,4,1
51070255,2,2,2,4,1,2,4,4,1,1
51070256,-1,-1,-1,-2,-2,-2,-2,4,1,1
51070257,2,4,4,2,4,2,1,2,1,1
51070258,1,3,3,4,3,1,-1,4,1,1
51070259,1,4,4,1,4,2,1,4,1,1
51070260,3,3,4,1,4,4,-1,4,1,1
51070261,4,4,4,-1,4,2,-1,4,-1,1
51070262,4,4,1,4,1,4,2,3,1,2
51070263,1,1,4,1,3,4,4,1,4,4
51070264,4,1,4,4,4,4,4,4,2,4
51070265,3,3,3,2,3,3,2,4,1,1
51070266,3,4,3,3,1,2,1,4,4,2
51070267,3,2,3,2,2,3,2,3,2,1
51070268,-1,2,3,2,2,2,2,3,3,1
51070269,3,2,3,1,4,3,2,2,3,2
51070270,-1,-1,2,4,2,3,2,3,2,1
51070271,-1,-1,1,2,1,4,1,4,1,1
51070272,2,2,3,2,2,1,2,4,2,1
51070273,2,4,1,1,4,2,2,4,2,1
51070274,-1,2,4,-1,-1,2,-1,-1,1,2
51070275,4,-1,-1,2,4,4,2,2,3,1
51070276,2,4,4,2,4,3,2,4,1,1
51070277,4,3,4,1,1,4,1,-1,2,1
51070278,-1,-1,3,-1,-1,-1,2,-1,-1,1
51070279,3,2,4,1,4,2,2,2,2,1
51070280,3,3,3,3,3,3,1,3,3,2
51070281,4,-1,4,2,4,3,1,4,2,2
51070282,4,4,4,1,4,-1,1,2,2,1
51070283,3,4,4,2,2,2,2,4,3,2
51070284,4,3,2,2,4,4,2,4,1,3
51070285,4,-1,-1,2,-1,4,1,-1,-1,1
51070286,3,-1,4,2,1,3,2,4,-1,1
51070287,-1,-1,2,2,3,-1,-1,4,2,2
51070288,3,3,1,1,3,3,1,3,2,1
51070289,4,-1,3,2,2,-1,-1,4,2,1
51070290,4,3,3,2,-1,4,2,4,2,1
51070291,2,4,-1,-1,-1,3,-1,4,1,2
51070292,3,1,3,1,4,3,3,4,2,1
51070293,4,2,-1,2,3,3,3,3,3,3
51070294,3,3,3,4,4,3,3,4,2,1
51070295,4,4,4,3,4,4,4,4,4,2
51070296,4,3,4,3,-1,4,1,4,3,1
51070297,3,-1,-1,3,4,4,2,3,1,1
51070298,-2,-2,-2,-2,-2,-2,-2,-2,-2,-2
51070299,-1,-1,-1,-1,-1,-1,2,4,1,1
51070300,-1,-1,-1,1,-1,4,-1,4,1,1
51070301,4,3,3,2,2,4,2,4,2,4
51070302,2,-1,3,4,2,3,2,3,2,1
51070303,1,1,2,-1,3,2,-1,4,1,1
51070304,3,3,4,2,2,2,1,3,2,1
51070305,1,4,4,4,4,3,1,4,1,1
51070306,2,2,3,2,3,3,2,4,-1,1
51070307,-1,-1,1,1,2,-1,1,4,1,1
51070308,4,1,1,1,4,4,3,4,1,1
51070309,2,-1,2,2,2,3,2,2,1,1
51070310,2,2,2,2,1,3,-1,4,1,2
51070311,4,-1,3,1,3,3,3,4,1,2
51070312,3,4,3,2,4,4,2,4,2,2
51070313,1,4,4,4,1,1,-1,4,1,1
51070314,4,2,3,3,4,4,2,4,2,3
51070315,-1,-1,-1,-1,4,-1,-1,-1,2,2
51070316,2,2,2,2,3,4,3,3,2,2
51070317,2,4,2,4,2,2,2,4,1,1
51070318,3,3,3,4,4,3,3,3,2,1
51070319,3,3,4,2,3,3,3,3,2,1
51070320,4,-1,-1,2,4,4,1,4,-1,1
51070321,3,4,3,2,3,3,1,4,1,2
51070322,3,1,3,2,4,4,2,4,1,1
51070323,2,-1,3,2,4,-1,2,4,2,2
51070324,-1,-1,3,-1,3,3,-1,3,-1,1
51070325,1,4,4,1,1,4,1,4,1,1
51070326,1,4,1,-1,1,1,-1,-1,1,1
51070327,1,-2,-2,-1,2,-2,-2,4,1,1
51070328,3,-1,2,2,3,3,1,3,2,2
51070329,-1,3,2,2,4,3,1,2,2,1
51070330,3,4,1,1,4,4,1,4,1,1
51070331,3,3,3,1,4,4,-1,4,1,1
51070332,3,3,3,2,2,3,2,3,2,1
51070333,3,-1,3,2,4,3,2,4,2,1
51070334,4,4,4,1,4,4,-1,4,1,1
51070335,3,4,2,-1,3,4,2,3,1,1
51070336,-1,-1,1,4,1,1,-1,4,1,1
51070337,1,-1,2,2,3,-1,1,2,-1,4
51070338,1,4,1,4,1,2,2,4,1,1
51070339,2,4,2,3,2,2,2,4,2,1
51070340,4,-1,4,1,4,4,2,4,1,1
51070341,4,2,1,1,4,4,2,4,2,1
51070342,1,4,3,4,2,2,4,4,1,1
51070343,2,4,2,2,1,3,2,-1,1,1
51070344,3,4,4,2,4,3,1,3,1,3
51070345,3,3,2,1,-1,4,1,2,1,2
51070346,3,3,4,1,4,3,1,3,1,1
51070347,2,4,1,1,3,3,2,3,3,3
51070348,4,1,1,1,4,1,1,-1,2,2
51070349,3,2,1,2,3,2,1,4,2,1
51070350,4,1,1,1,4,4,1,4,4,1
51070351,4,1,2,3,2,3,3,4,2,1
51070352,3,3,1,1,2,2,2,2,2,1
51070353,1,3,2,2,2,3,2,2,2,2
51070354,1,1,3,2,2,4,2,3,1,1
51070355,-1,-1,-1,-1,-1,4,2,-1,-1,1
51070356,2,2,2,2,4,4,1,4,1,1
51070357,-1,-1,4,1,2,3,1,3,-1,1
51070358,4,3,-1,4,3,3,3,3,2,2
51070359,2,-1,1,2,2,1,-2,4,-2,1
51070360,3,2,2,1,4,3,1,3,2,1
51070361,-1,2,-2,1,2,4,1,-2,2,1
51070362,3,2,2,2,2,-1,-1,-2,-2,-2
51070363,-1,-1,-2,2,3,-2,-1,-1,2,2
51070364,-1,1,3,1,2,3,1,4,1,1
51070365,3,4,3,1,1,3,1,4,1,1
51070366,3,2,3,1,4,4,1,4,2,1
51070367,4,4,2,1,4,4,1,2,1,1
51070368,2,4,4,4,4,2,2,4,2,1
51070369,3,4,4,2,3,3,1,4,1,1
51070370,4,4,2,-1,1,-1,-1,4,1,1
51070371,2,-1,4,3,2,-1,-1,4,1,1
51070372,4,2,3,2,3,3,2,4,2,1
51070373,4,2,2,1,4,4,1,1,3,1
51070374,3,2,3,2,2,2,2,3,2,1
51070375,3,2,4,1,3,4,2,3,1,1
51070376,1,4,3,1,3,3,-1,4,4,1
51070377,3,1,4,2,3,3,2,4,2,1
51070378,1,2,2,3,1,1,4,4,1,1
51070379,3,3,1,1,4,4,1,3,1,3
51070380,3,3,3,2,4,4,2,3,3,1
51070381,3,3,2,3,3,3,2,-1,3,2
51070382,1,-1,-1,4,-1,-1,2,-1,2,1
51070383,4,4,1,2,-1,3,3,4,1,1
51070384,-1,4,4,2,4,4,2,2,2,1
51070385,-1,-1,2,2,-1,-1,1,-1,2,1
51070386,4,1,3,2,4,2,2,4,1,1
51070387,3,4,1,2,4,4,2,4,1,2
51070388,4,3,2,1,4,4,2,3,1,4
51070389,-1,4,2,4,4,4,2,4,2,1
51070390,-1,4,4,2,4,4,-1,4,-1,1
51070391,3,2,-1,2,4,4,2,2,2,2
51070392,2,3,4,2,4,3,2,-1,1,1
51070393,4,2,4,1,2,4,2,-1,1,1
51070394,3,2,4,1,2,3,2,4,1,2
51070395,1,4,4,3,4,3,2,4,4,2
51070396,4,-1,1,1,1,3,1,4,2,1
51070397,2,2,2,2,2,2,2,4,4,2
51070398,4,1,1,2,1,4,1,4,1,1
51070399,4,-1,4,2,3,-1,-1,4,4,2
51070400,4,2,3,1,4,4,1,3,3,1
51070401,-1,3,3,-1,3,-1,-1,4,1,3
51070402,1,2,1,-1,1,3,4,3,3,1
51070403,4,1,-1,1,4,-2,2,4,4,4
51070404,-1,4,4,4,4,4,2,3,2,2
51070405,2,-1,3,1,4,3,2,4,1,1
51070406,2,4,2,4,2,2,2,4,1,1
51070407,3,4,2,2,2,3,1,4,1,1
51070408,3,-1,-1,3,2,-1,2,-1,2,1
51070409,3,3,3,3,3,3,2,3,2,1
51070410,3,3,3,4,3,4,4,4,1,1
51070411,2,1,2,1,2,3,1,4,1,3
51070412,4,-1,-1,1,1,4,1,4,1,1
51070413,4,1,4,1,2,2,2,4,2,1
51070414,3,-1,4,4,2,2,-1,4,-1,2
51070415,1,2,4,1,4,3,1,-2,2,1
51070416,-2,4,2,2,4,-2,2,-1,2,2
51070417,4,2,4,1,4,4,1,4,1,1
51070418,3,1,2,1,3,3,2,3,4,3
51070419,4,1,3,1,3,4,1,4,2,1
51070420,4,-1,4,4,4,4,3,4,-1,1
51070421,4,4,4,1,4,3,1,4,2,1
51070422,4,1,2,2,4,3,1,3,1,1
51070423,1,1,1,1,1,3,1,4,4,4
51070424,3,4,2,-1,2,3,3,3,3,3
51070425,4,-1,-1,2,4,-1,2,3,3,1
51070426,3,4,4,3,4,3,2,4,2,1
51070427,-1,-1,4,-1,3,4,-1,4,2,2
51070428,-1,1,2,-1,3,4,-1,4,1,2
51070429,3,4,3,3,4,3,2,4,1,1
51070430,3,4,2,2,2,2,3,3,2,1
51070431,3,2,3,2,3,4,1,4,2,4
51070432,3,4,4,2,1,2,1,4,1,1
51070433,-1,-1,3,1,3,-1,2,4,2,2
51070434,4,4,-1,2,2,4,3,4,4,1
51070435,4,2,3,1,4,4,4,4,1,1
51070436,4,2,-1,1,3,3,1,3,2,1
51070437,1,4,4,1,4,2,1,1,1,1
51070438,-1,4,-1,4,1,2,-1,4,2,2
51070439,-1,-1,-1,2,4,-1,-1,-1,-1,2
51070440,3,4,4,1,4,-1,2,4,2,2
51070441,-1,4,2,1,4,-1,1,-1,2,1
51070442,3,2,3,2,2,3,1,3,1,1
51070443,4,-1,3,1,1,4,1,1,1,1
51070444,4,3,3,1,4,3,2,2,4,1
51070445,-1,-1,1,4,4,-1,-1,4,4,1
51070446,1,3,3,2,3,3,3,4,4,1
51070447,-1,-1,3,1,2,3,2,4,4,2
51070448,2,4,4,2,4,4,1,2,4,4
51070449,4,4,3,1,1,3,-1,2,3,1
51070450,2,3,2,4,2,1,2,4,2,1
51070451,1,4,3,4,1,1,4,4,4,2
51070452,3,-1,1,2,4,-1,-1,4,1,1
51070453,1,-1,-1,-1,1,1,2,-1,1,1
51070454,3,2,3,-1,-1,3,3,4,1,3
51070455,1,2,1,1,1,3,2,4,4,1
51070456,3,4,3,4,3,3,-1,4,4,1
51070457,3,3,3,2,3,3,1,2,2,1
51070458,4,3,1,1,4,4,1,3,3,1
51070459,2,2,3,1,4,3,1,-1,3,1
51070460,4,3,4,4,-1,2,-1,4,1,1
51070461,-1,3,-1,-1,-1,-1,-1,-1,2,1
51070462,2,-1,-1,-1,4,4,-1,4,1,1
51070463,3,2,3,1,2,4,2,4,1,1
51070464,3,3,2,2,3,3,2,4,3,1
51070465,4,4,4,1,3,3,4,4,-1,1
51070466,1,4,4,4,1,1,4,4,1,1
51070467,2,2,2,2,2,3,2,2,1,1
51070468,2,-1,4,1,1,3,1,1,1,1
51070469,3,2,2,2,2,-1,2,2,-1,2
51070470,3,4,4,2,3,3,1,2,-1,1
51070471,3,-1,-1,1,-1,-1,2,3,-1,2
51070472,2,4,2,2,1,2,1,1,1,1
51070473,2,3,-1,3,2,1,4,4,1,2
51070474,3,1,1,2,3,3,2,3,2,2
51070475,4,2,1,1,4,4,1,4,2,2
51070476,-2,-2,-2,-2,-2,-2,-2,-2,-2,-2
51070477,4,2,1,1,2,3,1,3,1,2
51070478,3,2,3,2,3,3,1,2,-2,2
51070479,3,4,-2,-1,-2,3,-1,3,-2,1
51070480,3,3,-2,2,2,3,2,3,2,2
51070481,-1,-2,-2,4,-1,3,-1,3,2,1
51070482,2,2,2,2,2,3,2,4,2,1
51070483,3,2,2,2,3,4,2,2,-1,4
51070484,-1,2,2,-1,-1,4,-1,-1,2,1
51070485,4,4,-1,3,2,4,1,4,1,1
51070486,4,2,2,3,4,4,2,2,2,1
51070487,2,3,2,3,4,1,3,4,1,1
51070488,3,2,3,2,1,4,1,3,1,1
51070489,3,4,3,2,2,4,1,1,1,1
51070490,4,-1,1,3,-1,4,1,4,2,1
51070491,1,3,3,-1,4,2,2,4,3,1
51070492,4,3,3,1,2,2,1,3,1,1
51070493,4,3,4,-1,2,3,3,4,1,1
51070494,-1,-1,-1,-1,-1,-1,4,4,4,1
51070495,3,3,3,1,1,1,1,4,4,1
51070496,3,4,4,-1,-1,-1,-1,4,1,1
51070497,-1,4,1,3,1,4,1,3,1,1
51070498,3,3,2,2,1,2,2,3,3,1
51070499,-1,-1,-1,-1,-1,-1,-1,-1,-1,1
51070500,3,4,4,3,4,4,3,4,1,1
51070501,1,4,4,3,1,1,1,4,1,1
51070502,1,4,4,2,2,1,2,4,1,1
51070503,4,4,4,3,1,1,1,4,1,1
51070504,4,1,1,1,-1,3,2,1,2,2
51070505,4,1,3,1,3,3,1,4,4,1
51070506,4,-1,1,1,1,4,1,4,1,1
51070507,4,-1,4,4,4,4,2,4,4,1
51070508,-1,4,3,1,4,4,1,4,1,1
51070509,4,1,4,1,1,4,-1,4,1,1
51070510,4,3,4,1,4,4,3,4,1,1
51070511,3,3,3,1,3,3,1,3,1,1
51070512,3,-1,2,3,1,3,2,4,1,1
51070513,2,3,4,2,2,3,2,2,1,1
51070514,4,1,4,1,3,4,1,1,1,3
51070515,-1,2,-1,2,2,-1,1,3,1,2
51070516,1,4,3,1,2,3,2,3,2,1
51070517,3,2,2,2,2,2,1,2,2,4
51070518,3,4,4,3,4,2,-1,4,1,1
51070519,4,4,4,2,2,-1,2,4,1,1
51070520,3,2,3,3,4,3,3,4,1,3
51070521,-1,4,3,2,4,4,2,4,1,1
51070522,3,4,2,2,4,4,2,3,2,4
51070523,4,3,4,2,3,4,2,3,2,1
51070524,1,4,4,2,1,-1,2,3,1,1
51070525,4,4,4,1,-1,4,1,4,1,1
51070526,3,4,4,2,-1,4,2,4,1,1
51070527,4,1,-1,-1,-1,-1,1,-1,-1,1
51070528,4,-1,-1,-1,-1,-1,-1,4,-1,1
51070529,1,2,1,-1,2,1,-1,4,4,2
51070530,3,2,-1,-1,-1,3,2,-1,2,1
51070531,4,1,1,1,1,1,1,1,1,1
51070532,1,1,-1,2,4,4,1,-1,1,-1
51070533,3,2,2,2,3,4,3,-1,4,2
51070534,4,-1,4,1,1,1,1,4,4,2
51070535,3,-1,3,2,4,3,1,-1,3,2
51070536,4,1,1,1,1,4,2,4,1,1
51070537,3,1,3,1,3,4,1,4,1,1
51070538,4,4,1,1,4,4,1,1,4,2
51070539,3,2,2,2,2,2,1,4,4,1
51070540,3,4,4,2,3,2,3,4,2,2
51070541,1,-1,3,1,2,3,1,1,4,1
51070542,3,3,1,3,4,3,1,4,-1,1
51070543,3,-1,2,2,4,1,1,4,1,1
51070544,4,4,4,1,4,4,1,1,3,1
51070545,3,3,3,3,3,3,3,3,3,1
51070546,4,4,3,2,4,2,3,4,2,1
51070547,-1,-1,3,4,4,-1,-1,-1,-1,1
51070548,3,3,3,3,3,3,3,3,3,2
51070549,3,-1,3,2,3,4,2,-1,1,1
51070550,3,1,3,1,3,3,2,3,2,1
51070551,2,2,4,2,3,3,1,2,1,1
51070552,3,4,-1,1,4,3,-1,-1,1,1
51070553,3,2,2,-1,2,2,4,4,1,1
51070554,1,4,4,4,1,1,4,4,1,1
51070555,1,4,3,4,4,-1,-1,4,2,1
51070556,4,4,4,1,4,4,4,4,2,-1
51070557,-1,-1,-1,-1,-1,-1,-1,-1,-1,2
51070558,4,-1,4,1,4,4,1,1,1,1
51070559,4,-1,3,1,3,3,-1,4,1,1
51070560,3,4,2,1,2,4,1,4,3,1
51070561,3,4,3,2,3,3,2,4,1,1
51070562,4,4,3,1,3,3,2,4,1,1
51070563,3,4,3,1,1,4,2,3,1,1
51070564,4,4,3,2,3,4,2,4,3,1
51070565,4,-1,3,-1,4,4,2,4,1,1
51070566,2,-1,-1,2,4,4,4,4,2,2
51070567,-1,-2,4,-1,-1,4,-1,-1,-1,1
51070568,4,4,4,2,4,4,2,4,4,1
51070569,3,4,2,1,-1,4,1,4,-1,1
51070570,4,4,3,4,3,4,4,4,1,1
51070571,4,1,3,1,2,-1,1,3,1,1
51070572,1,4,3,1,1,2,4,4,1,1
51070573,4,3,4,1,1,3,1,4,1,1
51070574,3,-1,4,1,3,3,1,4,2,2
51070575,-1,-1,4,2,4,4,-1,2,1,1
51070576,4,4,4,3,2,3,1,3,1,1
51070577,-1,-1,2,-1,1,-1,1,3,1,1
51070578,3,3,3,3,2,4,3,3,3,1
51070579,2,2,3,3,3,3,3,4,3,2
51070580,3,2,2,2,3,3,2,2,1,2
51070581,4,4,4,2,4,4,4,3,3,3
51070582,3,4,3,2,3,3,2,4,2,1
51070583,3,1,3,2,3,3,1,4,1,1
51070584,2,3,4,2,3,3,1,4,3,3
51070585,3,3,3,2,3,4,1,4,1,3
51070586,3,2,2,1,3,2,1,4,2,3
51070587,2,3,-1,4,2,-1,-1,4,2,2
51070588,3,2,4,2,3,4,2,2,2,1
51070589,3,3,3,1,1,3,3,2,2,3
51070590,4,4,3,-1,2,3,2,4,2,1
51070591,3,3,3,2,3,4,2,4,2,2
51070592,2,4,2,2,2,2,2,4,4,2
51070593,2,4,3,-1,3,-1,-1,4,-1,1
51070594,3,3,2,-1,1,-1,1,-1,2,1
51070595,4,-1,4,-1,4,4,1,-1,2,2
51070596,3,3,3,3,3,3,3,4,2,1
51070597,4,1,3,1,4,4,1,2,-1,1
51070598,4,2,3,3,3,4,1,1,2,1
51070599,2,3,3,3,3,3,3,4,2,1
51070600,3,2,3,2,3,3,1,3,1,1
51070601,2,3,3,1,3,-1,1,3,2,2
51070602,-1,-1,3,1,3,3,2,2,2,2
51070603,3,1,-1,-1,2,4,2,4,3,1
51070604,3,4,4,-1,4,4,1,1,-1,1
51070605,4,2,1,1,3,3,3,3,1,1
51070606,3,4,4,1,4,2,-1,4,1,1
51070607,2,4,4,2,4,2,1,3,1,1
51070608,4,-1,2,-1,3,-1,-1,4,1,1
51070609,-1,2,3,3,3,4,2,4,2,3
51070610,4,-1,3,-1,-1,3,2,-1,2,1
51070611,2,4,2,2,4,3,2,4,2,3
51070612,3,3,4,2,3,2,2,4,2,2
51070613,4,-1,-1,2,2,-1,2,4,2,3
51070614,3,3,3,1,2,3,2,4,1,1
51070615,3,4,3,1,2,3,2,4,1,1
51070616,3,4,3,1,3,3,1,4,1,1
51070617,4,4,2,1,4,4,1,3,1,1
51070618,2,4,3,1,3,4,2,4,1,1
51070619,4,4,1,4,1,3,1,4,4,1
51070620,4,4,4,1,4,4,-1,2,1,4
51070621,4,1,1,1,3,3,1,4,1,1
51070622,3,2,2,1,4,3,1,4,1,1
51070623,1,4,3,-1,4,2,1,4,2,1
51070624,4,4,1,1,4,4,2,4,2,2
51070625,-1,-1,2,-1,3,-1,1,1,1,1
51070626,4,3,1,1,1,4,1,2,1,1
51070627,2,3,3,3,3,1,1,3,1,1
51070628,3,4,3,-1,4,3,1,4,2,1
51070629,4,4,3,2,3,4,2,4,2,1
51070630,2,-1,3,3,2,-1,2,4,1,1
51070631,2,4,4,2,3,3,2,3,4,2
51070632,3,4,3,3,3,4,2,2,3,1
51070633,1,4,4,2,2,2,2,4,1,1
51070634,-1,4,3,3,2,-1,4,4,1,1
51070635,1,2,2,1,1,3,3,4,1,1
51070636,2,2,2,4,4,4,2,4,1,1
51070637,2,4,2,4,4,2,2,4,4,4
51070638,2,4,3,2,3,4,-2,-1,2,2
51070639,4,4,4,1,4,4,2,1,1,1
51070640,3,3,4,2,4,-1,2,4,2,1
51070641,3,2,-2,1,3,4,2,-2,-2,1
51070642,2,4,2,2,2,-1,2,4,2,1
51070643,-1,-1,1,-1,-1,4,-1,-1,-1,2
51070644,-1,-1,2,1,-1,-1,1,4,2,1
51070645,2,4,4,1,3,4,2,4,2,1
51070646,4,-1,2,2,1,1,2,4,2,1
51070647,3,4,3,1,3,4,2,4,1,1
51070648,2,4,4,-1,3,3,2,4,1,1
51070649,3,4,3,1,2,3,1,4,1,1
51070650,-1,4,3,1,3,-1,2,4,1,1
51070651,-1,4,3,1,3,4,1,4,1,1
51070652,1,-2,2,2,1,1,1,4,1,1
51070653,2,2,2,2,1,3,1,2,4,2
51070654,4,1,1,1,1,4,1,3,1,1
51070655,4,1,2,1,2,4,1,1,4,2
51070656,2,4,3,4,4,4,3,4,2,2
51070657,2,3,1,2,2,3,3,2,1,1
51070658,1,4,3,2,4,4,1,4,1,1
51070659,1,4,4,3,2,4,2,4,2,2
51070660,1,1,3,1,4,4,1,1,1,1
51070661,1,2,2,2,4,3,2,4,2,1
51070662,4,3,4,1,4,4,3,3,4,4
51070663,4,4,4,1,4,3,2,4,3,2
51070664,3,3,3,2,3,3,3,3,3,2
51070665,-1,4,3,3,3,3,3,4,1,1
51070666,3,-1,3,-1,-1,-1,-1,-1,-1,-1
51070667,3,-1,3,2,3,4,1,-1,2,1
51070668,4,-1,2,2,2,3,4,3,1,1
51070669,1,1,1,1,1,1,1,4,3,1
51070670,4,4,4,4,4,4,4,4,4,1
51070671,4,3,4,1,4,4,1,1,1,1
51070672,3,2,2,4,2,3,-2,4,-2,1
51070673,3,2,-1,2,-1,3,2,4,2,1
51070674,4,2,4,4,4,4,-2,3,4,-2
51070675,3,-2,3,2,3,-1,2,-2,2,1
51070676,-1,-1,-1,2,3,3,-1,4,2,1
51070677,3,-1,3,3,-1,3,-2,4,-2,1
51070678,3,4,4,1,3,3,2,2,2,1
51070679,4,2,3,4,1,3,1,4,4,1
51070680,-1,2,-1,4,1,2,1,2,1,1
51070681,-1,4,3,4,4,3,-1,4,1,1
51070682,3,2,3,2,3,3,2,4,1,1
51070683,4,1,3,3,-1,4,2,-1,3,1
51070684,3,2,2,1,2,4,1,2,1,1
51070685,3,-1,-1,2,1,2,-1,4,-1,1
51070686,3,2,1,1,4,4,1,3,1,1
51070687,1,-1,4,1,3,3,1,4,1,1
51070688,1,4,4,4,2,1,4,4,1,1
51070689,3,4,2,2,3,-1,2,2,1,1
51070690,3,4,2,3,2,3,2,4,2,1
51070691,2,4,4,2,3,4,2,4,2,2
51070692,3,-1,1,1,1,-1,3,4,1,2
51070693,3,4,2,2,4,3,1,3,-1,1
51070694,2,3,1,1,2,-1,2,3,2,1
51070695,2,4,3,3,3,3,2,4,-1,1
51070696,2,2,2,2,3,3,2,4,-1,1
51070697,3,4,3,2,3,3,2,4,2,1
51070698,1,4,4,1,4,4,1,1,3,1
51070699,1,4,1,4,1,1,4,4,1,1
51070700,1,4,1,2,4,1,1,4,1,1
51070701,4,4,4,4,1,1,1,2,1,1
51070702,2,4,1,3,1,3,3,3,1,1
51070703,4,-1,3,1,-1,-1,1,2,2,2
51070704,2,1,2,2,2,2,1,1,1,2
51070705,2,4,3,2,2,2,3,4,1,1
51070706,3,2,3,2,3,3,2,2,2,2
51070707,2,4,2,4,1,3,2,4,1,1
51070708,3,4,-1,3,2,3,4,3,3,1
51070709,3,4,3,2,3,3,4,4,4,2
51070710,4,2,4,2,3,3,1,3,2,1
51070711,3,3,3,2,3,3,1,4,1,1
51070712,4,3,3,1,3,3,1,3,2,1
51070713,3,3,2,2,3,3,2,3,2,1
51070714,3,1,2,2,3,4,2,4,1,1
51070715,4,2,3,1,4,3,1,4,1,1
51070716,2,-1,3,1,4,4,4,2,2,1
51070717,4,2,4,2,2,4,1,3,4,1
51070718,3,3,3,3,3,3,2,4,4,1
51070719,3,3,3,3,3,4,4,4,2,3
51070720,-1,-1,-1,-1,-1,-1,-1,-1,-1,-1
51070721,1,3,3,3,3,3,4,4,3,4
51070722,4,2,4,1,4,4,3,2,3,1
51070723,-1,-1,4,1,4,4,1,3,3,3
51070724,2,2,1,2,2,-1,2,3,1,3
51070725,4,2,-1,3,3,3,1,3,-1,-1
51070726,2,1,1,-1,1,3,1,-1,2,1
51070727,3,2,2,2,2,1,-1,4,1,1
51070728,-1,-1,3,2,2,3,4,3,1,1
51070729,2,3,-1,-1,2,3,-1,4,2,2
51070730,2,-1,3,2,3,3,2,3,2,1
51070731,3,2,4,1,3,4,3,2,1,1
51070732,2,3,2,3,2,2,3,4,1,1
51070733,3,4,1,4,2,3,2,4,2,1
51070734,1,4,2,2,2,2,1,4,1,1
51070735,4,4,2,4,4,2,-1,2,1,1
51070736,2,4,3,2,3,3,1,4,1,1
51070737,3,3,3,2,3,3,3,4,1,1
51070738,3,-1,3,2,2,2,1,4,1,1
51070739,-1,2,4,1,4,3,2,2,2,1
51070740,2,4,3,-1,3,3,2,-1,2,1
51070741,3,2,3,3,2,-1,-1,3,2,2
51070742,-1,-1,2,-1,2,-1,-1,-1,2,2
51070743,-1,4,2,2,-1,4,2,4,4,2
51070744,2,1,2,1,4,4,1,2,2,4
51070745,-1,-1,-1,1,4,-1,-1,4,1,-1
51070746,1,1,1,2,2,3,2,4,1,1
51070747,4,4,2,1,4,4,1,3,1,1
51070748,1,1,2,1,1,4,4,3,2,1
51070749,3,4,3,1,4,4,1,3,4,2
51070750,3,-1,4,3,3,3,3,4,4,1
51070751,4,4,1,1,-1,-1,2,4,-1,1
51070752,1,1,3,1,4,1,1,4,1,1
51070753,-1,-1,-1,-1,3,-1,-1,4,4,1
51070754,2,3,4,1,2,3,1,2,-1,1
51070755,3,3,1,-1,2,-1,1,4,-1,1
51070756,2,3,3,4,4,3,3,3,3,3
51070757,2,4,1,4,-2,1,1,-1,1,1
51070758,3,3,3,3,3,2,2,3,3,1
51070759,3,4,3,2,-1,-1,-1,-1,-1,3
51070760,1,3,4,4,4,4,-1,4,4,4
51070761,3,2,1,3,2,1,4,1,3,1
51070762,-1,1,4,-1,-1,4,1,4,-1,1
51070763,1,3,3,4,3,2,2,4,2,1
51070764,4,4,4,1,2,3,1,1,3,1
51070765,4,3,3,1,3,2,1,2,2,1
51070766,-1,3,3,-1,2,4,1,4,4,2
51070767,-1,1,1,2,2,4,3,4,3,1
51070768,3,4,2,2,4,-1,1,1,-1,2
51070769,3,3,1,4,3,3,4,4,2,2
51070770,3,3,3,-1,3,3,2,-1,1,1
51070771,4,4,3,2,3,3,-1,3,2,1
51070772,1,4,1,1,4,3,4,3,4,1
51070773,-1,4,3,-1,3,2,-1,4,1,3
51070774,3,3,3,3,3,4,1,4,2,2
51070775,4,2,4,4,4,3,3,4,1,1
51070776,2,4,3,4,3,-1,1,4,1,1
51070777,4,3,3,1,3,4,1,4,1,1
51070778,3,-1,4,4,3,4,2,4,-1,1
51070779,-1,-1,4,1,4,3,1,3,-1,1
51070780,4,4,4,1,4,4,1,3,3,1
51070781,3,1,3,2,3,3,1,1,4,1
51070782,4,-1,4,1,3,4,1,4,1,1
51070783,-1,-2,-1,4,-1,-1,4,4,3,1
51070784,-1,-2,3,-1,-1,-2,-1,4,-2,1
51070785,4,2,4,1,4,4,1,4,2,3
51070786,3,4,1,-1,4,4,-1,4,2,1
51070787,-1,-1,-1,4,-1,1,4,4,1,1
51070788,4,1,-1,1,4,4,1,4,1,1
51070789,-1,-1,2,4,4,3,3,3,4,1
51070790,-1,-1,-1,4,-1,-1,-1,4,-1,1
51070791,2,-1,3,-1,3,2,4,4,1,1
51070792,4,-1,-1,1,3,4,1,2,3,1
51070793,3,-1,3,1,4,-1,1,4,2,1
51070794,1,-1,4,3,4,-1,1,2,1,1
51070795,4,1,2,1,1,3,1,2,2,2
51070796,2,2,1,1,2,3,1,4,2,3
51070797,3,3,4,1,2,4,1,1,2,1
51070798,3,2,2,4,2,3,2,4,1,1
51070799,2,4,3,2,3,4,1,4,3,1
51070800,3,2,2,1,3,3,1,1,1,1
51070801,3,3,2,2,3,3,1,2,1,1
51070802,3,3,3,3,-1,-1,-1,4,1,3
51070803,1,4,4,3,3,1,2,4,1,1
51070804,1,4,4,4,2,2,-1,4,4,2
51070805,2,4,-1,4,-1,-1,-1,4,2,2
51070806,1,4,4,4,4,3,1,4,1,1
51070807,4,2,4,2,4,4,2,4,1,2
51070808,2,4,-2,1,2,1,1,3,2,1
51070809,-1,-1,-1,-1,-1,-1,-1,-1,-1,-1
51070810,3,3,-1,4,2,2,1,4,2,2
51070811,-1,-1,-1,4,3,3,3,3,3,1
51070812,-1,-1,-1,-1,-1,-1,-1,-1,-1,1
51070813,4,4,3,2,3,4,1,4,1,1
51070814,3,4,-1,2,4,2,1,4,2,1
51070815,2,4,3,1,-1,-1,2,4,1,1
51070816,3,4,3,-1,1,-1,3,4,1,1
51070817,4,3,3,2,3,4,2,4,1,1
51070818,4,3,2,1,2,3,1,3,1,2
51070819,3,2,3,-1,3,-1,-1,4,4,1
51070820,4,4,4,1,4,4,1,1,2,1
51070821,2,-1,4,2,-1,4,1,4,2,2
51070822,4,-1,2,1,4,3,1,1,2,1
51070823,4,2,4,3,2,3,2,3,3,1
51070824,1,1,3,4,-1,3,1,4,1,1
51070825,3,3,2,4,2,2,2,4,2,1
51070826,3,4,2,3,3,3,3,4,2,2
51070827,3,4,4,3,2,2,2,2,3,1
51070828,4,1,4,1,4,3,1,4,-1,1
51070829,-1,-1,3,-1,4,-1,1,4,-1,1
51070830,-1,-1,3,1,3,3,1,3,-1,1
51070831,3,4,-1,1,-1,3,1,4,4,1
51070832,4,4,4,1,1,4,1,4,1,1
51070833,1,4,3,1,4,4,2,-1,-1,1
51070834,2,3,2,4,3,3,1,4,1,1
51070835,1,2,1,4,1,3,1,4,1,1
51070836,2,2,3,3,4,4,2,4,2,2
51070837,2,3,3,1,3,4,1,-1,3,1
51070838,3,4,2,2,3,3,-1,4,3,2
51070839,3,3,2,1,3,4,3,4,2,1
51070840,3,3,2,2,2,2,4,3,4,1
51070841,3,3,3,3,3,3,3,3,3,1
51070842,3,4,2,-1,4,4,2,4,2,1
51070843,3,2,4,3,3,4,3,4,2,1
51070844,4,2,4,1,4,4,1,-1,2,3
51070845,4,2,3,1,-1,4,2,3,2,2
51070846,-1,-1,2,1,4,2,1,4,1,1
51070847,4,4,4,2,3,4,1,4,1,1
51070848,-1,-1,2,-1,3,1,2,-2,1,-2
51070849,4,2,-1,1,3,4,1,4,1,1
51070850,1,4,3,4,1,1,4,4,1,1
51070851,-1,4,3,4,4,-1,-1,4,2,1
51070852,2,-1,4,-1,-1,-1,1,-1,-1,1
51070853,3,-1,-1,-1,1,4,1,2,1,4
51070854,3,4,1,1,3,3,2,4,1,1
51070855,3,3,2,3,3,3,1,4,3,3
51070856,4,4,4,4,1,1,1,1,4,1
51070857,2,2,3,2,1,1,1,-1,1,1
51070858,4,4,4,-1,1,4,1,4,1,1
51070859,3,1,4,1,4,4,1,1,1,1
51070860,1,4,1,2,4,1,2,4,1,1
51070861,2,2,2,2,-1,-1,2,4,2,2
51070862,2,2,2,2,4,4,2,4,2,2
51070863,2,2,3,2,3,3,2,4,2,2
51070864,3,3,2,2,2,2,2,2,2,2
51070865,-1,3,-1,-1,-1,-1,-1,-1,2,2
51070866,-1,-1,4,-1,-1,4,-1,-1,1,1
51070867,3,1,1,-2,1,1,1,4,1,1
51070868,4,1,4,3,-1,4,2,-1,1,1
51070869,-1,4,3,-1,1,4,1,4,1,1
51070870,1,3,3,1,3,3,1,3,1,1
51070871,-1,3,2,3,-1,1,1,4,1,1
51070872,1,4,2,2,4,4,2,4,1,1
51070873,4,3,4,2,3,4,3,3,2,2
51070874,3,2,2,2,2,3,2,4,2,2
51070875,3,3,1,1,4,4,1,4,1,1
51070876,4,3,2,1,1,3,1,4,2,2
51070877,4,4,-1,1,3,4,2,2,1,1
51070878,4,2,2,1,2,3,1,2,1,1
51070879,2,4,3,2,4,4,2,3,2,1
51070880,4,2,4,1,2,4,1,2,1,1
51070881,3,2,2,2,3,3,2,4,2,1
51070882,-1,-1,-1,-1,3,-1,2,4,1,1
51070883,-1,-1,-1,-1,-1,-1,-1,4,1,1
51070884,-1,-1,-1,-1,-1,-1,-1,4,1,1
51070885,-1,-1,-1,-1,1,-1,-1,-1,2,1
51070886,-1,3,4,-1,-1,-1,3,4,1,4
51070887,4,1,-1,-1,4,4,1,4,1,1
51070888,3,3,3,2,3,3,1,3,1,1
51070889,4,1,4,1,3,4,1,1,1,1
51070890,3,-1,-1,-1,3,4,4,4,2,1
51070891,1,4,2,2,4,1,4,4,1,1
51070892,4,4,4,1,3,4,2,-1,1,1
51070893,3,1,3,1,4,4,3,4,1,1
51070894,1,-1,-1,-1,-1,4,-1,4,2,2
51070895,4,3,2,2,2,3,4,4,1,1
51070896,4,4,2,3,3,3,1,4,1,1
51070897,3,-1,4,-1,4,3,4,4,1,1
51070898,3,4,3,3,3,3,2,4,1,1
51070899,2,4,3,3,3,3,2,4,3,1
51070900,3,2,3,2,3,4,2,2,2,1
51070901,-1,4,4,1,-1,-1,1,-1,-1,-1
51070902,2,1,2,1,2,3,1,4,1,1
51070903,1,-1,4,1,4,4,2,4,1,1
51070904,2,2,3,2,2,4,1,4,2,2
51070905,4,3,3,2,3,4,1,2,3,1
51070906,4,2,3,4,3,3,4,4,1,1
51070907,3,4,4,2,4,3,2,4,4,3
51070908,2,4,1,-1,2,2,-1,4,1,1
51070909,1,1,-1,1,-1,4,1,3,-1,1
51070910,1,4,2,4,1,4,4,4,4,1
51070911,1,4,4,3,3,2,3,4,1,1
51070912,1,4,2,4,4,2,3,4,1,1
51070913,1,4,-1,4,-1,-1,-1,-1,-1,1
51070914,-1,-1,-1,-1,-1,-1,-1,4,1,1
51070915,4,4,3,-1,4,-1,4,-1,4,1
51070916,3,3,-2,3,-2,-2,2,-2,-2,3
51070917,-1,-1,-1,-1,-1,-1,-1,-1,-1,-1
51070918,4,3,4,1,4,4,2,3,1,4
51070919,4,2,2,1,2,4,1,2,1,1
51070920,4,-1,4,1,4,4,-1,4,1,1
51070921,4,4,4,-1,-1,4,-1,4,-1,1
51070922,-1,-1,4,3,4,4,-1,4,1,1
51070923,3,2,2,1,3,4,1,3,4,2
51070924,4,1,4,1,2,4,1,4,2,2
51070925,-1,-1,-1,-1,-1,-1,1,-1,2,1
51070926,3,2,3,1,1,1,1,4,1,1
51070927,1,4,2,2,2,-1,-1,4,1,1
51070928,3,-1,-1,2,2,4,-1,4,2,2
51070929,-1,-1,4,1,-1,4,2,-1,2,2
51070930,-1,2,2,1,3,2,-1,1,3,2
51070931,3,1,3,-1,-1,-1,2,-1,2,1
51070932,2,4,3,3,2,1,1,4,4,1
51070933,1,4,4,4,-1,3,2,4,1,3
51070934,2,3,2,2,2,3,2,4,2,2
51070935,3,3,3,2,3,3,2,4,2,1
51070936,1,1,3,2,3,3,3,4,2,1
51070937,-1,-1,2,-1,-1,-1,-1,4,-1,3
51070938,4,2,3,1,3,3,2,3,2,1
51070939,2,4,3,2,-1,3,2,4,1,1
51070940,3,3,2,2,3,2,2,4,2,2
51070941,3,1,2,1,2,3,3,4,2,1
51070942,3,3,3,2,3,3,4,4,2,2
51070943,1,1,2,1,1,1,4,2,1,2
51070944,3,2,1,1,3,3,2,3,3,3
51070945,2,2,3,2,2,3,2,4,3,1
51070946,4,2,2,3,3,4,-1,2,2,2
51070947,1,2,1,1,3,3,1,3,1,2
51070948,3,4,2,1,4,4,1,4,4,2
51070949,1,4,3,4,1,3,2,4,1,2
51070950,1,1,1,1,1,1,3,4,1,1
51070951,3,4,3,2,3,3,1,4,1,1
51070952,3,3,4,1,2,2,2,2,3,1
51070953,3,4,4,1,3,3,1,3,3,3
51070954,4,4,4,3,4,4,-1,4,2,2
51070955,1,4,3,3,2,3,3,4,1,1
51070956,4,3,1,2,3,3,2,4,1,3
51070957,4,1,4,1,3,4,2,2,1,1
51070958,2,3,4,3,3,3,1,4,1,1
51070959,2,2,3,3,3,3,2,4,3,2
51070960,3,4,3,2,3,3,2,3,2,1
51070961,3,4,3,2,4,4,2,2,2,2
51070962,3,2,2,2,3,3,2,4,1,3
51070963,-1,-1,3,-1,2,-1,-1,4,1,2
51070964,3,-1,-1,2,4,3,2,-1,1,1
51070965,4,2,4,-1,-1,4,2,-1,2,2
51070966,4,2,-1,4,-1,4,-1,2,2,1
51070967,4,4,3,3,3,4,1,4,4,2
51070968,4,-1,3,-1,3,4,-1,4,1,1
51070969,2,3,3,3,3,3,2,4,3,2
51070970,1,4,2,2,3,2,2,4,4,2
51070971,2,3,2,3,2,2,2,2,2,1
51070972,4,-1,2,4,1,4,1,2,1,1
51070973,4,1,4,1,4,4,1,2,1,1
51070974,4,1,3,3,4,4,1,4,1,1
51070975,1,-1,4,4,4,3,4,4,1,1
51070976,4,1,4,1,4,4,1,1,1,1
51070977,3,-1,4,2,4,4,1,-1,1,1
51070978,2,2,3,2,3,2,2,3,1,1
51070979,3,2,2,1,4,3,2,3,1,1
51070980,1,3,3,2,2,3,2,4,-1,1
51070981,2,4,2,2,3,2,2,4,4,1
51070982,2,3,4,2,4,-1,1,4,1,1
51070983,4,1,4,1,4,4,-1,1,2,1
51070984,1,4,1,1,-1,2,4,3,1,1
51070985,2,4,4,1,4,1,1,1,1,1
51070986,2,4,3,-1,2,2,-1,4,4,1
51070987,2,2,1,2,2,3,2,4,1,1
51070988,4,2,4,1,4,4,4,4,1,1
51070989,4,2,2,1,2,4,2,1,2,2
51070990,1,1,3,1,3,4,-1,4,4,2
51070991,2,-1,2,2,-1,2,-1,4,-1,-1
51070992,2,-1,2,2,2,2,2,4,2,2
51070993,-1,-1,-1,-1,-1,-1,-1,-1,-1,-1
51070994,4,4,2,1,3,4,-1,-1,1,2
51070995,3,1,2,2,4,4,1,3,4,1
51070996,4,2,-2,1,-1,4,1,2,2,1
51070997,4,2,1,2,2,4,-1,2,2,2
51070998,3,-1,2,-1,3,-1,2,4,1,1
51070999,-1,1,3,2,-1,-1,2,3,1,4
51071000,1,3,1,2,3,3,2,3,2,2
51071001,1,1,3,1,3,3,2,4,2,2
51071002,3,-1,3,-1,2,3,1,4,1,1
51071003,2,3,3,-1,3,3,-1,3,3,2
51071004,2,3,3,3,3,2,2,3,2,1
51071005,4,4,3,-1,3,3,2,3,3,2
51071006,2,3,3,2,4,4,2,2,2,2
51071007,3,-1,4,-1,4,4,4,4,3,1
51071008,4,-1,4,1,4,4,1,2,2,2
51071009,-2,-2,-2,-2,-2,-2,-2,-2,-2,-2
51071010,3,1,1,2,4,-1,-1,4,1,1
51071011,4,2,2,3,4,4,2,2,1,1
51071012,3,4,2,2,3,3,1,3,2,1
51071013,2,2,3,4,3,-1,2,4,3,1
51071014,3,3,4,4,4,4,4,4,3,1
51071015,2,2,3,3,3,3,3,3,3,1
51071016,3,2,3,2,4,4,2,3,2,1
51071017,-2,-2,-2,-2,-2,-2,-2,-2,-2,-2
51071018,3,-1,2,4,4,4,3,4,1,1
51071019,3,4,3,4,4,3,-1,-1,-1,-1
51071020,3,4,2,3,4,3,2,3,1,1
51071021,4,1,-1,1,-1,3,1,2,1,1
51071022,-1,-1,-1,-1,-1,-1,-1,-1,-1,1
51071023,3,3,4,2,3,3,1,3,1,2
51071024,4,4,-1,2,-1,4,1,4,2,2
51071025,3,2,3,3,2,3,3,4,1,1
51071026,3,4,3,-1,4,-1,2,4,1,1
51071027,3,1,3,2,3,4,1,4,3,3
51071028,4,4,2,2,4,4,1,2,2,1
51071029,3,1,1,1,2,3,2,2,4,1
51071030,3,4,3,2,4,3,1,3,1,1
51071031,3,4,2,2,3,3,3,4,2,2
51071032,4,4,1,3,3,-1,3,4,1,1
51071033,1,4,3,3,2,3,4,4,1,1
51071034,1,2,4,1,3,3,2,3,1,1
51071035,3,2,3,2,3,4,2,4,1,1
51071036,2,4,-1,-1,4,-1,2,4,1,1
51071037,4,3,3,3,3,3,3,4,2,1
51071038,3,3,3,2,2,3,3,3,2,2
51071039,2,2,2,-1,2,2,-1,2,2,2
51071040,3,4,4,1,3,3,2,3,2,4
51071041,4,3,3,1,4,-1,1,4,1,1
51071042,3,2,2,2,2,4,2,3,2,1
51071043,-2,-1,3,1,4,4,2,4,2,1
51071044,1,4,4,-1,1,3,1,4,1,1
51071045,4,1,4,1,4,4,2,1,-1,1
51071046,1,3,3,2,4,2,2,4,-1,1
51071047,-1,-1,4,-1,-1,-1,-1,4,3,1
51071048,2,4,3,2,4,2,3,4,1,1
51071049,3,2,4,2,3,4,2,3,2,1
51071050,-1,-1,2,2,2,2,2,4,1,1
51071051,3,3,2,2,3,4,2,2,1,1
51071052,2,4,3,3,2,2,2,3,1,1
51071053,3,4,4,2,3,3,1,3,3,1
51071054,2,1,3,1,2,3,2,3,1,1
51071055,3,1,3,1,3,3,2,4,1,1
51071056,3,-1,2,1,3,3,2,3,2,3
51071057,2,1,3,3,3,3,1,3,2,1
51071058,2,2,4,2,-1,4,1,2,2,3
51071059,3,4,4,1,4,4,2,4,1,1
51071060,4,2,-1,1,2,2,2,4,1,1
51071061,4,1,2,1,2,4,1,1,1,2
51071062,2,1,1,1,3,3,1,3,2,1
51071063,3,4,4,1,4,3,1,3,2,1
51071064,4,-1,3,1,4,4,2,2,2,2
51071065,2,2,2,3,3,4,-1,4,-1,1
51071066,3,4,2,-1,1,3,2,2,1,1
51071067,4,4,4,4,2,3,3,2,2,1
51071068,3,3,2,1,3,3,1,3,3,2
51071069,3,4,4,2,3,3,2,4,1,1
51071070,1,4,3,1,3,4,1,1,1,1
51071071,4,3,3,1,2,4,1,2,1,1
51071072,3,1,1,1,3,4,2,2,4,3
51071073,3,4,2,1,3,2,2,3,2,1
51071074,1,4,-1,2,1,3,4,4,1,3
51071075,3,4,3,3,4,4,1,4,1,1
51071076,2,-1,-1,-1,3,4,2,2,3,3
51071077,2,4,4,2,4,-1,2,4,1,1
51071078,3,-1,3,-1,4,4,-1,4,1,1
51071079,2,4,4,2,3,3,3,4,1,2
51071080,2,4,4,3,4,4,2,4,4,1
51071081,-2,-2,-2,-2,-2,-2,-2,-2,-2,-2
51071082,3,2,1,1,4,4,1,3,2,1
51071083,2,2,2,-1,2,-1,2,4,2,1
51071084,3,4,4,-1,4,4,-1,4,-1,1
51071085,4,4,4,1,4,3,1,1,1,1
51071086,2,3,4,2,3,3,3,4,1,1
51071087,2,4,3,-1,-1,2,-1,4,2,1
51071088,1,3,4,2,4,3,2,4,1,1
51071089,-1,-1,1,-1,3,1,-1,-1,1,1
51071090,1,2,3,2,1,2,3,4,1,1
51071091,3,1,3,1,2,3,1,2,2,1
51071092,4,4,4,1,4,-1,1,2,-1,1
51071093,2,-1,1,2,3,4,2,4,4,1
51071094,3,4,-1,4,2,2,-1,4,1,1
51071095,4,3,2,2,3,3,2,4,2,2
51071096,4,1,1,1,4,4,1,2,2,2
51071097,-1,2,3,2,4,-1,-1,4,2,2
51071098,3,2,2,2,3,3,2,3,2,2
51071099,1,2,2,2,2,2,1,3,2,2
51071100,3,3,-1,2,2,4,1,2,1,2
51071101,3,4,-1,2,3,3,2,3,2,2
51071102,-1,-1,-1,2,-1,1,1,-1,-1,1
51071103,3,2,4,2,1,2,-1,4,1,1
51071104,4,4,4,1,-1,4,2,-1,3,1
51071105,-1,4,2,-1,1,-2,-1,1,1,1
51071106,3,4,3,1,2,4,2,4,1,1
51071107,4,2,1,3,3,2,-1,4,1,1
51071108,2,-1,3,1,4,-1,1,4,-1,1
51071109,3,2,3,2,3,3,2,3,2,1
51071110,-2,-2,-2,-2,4,-2,-2,-2,4,1
51071111,3,4,4,1,3,3,3,3,3,1
51071112,3,4,3,2,3,4,4,2,1,1
51071113,3,3,3,2,2,4,3,4,2,1
51071114,4,4,3,2,2,4,3,4,2,2
51071115,3,3,3,2,3,2,-1,4,1,1
51071116,3,-1,2,2,2,2,3,4,2,2
51071117,4,3,4,2,2,2,3,4,2,2
51071118,3,3,1,1,2,3,3,4,3,2
51071119,4,-1,3,3,4,3,2,4,1,1
51071120,2,4,3,2,3,2,3,4,2,3
51071121,4,4,-1,1,4,-1,1,4,2,1
51071122,4,3,3,1,2,3,2,4,1,1
51071123,3,4,3,1,3,2,2,4,1,1
51071124,2,1,3,1,2,2,1,4,1,1
51071125,2,4,3,1,3,3,2,4,1,1
51071126,3,3,3,3,3,3,3,3,4,1
51071127,1,4,1,4,1,1,4,4,4,3
51071128,2,4,2,1,2,3,3,4,2,2
51071129,3,3,2,2,2,3,3,4,2,2
51071130,2,4,3,2,2,3,3,4,2,-1
51071131,3,3,3,2,2,2,3,4,2,2
51071132,4,3,3,2,3,3,-1,4,1,1
51071133,2,4,1,4,2,2,-1,4,1,1
51071134,-1,-1,-1,-1,-1,4,-1,1,-1,1
51071135,3,2,4,3,4,2,3,4,1,1
51071136,1,1,1,1,1,1,1,1,3,4
51071137,2,4,4,4,4,1,1,1,2,1
51071138,2,2,4,3,3,3,2,3,1,2
51071139,2,4,4,3,1,1,1,3,3,1
51071140,1,1,1,2,1,3,4,2,1,1
51071141,4,1,4,1,2,2,2,1,1,2
51071142,2,2,1,1,2,4,2,4,1,1
51071143,3,4,2,2,1,2,1,4,1,1
51071144,3,1,3,2,3,4,2,4,1,1
51071145,2,-1,3,2,3,-1,3,3,2,1
51071146,1,4,3,-1,3,4,2,4,1,1
51071147,4,2,2,2,-1,-1,2,-1,1,2
51071148,3,4,4,2,3,3,1,3,2,1
51071149,1,4,2,2,3,2,1,2,-1,1
51071150,1,4,2,2,2,2,1,4,2,1
51071151,2,4,2,2,2,2,1,4,4,1
51071152,3,3,3,1,3,3,1,3,4,1
51071153,1,-1,4,1,4,3,1,3,3,1
51071154,-1,3,1,1,3,3,1,-1,-1,3
51071155,2,2,2,3,2,2,1,4,1,1
51071156,1,4,1,4,3,4,4,4,2,2
51071157,4,2,4,1,4,4,1,2,3,1
51071158,3,4,3,4,3,3,1,4,1,1
51071159,-1,-1,1,-1,3,-1,-1,-1,1,1
51071160,-1,-1,-1,-1,-1,3,-1,-1,1,1
51071161,-1,-1,-1,-1,-1,-1,-1,-1,-1,2
51071162,3,-1,3,3,2,3,2,3,2,2
51071163,4,3,2,2,1,3,3,4,3,1
51071164,2,-1,2,-1,3,-1,-1,4,2,2
51071165,2,3,3,3,2,2,2,4,3,2
51071166,4,-1,1,1,4,3,2,1,1,1
51071167,2,2,4,1,2,3,2,2,2,1
51071168,4,4,2,3,2,4,1,3,1,1
51071169,2,3,2,2,3,4,3,3,1,1
51071170,4,-1,3,2,2,1,-1,-2,1,1
51071171,2,4,2,1,3,4,1,2,1,1
51071172,2,2,3,3,3,3,2,4,1,3
51071173,3,4,3,-1,2,2,2,4,1,1
51071174,4,2,4,2,4,4,1,1,1,1
51071175,-2,-2,-2,-2,-2,-2,-2,-2,-2,-2
51071176,4,-1,1,1,4,3,2,-1,1,1
51071177,1,-1,4,4,4,-1,3,3,2,1
51071178,3,3,3,4,3,3,2,3,3,4
51071179,4,2,2,4,2,1,4,-1,2,1
51071180,3,3,-1,2,3,3,2,4,1,1
51071181,2,2,2,3,1,3,1,4,1,1
51071182,4,4,2,2,3,4,2,4,1,1
51071183,-1,4,-1,-1,2,3,3,4,1,1
51071184,4,2,-1,2,2,4,1,4,3,2
51071185,-1,4,-1,2,2,2,1,-1,3,1
51071186,2,4,2,3,1,1,3,4,1,1
51071187,-1,-1,-1,-1,-1,-1,-1,-1,-1,1
51071188,3,4,2,-1,2,4,2,-1,1,2
51071189,3,1,2,2,3,4,2,4,1,1
51071190,4,3,1,1,2,4,2,4,1,3
51071191,2,4,1,3,4,3,4,3,1,1
51071192,2,4,3,1,2,2,2,4,2,1
51071193,1,3,4,1,2,3,1,4,2,1
51071194,2,4,2,1,2,2,1,4,1,1
51071195,1,-1,2,2,3,2,1,4,2,1
51071196,-1,4,3,-1,-1,3,-1,4,1,2
51071197,2,4,-1,3,3,2,3,4,1,2
51071198,4,4,2,1,1,4,2,2,3,3
51071199,1,4,4,4,2,2,-1,4,1,1
51071200,3,4,1,2,-1,4,2,4,1,1
51071201,2,3,1,1,1,2,3,4,1,1
51071202,2,3,3,2,2,3,2,4,1,1
51071203,3,4,4,2,2,4,1,4,1,1
51071204,4,4,1,1,4,4,1,2,1,1
51071205,2,2,1,2,4,4,1,4,1,1
51071206,3,3,1,3,3,4,2,2,1,1
51071207,3,4,1,2,4,4,2,3,1,1
51071208,4,1,1,1,4,4,1,2,1,1
51071209,3,3,3,3,3,4,1,3,1,1
51071210,3,2,3,2,3,3,2,4,1,1
51071211,4,1,1,1,4,4,1,4,1,4
51071212,4,1,4,1,4,4,1,-1,1,1
51071213,4,4,1,2,4,4,1,3,1,1
51071214,2,-1,-1,2,-1,-1,-1,4,1,1
51071215,3,3,3,2,3,3,2,3,3,2
51071216,3,3,3,2,4,3,2,3,3,1
51071217,1,4,2,1,2,2,2,4,2,1
51071218,1,4,1,1,2,2,2,4,2,2
51071219,3,4,4,2,4,4,2,4,4,1
51071220,2,4,4,2,3,1,1,4,1,1
51071221,-1,4,4,2,4,3,2,4,-1,1
51071222,3,3,4,1,3,3,1,3,-1,1
51071223,1,1,1,1,1,1,1,4,1,1
