D_INTERVIEW,Q94,Q95,Q96,Q97,Q98,Q99,Q100,Q101,Q102,Q103,Q104
604070001,0,0,0,0,0,0,0,0,0,0,0
604070002,0,0,0,0,0,0,0,0,0,0,0
604070003,0,0,0,0,0,0,0,0,0,0,0
604070004,0,0,0,0,0,0,0,0,0,0,0
604070005,0,0,0,0,0,0,0,0,0,0,0
604070006,2,0,0,0,0,0,0,0,0,0,0
604070007,0,0,0,0,0,0,0,0,0,0,0
604070008,0,0,0,0,0,0,0,0,0,0,0
604070009,0,0,0,0,0,0,0,0,0,0,0
604070010,0,0,0,0,0,0,0,0,0,0,0
604070011,1,0,0,0,0,0,0,0,0,0,0
604070012,0,0,0,0,0,0,0,0,0,0,0
604070013,2,0,0,0,0,0,0,0,0,0,0
604070014,1,0,0,0,0,0,2,0,0,0,0
604070015,0,0,0,0,0,0,0,0,0,0,0
604070016,0,0,0,0,0,0,0,0,0,0,0
604070017,1,2,0,0,2,0,0,0,0,0,0
604070018,0,0,0,0,0,0,0,0,0,0,0
604070019,0,0,0,0,0,0,0,0,0,0,0
604070020,0,0,0,0,0,0,0,0,0,0,0
604070021,0,0,0,0,0,0,0,0,0,0,0
604070022,0,0,0,0,0,0,0,0,0,0,0
604070023,0,0,0,0,0,0,0,0,0,0,0
604070024,0,0,0,0,0,0,0,0,0,0,0
604070025,0,0,0,0,0,0,0,0,0,0,0
604070026,0,0,0,0,0,0,0,0,0,0,0
604070027,1,0,0,0,0,0,0,0,0,0,0
604070028,0,0,0,0,0,0,0,0,0,0,0
604070029,0,0,0,0,0,0,0,0,0,0,0
604070030,1,2,1,0,0,0,0,0,0,0,0
604070031,0,2,0,0,0,0,0,0,0,0,0
604070032,2,0,0,0,0,0,0,0,0,0,0
604070033,0,0,0,0,0,0,0,0,0,0,0
604070034,0,0,2,0,0,0,0,0,0,0,2
604070035,0,0,1,0,1,0,0,0,0,0,0
604070036,0,0,0,0,0,0,0,0,0,0,0
604070037,0,0,0,0,0,0,0,0,0,0,0
604070038,1,0,0,0,0,0,0,0,0,0,0
604070039,0,1,0,0,0,0,0,0,0,0,0
604070040,2,0,0,0,0,0,0,0,0,0,0
604070041,0,1,0,0,0,0,0,0,0,0,0
604070042,0,0,0,0,0,0,0,0,0,0,0
604070043,0,0,0,0,0,0,0,0,0,0,0
604070044,0,0,0,0,0,0,0,0,0,0,0
604070045,0,0,0,0,0,0,0,0,0,0,0
604070046,0,0,0,0,0,0,0,0,0,0,0
604070047,1,0,0,0,0,0,0,0,0,0,0
604070048,0,0,0,0,0,0,0,0,0,0,0
604070049,2,0,0,0,0,0,0,0,0,0,0
604070050,0,0,0,0,0,0,0,0,0,0,0
604070051,0,0,0,0,0,0,0,0,0,0,0
604070052,0,0,0,0,0,0,0,0,0,0,0
604070053,2,0,0,0,0,0,0,0,0,0,0
604070054,0,0,0,0,0,0,0,0,0,0,0
604070055,1,0,2,0,0,0,0,0,0,1,2
604070056,1,0,0,0,0,0,0,0,0,0,0
604070057,0,0,0,0,0,0,0,0,0,0,0
604070058,0,0,0,0,0,0,2,0,0,0,0
604070059,0,0,0,0,0,0,0,0,0,0,0
604070060,2,2,2,0,0,0,0,0,0,2,0
604070061,1,0,0,0,0,0,0,0,0,0,0
604070062,1,1,0,0,0,0,0,0,0,0,0
604070063,1,2,0,0,0,0,0,0,0,0,0
604070064,2,1,0,0,0,0,0,0,0,0,0
604070065,1,1,0,0,0,0,0,0,0,0,0
604070066,1,0,0,0,0,0,0,0,0,0,0
604070067,0,0,0,0,0,1,0,0,1,0,0
604070068,0,0,0,0,0,0,0,0,0,0,0
604070069,0,0,0,0,0,0,0,1,0,0,0
604070070,0,0,0,0,0,0,0,0,0,0,0
604070071,1,0,0,0,0,0,1,0,0,0,0
604070072,1,2,0,0,0,0,0,1,0,0,0
604070073,0,1,0,0,0,0,0,0,0,0,0
604070074,2,0,0,0,0,0,0,0,0,0,0
604070075,0,0,0,0,2,0,0,0,0,0,0
604070076,0,0,0,0,0,0,0,0,0,0,0
604070077,0,0,0,0,0,0,0,0,0,0,0
604070078,0,0,0,0,0,0,0,0,0,0,0
604070079,0,0,0,0,0,0,0,0,0,0,0
604070080,0,0,0,0,0,0,0,0,0,0,0
604070081,0,0,0,0,0,0,0,0,0,0,0
604070082,1,1,0,0,0,0,0,0,0,0,0
604070083,2,0,0,0,0,0,0,0,0,0,0
604070084,2,1,0,0,0,0,0,0,0,0,0
604070085,0,0,0,0,0,0,0,0,0,0,0
604070086,2,0,2,0,0,0,0,0,0,0,0
604070087,0,0,0,0,0,0,0,0,0,0,0
604070088,2,0,0,0,0,0,0,0,0,0,0
604070089,0,0,0,0,0,0,0,0,0,0,0
604070090,1,0,0,0,0,0,0,0,0,0,0
604070091,1,0,0,0,0,0,0,0,0,0,0
604070092,1,0,0,0,0,0,0,0,0,0,0
604070093,2,0,0,0,0,0,0,0,0,0,0
604070094,0,0,0,0,0,0,0,0,0,0,0
604070095,0,0,0,0,0,0,0,0,0,0,0
604070096,0,0,0,0,0,0,0,0,0,0,0
604070097,0,0,0,0,0,0,0,0,0,0,0
604070098,0,0,0,0,0,0,0,0,0,0,0
604070099,1,0,0,0,0,0,0,0,0,0,0
604070100,0,0,0,0,0,0,0,0,0,0,0
604070101,0,0,0,0,0,0,0,0,0,0,0
604070102,0,0,0,0,0,0,0,0,0,0,0
604070103,1,0,0,0,0,0,0,0,0,2,0
604070104,1,0,0,0,0,0,0,0,0,0,0
604070105,1,0,0,0,0,0,0,0,0,0,0
604070106,0,0,0,0,0,0,0,0,0,0,0
604070107,0,0,0,0,0,0,0,0,0,0,0
604070108,0,0,0,0,0,0,0,0,0,0,0
604070109,0,0,0,0,0,0,0,0,0,0,0
604070110,0,0,0,0,0,0,0,0,0,0,0
604070111,0,0,0,0,0,0,0,0,0,0,0
604070112,0,0,0,0,0,0,0,0,0,0,0
604070113,0,0,0,0,0,0,0,0,0,0,0
604070114,0,0,0,0,0,0,0,0,0,0,0
604070115,0,0,0,0,0,0,0,0,0,0,0
604070116,0,0,0,0,0,0,0,0,0,0,0
604070117,0,0,0,0,0,0,0,0,0,0,0
604070118,0,0,0,0,0,0,0,0,0,0,0
604070119,0,0,0,0,0,0,0,0,0,0,0
604070120,1,0,0,0,0,0,0,0,0,0,0
604070121,0,0,0,0,0,0,0,0,0,0,0
604070122,2,0,0,0,0,0,0,0,0,0,0
604070123,0,1,0,0,0,0,0,1,0,0,0
604070124,1,0,0,0,0,0,0,0,0,0,0
604070125,0,0,0,0,0,0,0,1,0,0,0
604070126,0,0,0,0,0,0,0,0,0,0,0
604070127,0,0,0,0,0,0,0,0,0,0,0
604070128,0,0,0,0,0,0,0,0,0,0,0
604070129,0,0,0,0,0,0,0,0,0,0,0
604070130,0,0,0,0,0,0,0,0,0,0,0
604070131,0,0,0,0,0,0,0,0,0,0,0
604070132,0,0,0,0,0,0,0,0,0,0,0
604070133,0,0,0,0,0,0,0,0,0,0,0
604070134,0,0,0,0,0,0,2,0,0,0,0
604070135,0,0,0,0,0,0,0,0,0,0,0
604070136,0,0,0,0,0,0,0,0,0,0,0
604070137,0,0,0,0,0,0,0,0,0,0,0
604070138,0,0,0,0,0,0,0,0,0,0,0
604070139,2,0,0,0,0,0,0,0,0,0,0
604070140,0,0,0,0,0,0,0,0,0,0,0
604070141,0,0,0,0,0,0,0,0,0,0,0
604070142,0,0,0,0,0,0,0,0,0,0,0
604070143,0,0,0,0,0,0,0,0,0,0,0
604070144,0,0,0,0,0,0,0,0,0,0,0
604070145,0,0,0,0,0,0,0,0,0,0,0
604070146,1,0,0,0,0,1,0,0,0,0,0
604070147,1,0,0,0,0,0,0,1,0,0,0
604070148,0,0,0,0,0,0,0,1,0,0,0
604070149,0,0,0,0,0,1,0,0,0,0,0
604070150,0,0,0,0,0,0,0,0,0,0,0
604070151,0,0,0,0,0,0,1,0,0,0,0
604070152,1,0,0,0,0,0,1,0,0,0,0
604070153,2,0,0,0,0,0,0,0,0,0,0
604070154,2,0,0,0,0,0,0,0,0,0,0
604070155,0,2,0,0,0,0,0,0,0,0,0
604070156,0,0,0,0,0,0,2,0,0,0,0
604070157,0,0,0,0,0,0,0,0,0,0,0
604070158,2,0,0,0,0,0,1,0,0,0,0
604070159,0,0,0,0,0,0,1,0,0,0,0
604070160,0,0,0,0,0,0,2,0,0,0,0
604070161,2,2,0,0,0,0,0,0,0,0,0
604070162,0,0,0,0,0,0,0,0,0,0,0
604070163,0,2,0,0,0,0,2,1,0,0,0
604070164,1,0,0,0,0,0,0,0,0,0,0
604070165,0,0,0,0,0,0,0,0,0,0,0
604070166,0,2,0,0,0,0,2,2,0,0,1
604070167,1,0,0,0,0,0,0,2,0,0,0
604070168,2,0,0,0,0,0,0,2,0,0,0
604070169,0,1,0,0,0,0,0,0,0,0,0
604070170,0,1,2,0,0,0,0,0,0,0,0
604070171,0,0,0,0,0,0,0,0,0,0,0
604070172,0,0,0,0,0,0,0,0,0,0,0
604070173,1,0,0,0,0,0,2,0,0,0,0
604070174,0,2,0,0,0,0,2,2,0,0,0
604070175,0,0,0,0,0,0,0,0,0,0,0
604070176,0,0,0,0,0,0,0,0,0,0,0
604070177,1,0,0,0,0,0,0,0,0,0,0
604070178,2,0,0,0,0,0,0,0,0,0,0
604070179,1,0,0,0,0,0,0,0,0,0,0
604070180,0,0,0,0,0,0,0,0,0,0,0
604070181,0,0,0,0,0,0,0,0,0,0,0
604070182,1,2,0,0,0,0,0,0,0,0,0
604070183,0,0,0,0,0,0,0,0,0,0,0
604070184,0,0,0,0,0,0,0,0,0,0,0
604070185,0,0,0,0,0,0,0,0,0,0,0
604070186,0,0,0,0,0,0,0,0,0,0,0
604070187,0,0,0,0,0,2,2,1,0,0,0
604070188,0,0,0,0,0,0,0,0,0,0,0
604070189,0,0,0,0,0,0,0,0,0,0,0
604070190,0,0,0,0,0,0,0,0,0,0,0
604070191,1,0,0,0,0,0,0,0,0,0,0
604070192,0,0,0,0,0,0,0,0,0,0,0
604070193,1,0,0,0,0,0,0,0,0,0,0
604070194,0,0,0,0,0,0,0,0,0,0,0
604070195,0,0,0,0,0,0,0,0,0,0,0
604070196,0,2,0,0,0,0,0,0,0,0,0
604070197,0,0,0,0,0,0,0,0,0,0,0
604070198,0,2,0,0,0,0,0,0,0,0,0
604070199,0,0,0,0,0,0,0,0,0,0,0
604070200,0,0,0,0,0,0,0,0,0,0,0
604070201,0,0,0,0,0,0,0,0,0,0,0
604070202,0,0,0,0,0,0,0,0,0,0,0
604070203,0,0,0,0,0,0,0,0,0,0,0
604070204,2,0,0,0,0,0,0,0,0,0,0
604070205,1,0,0,0,0,0,0,0,0,0,0
604070206,0,0,0,0,0,0,0,0,0,0,0
604070207,1,0,0,0,0,0,0,0,0,0,0
604070208,0,0,0,0,0,0,0,0,0,1,0
604070209,0,0,0,0,0,0,0,0,0,0,0
604070210,2,0,0,0,0,0,0,0,0,0,0
604070211,1,0,0,0,0,0,0,0,0,0,0
604070212,0,0,0,0,0,0,0,0,0,0,0
604070213,0,0,0,0,0,0,0,0,0,0,0
604070214,0,0,0,0,0,0,0,0,0,0,0
604070215,0,0,0,0,0,0,0,0,0,0,0
604070216,0,0,0,1,0,0,0,0,0,2,0
604070217,0,0,0,0,0,0,0,0,0,0,0
604070218,0,0,0,0,0,0,0,0,0,1,0
604070219,0,0,0,0,0,0,0,0,0,0,0
604070220,0,0,0,0,0,0,0,0,0,0,0
604070221,0,2,0,0,0,0,2,0,0,0,0
604070222,0,0,0,0,0,0,0,0,0,2,0
604070223,0,0,0,0,0,0,0,0,0,0,0
604070224,1,0,0,0,0,0,0,0,0,0,0
604070225,0,0,0,0,0,0,0,0,0,0,0
604070226,0,0,0,0,0,0,0,0,0,1,0
604070227,0,0,0,0,0,0,0,0,0,0,0
604070228,2,0,0,0,0,0,0,2,0,2,0
604070229,1,0,0,0,0,0,0,0,0,0,0
604070230,0,0,0,0,0,0,0,0,0,0,0
604070231,2,0,0,0,0,0,0,0,0,0,0
604070232,0,0,0,0,0,0,2,2,0,0,0
604070233,1,2,0,0,0,0,0,0,0,0,0
604070234,0,0,0,0,0,0,0,0,0,2,0
604070235,0,0,0,0,0,0,0,0,0,0,0
604070236,0,0,0,0,0,0,0,0,0,0,0
604070237,1,2,0,0,0,0,0,0,0,0,0
604070238,0,0,0,0,0,0,0,0,0,0,0
604070239,2,0,0,0,0,0,0,0,0,0,0
604070240,2,0,0,0,0,0,0,0,0,0,0
604070241,0,0,0,1,0,0,0,0,0,0,0
604070242,0,0,0,0,0,0,0,0,0,0,0
604070243,0,0,0,0,0,0,0,0,0,2,0
604070244,0,0,0,0,0,0,0,0,0,0,0
604070245,0,0,0,0,0,0,0,0,0,0,0
604070246,2,0,0,0,0,0,0,0,0,0,0
604070247,0,0,0,0,0,0,0,0,0,0,0
604070248,0,1,0,0,0,0,0,0,0,0,0
604070249,2,2,0,0,1,0,0,0,0,0,0
604070250,0,0,0,0,0,0,0,0,0,0,0
604070251,1,1,0,0,0,0,0,0,0,0,0
604070252,1,0,0,0,0,0,0,0,0,0,0
604070253,1,1,1,0,0,0,0,0,0,0,0
604070254,0,0,0,0,0,0,0,0,0,0,0
604070255,0,2,0,0,0,0,0,0,0,0,0
604070256,0,0,0,0,0,0,2,0,0,0,0
604070257,1,0,0,0,0,0,0,0,0,0,0
604070258,0,0,0,0,0,0,0,0,0,0,0
604070259,0,0,0,0,0,0,0,0,0,0,0
604070260,0,0,0,0,0,0,0,0,0,0,0
604070261,2,2,0,0,0,0,0,0,0,0,0
604070262,0,2,0,0,0,0,0,0,0,0,0
604070263,1,0,0,0,0,0,0,0,0,0,0
604070264,0,0,0,0,0,0,0,0,0,0,0
604070265,1,0,0,0,0,0,0,0,0,0,0
604070266,2,0,0,0,0,0,0,0,0,0,0
604070267,0,0,0,0,0,0,0,0,0,0,0
604070268,0,0,0,0,0,0,0,0,0,0,0
604070269,1,0,0,0,0,0,0,0,0,0,0
604070270,0,0,0,0,0,0,0,0,0,0,0
604070271,0,0,0,0,0,0,0,0,0,0,0
604070272,0,0,0,0,0,0,0,0,0,0,0
604070273,0,0,0,0,0,0,0,0,0,0,0
604070274,0,0,1,0,0,0,0,0,0,0,0
604070275,1,0,0,0,0,0,0,0,0,0,0
604070276,0,0,0,0,0,0,0,0,0,0,0
604070277,0,0,0,0,0,0,0,0,0,0,0
604070278,0,0,0,0,0,0,0,0,0,0,0
604070279,0,0,0,0,0,0,0,0,0,0,0
604070280,0,0,0,0,0,0,0,0,0,0,0
604070281,0,0,0,0,0,0,0,0,0,0,0
604070282,0,0,0,0,0,0,0,0,0,0,0
604070283,0,0,0,0,0,0,0,0,0,0,0
604070284,2,0,0,0,0,0,0,2,0,0,0
604070285,0,0,0,0,0,0,0,0,0,0,0
604070286,1,0,0,0,0,0,0,1,0,0,0
604070287,0,0,0,0,0,0,0,0,0,0,0
604070288,1,0,0,0,1,0,0,1,0,0,0
604070289,1,2,0,0,0,0,0,2,0,0,0
604070290,0,1,0,0,0,0,0,0,0,0,0
604070291,0,0,0,0,0,0,0,0,0,0,0
604070292,0,0,0,0,0,0,0,0,0,0,0
604070293,1,0,0,0,0,0,0,0,0,0,0
604070294,0,0,0,0,0,0,0,0,0,0,0
604070295,0,0,0,0,0,0,0,0,0,0,0
604070296,2,0,0,0,0,0,0,0,0,0,0
604070297,1,0,0,0,0,0,0,0,0,0,0
604070298,0,0,2,0,0,0,0,0,0,2,0
604070299,1,0,0,0,0,0,0,0,0,0,0
604070300,0,2,0,0,0,0,0,0,0,1,0
604070301,0,0,0,0,0,0,0,0,0,0,0
604070302,0,0,0,0,0,0,0,0,0,0,0
604070303,0,0,0,0,0,0,0,0,0,0,0
604070304,0,0,0,0,0,0,2,0,0,0,0
604070305,0,0,0,0,0,0,0,0,0,0,0
604070306,0,0,1,1,0,0,0,0,0,0,0
604070307,0,0,0,0,0,0,0,0,0,0,0
604070308,0,0,0,0,0,0,0,0,0,0,0
604070309,0,0,0,0,0,1,0,0,0,0,0
604070310,0,0,0,0,0,0,0,1,0,1,0
604070311,0,0,0,0,0,0,0,0,0,0,0
604070312,0,0,0,0,0,0,0,0,0,0,0
604070313,0,0,0,0,0,0,0,0,0,0,0
604070314,0,0,0,0,0,0,0,0,0,0,0
604070315,0,0,0,0,0,0,0,0,0,0,0
604070316,1,0,0,0,0,0,0,0,0,0,0
604070317,0,0,0,0,0,0,0,0,0,0,0
604070318,0,0,0,0,0,0,0,0,0,0,0
604070319,1,0,0,0,0,0,0,0,0,0,0
604070320,0,0,0,0,0,0,0,0,0,0,0
604070321,0,0,0,0,0,0,0,0,0,0,0
604070322,0,0,0,0,0,0,0,0,0,0,0
604070323,1,1,0,0,0,0,0,0,0,0,0
604070324,0,0,0,0,0,0,0,0,0,0,0
604070325,0,0,0,0,0,0,0,0,0,0,0
604070326,0,0,0,0,0,0,0,0,0,0,0
604070327,0,0,0,0,0,0,0,0,0,0,0
604070328,0,0,0,0,0,0,0,0,0,0,0
604070329,0,0,0,0,0,0,0,0,0,0,0
604070330,0,0,0,0,0,0,0,0,0,0,0
604070331,0,0,0,0,0,0,0,0,0,0,0
604070332,1,0,0,0,0,0,0,0,0,0,0
604070333,0,0,0,0,0,0,0,0,0,0,0
604070334,0,0,0,0,0,0,0,0,0,0,0
604070335,0,0,0,0,0,0,0,0,0,0,0
604070336,2,0,0,0,0,0,0,0,0,0,0
604070337,0,0,0,0,0,0,0,0,0,0,0
604070338,0,0,0,0,0,0,0,0,0,0,0
604070339,0,0,0,0,0,0,0,0,0,0,0
604070340,0,0,0,0,0,0,0,0,0,0,0
604070341,0,0,0,0,0,0,0,0,0,0,0
604070342,0,0,0,0,0,0,0,0,0,0,1
604070343,0,0,0,0,0,1,0,0,0,0,0
604070344,0,0,0,0,0,0,1,0,0,0,0
604070345,0,0,0,0,0,0,0,0,0,0,0
604070346,1,0,0,0,0,0,0,0,0,0,0
604070347,1,0,0,0,0,0,0,0,0,0,0
604070348,0,0,0,0,0,0,0,0,0,0,0
604070349,0,0,0,0,0,0,0,0,0,0,0
604070350,0,0,0,0,0,0,0,0,0,0,0
604070351,1,1,0,0,0,0,0,0,0,0,0
604070352,2,0,0,0,0,0,0,0,0,0,0
604070353,0,0,0,0,2,0,0,0,0,0,0
604070354,1,0,0,0,0,0,0,0,0,0,0
604070355,0,0,0,0,0,0,0,0,0,0,0
604070356,0,0,0,0,0,0,1,0,0,0,0
604070357,0,0,0,0,0,0,0,0,0,0,0
604070358,2,0,0,0,0,0,0,0,0,0,0
604070359,0,0,0,0,0,0,0,0,0,0,0
604070360,0,0,0,0,0,0,0,0,0,0,0
604070361,1,2,0,0,0,0,0,0,0,0,0
604070362,2,1,2,0,1,0,0,0,0,0,0
604070363,2,0,0,0,0,0,0,0,0,0,0
604070364,2,2,0,0,0,0,0,0,0,0,0
604070365,1,2,2,0,0,0,0,0,0,0,0
604070366,0,0,1,0,0,0,0,0,-1,0,0
604070367,0,0,0,0,0,0,0,0,0,0,0
604070368,1,1,1,1,1,1,0,1,1,1,0
604070369,2,0,2,0,0,0,0,0,0,0,0
604070370,2,0,0,0,0,0,0,0,0,0,0
604070371,1,1,0,0,0,0,0,0,0,0,0
604070372,0,0,0,0,0,0,0,0,0,0,0
604070373,2,0,0,0,0,0,0,2,2,0,0
604070374,1,1,0,0,0,0,0,2,2,0,0
604070375,0,0,0,0,0,0,0,0,0,0,0
604070376,0,0,2,0,0,0,0,1,0,0,0
604070377,1,2,1,1,1,1,0,1,1,1,1
604070378,0,0,0,0,0,0,0,0,0,0,0
604070379,2,0,0,0,0,2,0,0,0,0,0
604070380,0,1,0,0,0,0,0,0,0,0,0
604070381,2,0,0,0,0,0,0,0,0,0,0
604070382,0,0,0,0,0,0,0,0,0,0,0
604070383,0,0,0,0,0,0,0,0,0,0,0
604070384,0,2,0,0,0,0,0,0,0,0,0
604070385,0,0,0,0,0,0,0,0,0,0,0
604070386,1,0,0,0,0,0,0,0,0,0,0
604070387,1,0,0,0,0,0,0,0,0,0,0
604070388,1,0,0,0,0,0,0,0,0,0,0
604070389,2,0,0,0,0,0,0,0,0,0,0
604070390,0,0,0,0,0,0,0,0,0,0,0
604070391,1,2,0,0,0,0,0,0,0,0,0
604070392,1,1,0,0,2,2,0,0,0,0,0
604070393,0,0,0,0,0,0,0,0,0,0,0
604070394,0,0,0,0,0,0,0,0,0,0,0
604070395,0,0,0,0,0,0,0,0,0,0,0
604070396,0,0,0,0,2,2,0,0,0,0,0
604070397,0,0,0,0,0,0,0,0,0,0,0
604070398,2,0,0,0,0,0,0,0,0,0,0
604070399,0,0,1,0,0,0,0,0,0,0,0
604070400,0,0,0,0,0,0,0,0,0,0,0
604070401,1,0,0,0,0,0,1,0,0,0,0
604070402,0,0,0,0,0,0,0,0,0,0,0
604070403,1,0,0,0,0,0,0,1,0,0,0
604070404,0,0,2,0,0,0,0,0,0,0,0
604070405,2,0,0,0,0,0,0,0,0,-2,0
604070406,1,1,0,0,0,0,0,0,0,1,1
604070407,0,0,0,0,0,0,0,0,0,0,0
604070408,0,0,0,0,1,0,0,1,0,0,0
604070409,0,0,0,0,0,0,0,0,0,0,0
604070410,0,0,0,0,0,0,0,0,0,0,0
604070411,0,0,0,0,0,0,0,0,0,0,0
604070412,0,0,0,0,0,0,0,0,0,0,0
604070413,0,0,0,0,0,0,0,0,0,1,0
604070414,2,0,0,0,0,0,0,1,0,0,0
604070415,0,0,0,0,0,0,0,0,0,0,0
604070416,0,0,0,0,0,0,0,0,0,0,0
604070417,0,0,0,0,0,0,0,0,0,0,0
604070418,0,2,0,0,0,2,0,0,0,0,2
604070419,0,0,0,0,0,2,0,0,0,0,0
604070420,0,0,2,0,2,0,0,0,0,0,0
604070421,0,0,1,0,0,0,0,0,0,0,0
604070422,2,1,2,0,0,0,0,2,2,2,2
604070423,0,2,0,0,0,0,0,0,0,0,1
604070424,2,0,0,0,0,0,0,0,0,0,0
604070425,0,0,1,0,0,0,0,0,0,0,0
604070426,0,0,0,0,0,0,0,0,0,0,0
604070427,0,2,0,0,0,0,0,0,0,0,0
604070428,0,0,0,0,0,0,0,0,0,0,0
604070429,0,0,0,0,0,0,0,0,0,0,0
604070430,0,1,1,0,0,0,0,0,0,1,0
604070431,1,0,0,0,0,0,0,0,0,1,1
604070432,0,0,0,0,0,0,0,0,0,0,0
604070433,1,0,0,0,0,0,0,0,0,2,1
604070434,1,0,0,0,0,0,0,0,0,0,0
604070435,0,0,0,0,0,0,0,0,0,0,0
604070436,1,1,1,0,0,0,0,0,0,0,0
604070437,2,1,1,1,0,0,0,0,0,0,1
604070438,2,1,0,0,0,0,0,0,0,0,0
604070439,2,2,0,0,1,0,0,0,0,0,0
604070440,2,0,0,0,0,0,0,0,0,0,1
604070441,2,1,2,0,0,1,0,1,0,0,1
604070442,2,1,1,0,0,1,0,0,0,0,1
604070443,0,0,0,0,1,0,0,0,0,0,0
604070444,0,0,0,0,0,0,0,0,0,0,0
604070445,1,1,0,0,0,0,0,0,0,0,0
604070446,0,0,0,0,0,0,0,0,0,0,0
604070447,1,2,0,0,2,0,0,0,0,0,0
604070448,0,0,0,0,0,0,0,0,0,0,0
604070449,0,0,0,0,0,0,0,0,0,0,0
604070450,0,0,0,0,0,0,0,0,0,0,0
604070451,1,0,0,0,0,0,0,0,0,0,0
604070452,1,0,0,0,0,0,0,0,0,0,0
604070453,0,0,2,0,0,0,0,0,0,0,0
604070454,0,2,0,0,0,0,0,0,0,0,0
604070455,0,0,0,0,0,0,0,0,0,0,0
604070456,1,0,0,0,0,0,0,0,0,0,0
604070457,2,0,0,0,0,0,0,0,0,0,0
604070458,0,0,0,0,0,0,0,0,0,0,0
604070459,0,0,0,0,0,0,0,0,0,0,0
604070460,0,1,0,0,0,0,0,0,0,0,0
604070461,2,0,0,0,0,0,0,0,0,0,0
604070462,0,0,0,0,0,0,0,0,0,0,0
604070463,0,0,0,0,0,0,0,0,0,0,0
604070464,0,0,0,0,0,0,0,0,0,0,0
604070465,1,0,0,0,0,0,0,0,0,0,0
604070466,1,0,0,0,0,0,0,0,0,0,0
604070467,2,0,0,0,0,0,0,0,0,0,0
604070468,0,0,0,0,0,0,0,0,0,0,0
604070469,0,0,0,0,0,0,0,0,0,0,0
604070470,0,0,0,0,0,0,0,0,0,0,0
604070471,0,0,0,0,0,0,0,0,0,0,0
604070472,1,0,1,1,0,2,0,2,0,2,0
604070473,0,0,0,0,0,0,0,0,0,0,0
604070474,0,0,0,0,0,0,0,0,0,0,0
604070475,2,2,2,0,0,2,0,0,0,2,0
604070476,2,0,0,0,0,0,0,0,0,0,0
604070477,2,0,0,0,0,0,0,0,0,0,0
604070478,1,0,0,0,0,0,0,0,0,0,0
604070479,0,0,0,0,0,0,0,0,0,0,0
604070480,1,0,0,0,0,0,0,0,0,0,0
604070481,2,0,0,0,0,0,0,0,0,0,0
604070482,2,0,0,0,0,0,0,0,0,0,0
604070483,2,0,0,0,0,0,0,0,0,0,0
604070484,1,0,0,0,0,0,0,0,0,0,0
604070485,0,0,0,0,0,0,0,0,0,0,0
604070486,0,2,2,2,2,0,0,0,0,0,0
604070487,0,0,0,0,0,0,0,0,0,0,0
604070488,2,0,2,0,0,0,0,0,0,0,0
604070489,0,0,0,0,0,0,0,0,0,0,0
604070490,2,0,0,0,0,0,0,0,0,2,0
604070491,2,0,1,0,0,0,0,0,0,0,0
604070492,1,0,2,0,0,0,0,0,1,1,0
604070493,0,-1,1,1,0,0,0,0,0,2,0
604070494,1,0,2,0,0,0,0,0,0,0,0
604070495,2,0,0,0,-2,0,0,0,0,1,0
604070496,2,0,0,0,0,0,0,0,0,0,0
604070497,0,0,0,0,0,0,0,0,0,0,0
604070498,0,0,0,0,0,0,0,0,0,0,0
604070499,0,0,0,0,0,0,0,0,0,0,0
604070500,0,0,0,0,0,0,0,0,0,0,0
604070501,0,0,0,0,0,0,0,0,0,0,0
604070502,2,2,2,0,2,0,0,0,0,0,0
604070503,0,0,0,-1,-1,0,0,0,0,0,0
604070504,0,0,0,0,0,0,0,0,0,0,0
604070505,2,0,0,0,0,0,0,0,0,0,0
604070506,0,0,0,0,0,0,0,0,0,0,0
604070507,0,0,0,0,0,0,2,0,0,0,0
604070508,0,0,0,0,0,0,0,0,0,0,0
604070509,0,0,0,0,0,0,0,0,0,0,0
604070510,0,0,0,0,0,0,0,0,0,0,0
604070511,1,0,0,0,0,0,0,0,0,0,0
604070512,2,0,0,0,0,0,0,0,0,0,0
604070513,1,0,0,0,0,0,0,0,0,0,0
604070514,1,0,0,0,0,0,0,0,0,0,0
604070515,1,0,0,0,0,0,0,0,0,0,0
604070516,2,0,0,0,0,0,0,0,0,0,0
604070517,0,0,0,0,0,0,0,0,0,0,0
604070518,0,2,0,0,0,0,0,0,0,0,0
604070519,1,0,0,0,0,0,0,0,0,0,0
604070520,1,0,0,0,0,0,0,0,0,0,0
604070521,0,0,0,0,0,0,0,0,0,0,0
604070522,0,0,0,0,0,0,2,0,0,0,0
604070523,0,0,0,0,0,0,0,0,0,0,0
604070524,0,0,0,0,0,0,0,0,0,0,0
604070525,0,0,0,0,0,0,0,0,0,2,0
604070526,1,0,0,0,0,0,0,0,0,0,0
604070527,1,0,0,0,0,0,0,0,0,0,0
604070528,2,0,0,0,0,0,0,0,0,0,0
604070529,2,0,0,0,0,1,1,0,0,0,0
604070530,1,0,0,0,0,0,0,0,0,0,0
604070531,2,0,0,2,0,0,2,0,0,0,0
604070532,0,0,0,0,0,0,2,0,0,0,0
604070533,0,0,0,0,0,2,0,0,0,0,0
604070534,0,0,0,0,0,0,0,0,0,0,0
604070535,0,0,0,0,0,0,0,0,0,0,0
604070536,0,0,0,0,0,0,0,0,0,0,0
604070537,0,0,0,0,0,0,0,0,0,0,0
604070538,0,0,0,0,0,0,0,0,0,0,0
604070539,0,0,0,0,0,0,0,0,0,0,0
604070540,0,0,0,0,0,0,0,0,0,0,0
604070541,0,0,0,0,0,0,0,0,0,0,0
604070542,0,0,0,0,0,0,0,0,0,0,0
604070543,2,0,0,0,0,0,0,0,0,0,0
604070544,0,0,0,0,0,0,0,0,0,0,0
604070545,0,0,0,0,0,0,0,0,0,0,0
604070546,0,0,0,0,0,0,0,0,0,1,0
604070547,0,0,0,0,0,0,0,0,0,0,0
604070548,0,0,0,0,0,0,0,0,0,0,0
604070549,0,0,0,0,0,0,0,0,0,0,0
604070550,0,0,2,0,0,0,0,0,0,2,0
604070551,0,0,0,0,0,0,0,0,0,2,0
604070552,0,0,0,0,0,0,0,0,0,2,0
604070553,0,0,0,0,0,0,0,0,0,0,0
604070554,0,0,0,0,0,0,0,0,0,0,0
604070555,0,0,0,0,0,0,0,0,0,0,0
604070556,0,0,0,2,0,0,2,0,0,0,0
604070557,0,0,0,0,0,0,0,0,0,0,0
604070558,0,0,0,0,0,0,0,0,0,0,0
604070559,0,0,0,0,0,0,2,0,0,0,0
604070560,0,0,0,0,0,0,0,0,0,0,0
604070561,0,0,0,0,0,0,0,0,0,0,0
604070562,0,0,0,0,0,0,0,0,0,0,0
604070563,0,0,0,0,0,0,0,0,0,0,0
604070564,0,0,0,0,0,0,0,0,0,0,0
604070565,0,0,0,0,0,0,0,0,0,0,0
604070566,0,0,0,0,0,0,2,0,0,0,0
604070567,0,0,0,0,0,0,0,0,0,0,0
604070568,0,0,0,0,0,0,0,0,0,0,0
604070569,0,0,0,0,0,0,0,0,0,0,0
604070570,0,0,0,0,0,0,0,0,0,0,0
604070571,0,0,0,0,0,0,0,0,0,0,0
604070572,0,0,0,0,0,0,0,0,0,0,0
604070573,0,0,0,0,0,0,0,0,0,0,0
604070574,0,0,0,0,0,0,0,0,0,0,0
604070575,0,0,0,0,0,0,0,0,0,0,0
604070576,0,0,0,0,0,0,0,0,0,0,0
604070577,0,0,0,0,0,0,0,0,0,0,0
604070578,0,0,0,0,0,0,0,0,0,0,0
604070579,0,0,0,0,0,0,0,0,0,0,0
604070580,0,0,0,0,0,0,0,0,0,0,0
604070581,0,0,0,0,0,0,0,0,0,0,0
604070582,0,0,0,0,0,0,0,0,0,0,0
604070583,0,0,0,0,0,0,0,0,0,0,0
604070584,1,0,0,0,0,0,0,0,0,0,0
604070585,0,0,0,0,0,0,0,0,0,0,0
604070586,0,0,0,0,0,0,0,0,0,0,0
604070587,0,0,0,0,0,0,0,0,0,0,0
604070588,0,0,0,0,0,0,0,0,0,0,0
604070589,0,0,0,0,0,0,0,0,0,0,0
604070590,0,0,0,0,0,0,0,0,0,0,0
604070591,0,0,2,0,0,0,0,2,0,0,0
604070592,2,0,0,0,0,0,0,0,0,0,0
604070593,0,0,0,0,0,0,0,0,0,2,0
604070594,0,0,0,0,0,0,0,0,0,0,0
604070595,0,0,2,0,0,0,0,0,0,2,0
604070596,1,0,0,0,0,0,0,0,0,0,0
604070597,1,0,0,0,0,0,0,0,0,0,0
604070598,1,0,0,0,0,0,0,0,0,0,0
604070599,1,0,0,0,0,0,0,0,0,0,0
604070600,1,0,0,0,0,0,0,0,0,0,0
604070601,2,0,0,0,0,0,0,0,0,0,0
604070602,2,2,0,0,0,0,0,0,0,0,0
604070603,0,2,0,0,0,0,0,0,0,0,0
604070604,1,2,0,0,2,0,0,0,0,0,0
604070605,1,2,2,0,0,0,0,0,0,2,2
604070606,0,0,0,0,0,0,0,0,0,2,0
604070607,0,0,0,0,0,0,0,0,0,2,0
604070608,0,0,0,0,0,0,0,0,0,2,0
604070609,0,0,0,0,0,0,0,0,0,0,0
604070610,0,0,0,0,0,0,0,0,0,0,0
604070611,0,0,0,0,0,0,0,0,0,0,0
604070612,0,0,0,0,0,0,0,0,0,2,0
604070613,0,0,0,0,0,0,0,0,0,0,0
604070614,0,0,0,0,0,0,0,0,0,0,0
604070615,0,0,0,0,0,0,0,0,0,0,0
604070616,0,0,0,0,0,0,0,0,0,0,0
604070617,0,0,0,0,0,0,0,0,0,2,0
604070618,0,0,0,0,0,0,0,0,0,2,0
604070619,0,0,1,0,0,0,0,0,0,0,0
604070620,0,0,0,0,0,0,0,0,0,2,0
604070621,0,0,0,0,0,0,0,0,0,0,0
604070622,0,0,0,0,0,0,0,0,0,2,0
604070623,0,0,0,0,0,0,0,0,0,0,0
604070624,0,0,0,0,0,0,0,0,0,0,0
604070625,0,0,2,0,0,2,0,0,0,2,0
604070626,0,0,0,0,0,0,0,0,0,0,0
604070627,0,0,0,0,0,0,0,0,0,0,0
604070628,0,0,0,0,0,0,0,0,0,2,0
604070629,0,0,0,0,0,0,0,0,0,2,0
604070630,0,0,0,0,0,0,2,0,0,0,0
604070631,0,0,0,0,0,0,0,0,0,0,0
604070632,0,0,0,0,0,0,0,0,0,0,0
604070633,0,0,0,0,0,0,0,0,0,2,0
604070634,1,0,0,0,0,0,0,0,0,0,0
604070635,1,0,0,0,0,0,0,0,0,0,0
604070636,2,2,0,0,0,0,0,0,0,0,0
604070637,1,0,0,0,0,0,0,0,0,0,0
604070638,1,0,0,0,0,0,0,0,0,0,0
604070639,1,0,0,0,0,0,0,0,0,0,0
604070640,1,0,0,0,0,0,0,0,0,0,0
604070641,1,0,0,0,0,0,0,0,0,0,0
604070642,1,0,0,0,0,0,0,0,0,0,0
604070643,1,0,0,0,0,0,0,0,0,0,0
604070644,1,0,0,0,0,0,0,0,0,0,0
604070645,2,0,0,0,0,0,0,0,0,0,0
604070646,0,0,0,0,0,0,0,0,0,0,0
604070647,0,0,0,0,0,0,0,0,0,2,0
604070648,0,0,0,0,0,0,0,0,0,0,0
604070649,0,0,0,0,0,0,0,0,0,0,0
604070650,0,0,0,0,0,0,0,0,0,0,0
604070651,2,0,0,0,0,0,2,0,0,0,0
604070652,0,0,0,0,0,0,0,2,0,2,0
604070653,0,1,0,0,0,0,0,0,0,0,0
604070654,0,0,0,0,0,0,0,0,0,0,0
604070655,0,0,0,0,0,0,0,0,0,0,0
604070656,0,0,0,0,0,0,0,0,0,0,0
604070657,2,1,0,0,0,0,0,0,0,0,0
604070658,1,0,0,0,0,0,0,0,0,0,0
604070659,0,0,0,0,0,0,0,0,0,0,0
604070660,0,0,0,0,2,0,0,0,0,0,0
604070661,1,0,0,0,0,0,0,0,0,0,0
604070662,0,0,0,0,0,0,0,0,0,0,0
604070663,2,0,0,0,0,0,0,0,0,0,0
604070664,2,0,0,0,0,0,0,0,0,1,0
604070665,2,0,0,0,0,0,0,0,0,0,0
604070666,1,0,0,0,0,0,0,0,0,0,0
604070667,0,0,0,0,0,0,0,0,0,0,0
604070668,1,1,0,0,0,0,1,0,0,0,0
604070669,2,0,0,0,0,0,0,0,0,0,0
604070670,0,0,0,0,0,0,0,0,0,0,0
604070671,1,0,1,0,0,0,0,0,0,0,0
604070672,2,0,0,0,0,0,0,0,0,0,0
604070673,0,0,0,1,0,0,0,0,0,0,0
604070674,2,0,1,0,0,0,0,0,0,0,0
604070675,1,2,0,0,1,1,0,1,0,0,0
604070676,1,0,2,0,0,0,0,0,0,0,0
604070677,2,0,0,0,0,0,0,0,0,0,0
604070678,2,0,0,0,0,0,0,0,0,0,0
604070679,1,0,-1,-1,0,0,0,0,0,0,0
604070680,1,0,0,0,0,0,0,0,0,0,0
604070681,1,1,1,0,2,0,0,0,0,0,0
604070682,2,1,1,0,0,0,0,1,2,1,2
604070683,1,0,0,0,0,0,0,0,0,0,0
604070684,1,0,0,0,0,0,0,0,0,0,0
604070685,1,0,1,1,0,1,0,1,0,0,1
604070686,1,0,0,0,0,0,0,0,0,0,0
604070687,2,1,0,0,0,0,0,0,0,0,0
604070688,1,0,1,0,0,0,0,0,0,0,0
604070689,1,0,0,0,0,0,0,0,0,0,0
604070690,1,0,0,0,0,0,0,0,0,0,0
604070691,0,1,0,0,0,0,0,0,0,0,0
604070692,0,0,0,0,0,0,0,0,0,0,0
604070693,0,0,0,2,2,0,0,0,0,0,0
604070694,1,0,0,0,0,0,0,0,0,0,0
604070695,0,0,0,0,0,0,0,0,0,2,0
604070696,2,0,0,0,0,0,0,2,0,0,0
604070697,0,2,0,0,0,0,0,0,0,0,0
604070698,0,0,0,0,0,0,0,0,0,0,0
604070699,2,0,0,0,0,0,0,0,0,0,0
604070700,2,0,0,0,0,0,0,0,0,0,0
604070701,2,0,0,0,0,0,0,0,0,0,0
604070702,2,0,0,0,0,0,0,0,0,0,0
604070703,2,0,0,0,0,0,0,0,0,0,0
604070704,2,0,0,0,0,0,0,0,0,0,0
604070705,2,0,0,0,0,0,0,0,0,0,0
604070706,2,0,0,0,0,0,0,0,0,0,0
604070707,0,0,0,0,0,0,0,0,0,0,0
604070708,0,0,0,0,0,0,0,0,0,0,0
604070709,2,0,0,0,0,0,0,0,0,0,0
604070710,2,0,0,0,0,0,0,0,0,0,0
604070711,2,0,0,0,0,0,0,0,0,0,0
604070712,2,2,0,0,0,0,0,0,0,0,0
604070713,2,0,0,0,0,0,0,0,0,0,0
604070714,2,0,0,0,0,0,0,0,0,0,0
604070715,2,0,0,0,0,0,0,0,0,0,0
604070716,0,0,0,0,0,0,0,0,0,0,0
604070717,2,0,0,0,0,0,0,0,0,0,0
604070718,2,0,0,0,0,0,0,0,0,0,0
604070719,0,0,0,0,0,0,0,0,0,0,0
604070720,0,0,0,0,0,0,0,0,0,0,0
604070721,2,0,1,0,0,0,0,0,0,0,0
604070722,2,0,0,0,0,0,0,0,0,0,0
604070723,2,0,0,0,0,0,0,0,0,0,0
604070724,2,0,0,0,0,0,0,0,0,0,0
604070725,0,0,0,0,0,0,0,0,0,0,0
604070726,1,0,0,0,0,0,0,0,0,0,0
604070727,0,0,0,0,0,0,0,0,0,0,0
604070728,0,2,0,2,2,2,2,0,0,2,0
604070729,0,1,0,0,2,1,1,1,0,0,0
604070730,0,2,2,-1,2,0,2,0,0,0,0
604070731,2,2,0,0,0,0,2,0,0,0,0
604070732,1,0,0,0,0,0,0,2,0,0,0
604070733,1,0,0,0,0,0,0,0,0,0,0
604070734,0,0,0,0,0,0,0,0,0,0,0
604070735,0,1,0,0,0,0,0,0,0,0,0
604070736,0,0,0,0,0,0,0,0,0,0,0
604070737,0,0,0,0,0,0,0,0,0,0,0
604070738,0,0,0,0,0,0,0,0,0,0,0
604070739,0,0,0,0,0,0,0,0,0,0,0
604070740,0,0,0,0,0,0,0,0,0,0,0
604070741,0,0,0,0,0,0,0,0,0,0,0
604070742,0,0,0,0,0,0,0,0,0,0,0
604070743,0,0,0,0,0,0,0,0,0,0,0
604070744,0,0,0,0,0,0,0,0,0,0,0
604070745,0,0,0,0,0,0,0,0,0,0,0
604070746,1,1,0,0,1,0,0,0,0,0,0
604070747,2,0,0,0,0,0,0,0,0,0,0
604070748,1,1,0,0,0,0,0,0,0,0,0
604070749,2,1,-1,2,2,1,2,2,1,-1,2
604070750,1,0,1,0,0,0,0,0,0,0,0
604070751,0,0,0,0,0,0,0,0,0,0,0
604070752,0,0,0,0,0,0,0,0,0,0,0
604070753,1,0,0,0,0,0,0,0,0,0,0
604070754,0,0,0,0,0,0,0,0,0,0,0
604070755,0,0,0,0,0,0,0,0,0,0,0
604070756,0,0,0,0,0,0,0,0,0,0,0
604070757,2,0,0,0,0,0,0,0,0,0,0
604070758,1,0,0,0,0,0,0,0,0,0,0
604070759,0,0,0,0,0,0,0,0,0,0,0
604070760,0,0,0,0,0,0,0,0,0,0,0
604070761,2,0,0,0,0,0,0,0,0,0,0
604070762,0,0,0,0,0,0,0,0,0,0,0
604070763,0,0,0,0,0,0,0,0,0,0,0
604070764,0,0,0,0,0,0,0,0,0,0,0
604070765,0,0,0,0,0,0,0,0,0,0,0
604070766,0,0,0,0,0,0,0,0,0,0,0
604070767,0,0,0,0,0,0,0,0,0,0,0
604070768,0,0,0,0,0,0,0,0,0,0,0
604070769,0,0,0,0,0,0,0,0,0,0,0
604070770,1,0,2,1,0,0,0,2,1,-1,2
604070771,0,0,0,0,0,0,0,0,0,0,0
604070772,0,0,0,0,0,0,0,0,0,0,0
604070773,0,0,0,0,0,0,0,0,0,0,0
604070774,0,0,0,0,0,0,0,0,0,0,0
604070775,0,0,0,0,0,0,0,0,0,0,0
604070776,2,1,2,2,1,0,0,1,1,2,0
604070777,2,0,2,2,0,0,0,0,0,1,0
604070778,2,0,0,0,2,0,0,0,0,2,0
604070779,2,0,0,0,0,0,0,0,0,2,0
604070780,1,1,0,0,0,0,0,0,1,1,0
604070781,0,0,0,0,0,0,0,0,0,0,0
604070782,1,0,0,0,0,0,0,0,0,1,0
604070783,0,0,0,0,0,0,0,0,0,1,0
604070784,1,0,0,0,0,0,0,0,0,0,0
604070785,0,0,0,0,0,0,0,0,0,1,0
604070786,0,0,0,0,0,0,0,0,0,0,0
604070787,0,0,0,0,0,0,0,0,0,0,0
604070788,1,0,0,0,0,0,0,0,0,0,0
604070789,0,0,0,0,0,0,0,0,0,0,0
604070790,0,0,0,0,0,0,0,0,0,0,0
604070791,0,0,0,0,0,0,0,0,0,0,0
604070792,0,0,0,0,0,0,0,0,0,0,0
604070793,0,0,0,0,0,0,0,0,0,0,0
604070794,0,0,0,0,0,0,0,0,0,0,0
604070795,0,0,0,0,0,0,0,0,0,0,0
604070796,1,0,0,0,0,0,0,0,-1,0,0
604070797,0,0,0,0,0,0,0,0,0,0,0
604070798,0,0,0,0,0,0,0,0,0,0,0
604070799,0,0,0,0,0,0,0,0,0,0,0
604070800,0,0,0,0,0,0,0,0,0,0,0
604070801,2,0,0,0,0,0,0,0,0,0,0
604070802,2,2,2,0,0,0,0,0,0,0,0
604070803,1,0,0,0,0,0,0,0,0,0,0
604070804,1,0,0,0,0,0,0,0,0,0,0
604070805,1,0,0,0,0,0,0,0,0,0,0
604070806,0,0,0,0,0,0,0,0,0,0,0
604070807,0,0,0,0,0,0,0,0,0,0,0
604070808,0,0,0,0,0,0,0,0,0,0,0
604070809,0,0,0,0,0,0,0,0,0,0,0
604070810,0,0,0,0,1,0,1,0,0,0,0
604070811,2,0,0,0,0,0,2,0,0,0,0
604070812,0,0,0,0,0,0,0,0,0,0,0
604070813,2,0,0,0,0,0,0,0,0,0,0
604070814,0,0,0,0,0,0,0,0,0,0,0
604070815,0,0,0,0,0,0,0,0,0,0,0
604070816,0,0,2,0,0,0,0,0,0,0,0
604070817,1,0,0,0,0,0,0,1,0,0,0
604070818,0,0,0,2,0,0,2,0,0,0,0
604070819,0,0,0,0,0,0,0,0,0,0,0
604070820,0,1,0,0,0,0,0,0,0,0,0
604070821,2,2,0,0,0,0,0,0,0,0,0
604070822,0,0,0,0,0,0,0,0,0,0,0
604070823,1,2,0,0,0,0,0,0,0,0,0
604070824,2,1,2,0,0,2,0,0,0,0,0
604070825,2,0,0,0,0,0,0,2,0,0,2
604070826,2,2,2,0,0,0,2,0,0,0,0
604070827,1,2,2,1,1,0,0,0,0,0,0
604070828,1,0,0,0,0,0,1,0,0,0,0
604070829,1,1,0,0,1,1,0,1,0,0,0
604070830,0,2,0,0,0,0,0,1,0,0,0
604070831,2,0,1,0,0,0,0,0,0,0,0
604070832,0,0,0,0,0,0,0,0,0,0,0
604070833,0,0,0,0,0,0,0,0,0,0,0
604070834,2,0,0,0,0,0,0,0,0,0,-2
604070835,2,2,0,0,0,2,0,2,2,2,-1
604070836,2,0,0,0,0,0,0,0,0,0,0
604070837,1,0,0,0,0,0,0,0,0,0,0
604070838,1,0,0,0,0,0,0,0,0,0,0
604070839,1,0,0,0,0,0,0,0,0,0,0
604070840,1,0,0,0,0,0,0,0,0,0,0
604070841,0,0,0,0,0,0,0,0,0,0,0
604070842,0,0,0,0,0,0,0,0,0,0,0
604070843,0,0,0,0,0,0,0,0,0,0,0
604070844,0,0,0,0,0,0,0,0,0,0,0
604070845,0,0,0,0,0,0,0,0,0,0,0
604070846,1,0,0,0,0,0,0,0,0,0,0
604070847,1,0,0,0,0,0,0,0,0,0,0
604070848,1,0,0,0,0,0,0,0,0,0,0
604070849,0,0,0,0,0,0,0,0,0,0,0
604070850,1,0,0,0,0,0,0,0,0,0,0
604070851,1,1,1,0,0,0,0,0,-2,0,0
604070852,1,1,1,0,0,0,0,0,0,0,0
604070853,0,0,0,0,0,0,0,0,0,0,0
604070854,0,0,0,0,0,1,0,1,0,0,0
604070855,0,0,0,0,0,0,0,0,0,0,0
604070856,1,0,0,0,0,0,0,0,0,0,0
604070857,1,0,0,0,0,0,0,0,0,0,0
604070858,1,0,0,0,0,0,0,0,0,0,0
604070859,1,0,0,0,0,0,0,0,0,0,0
604070860,1,0,0,0,0,0,0,0,0,0,0
604070861,1,0,0,0,0,0,0,0,0,0,0
604070862,0,0,0,0,0,0,0,0,0,0,0
604070863,0,0,0,0,0,0,0,0,0,0,0
604070864,1,0,0,0,0,0,0,0,0,0,0
604070865,1,0,0,0,0,0,0,0,0,0,0
604070866,2,0,0,0,0,0,0,0,0,0,0
604070867,0,0,0,0,0,0,0,0,0,0,0
604070868,0,0,1,2,0,1,0,0,0,0,0
604070869,1,0,0,0,0,0,0,0,0,0,0
604070870,1,0,0,0,0,0,0,0,0,1,0
604070871,0,0,0,0,0,0,0,0,0,0,0
604070872,0,0,0,0,0,0,0,0,0,0,0
604070873,0,0,0,0,0,0,0,0,0,0,0
604070874,0,0,0,0,0,0,0,0,0,0,0
604070875,2,0,0,0,0,0,0,0,0,0,0
604070876,1,0,0,0,0,0,0,0,0,0,0
604070877,2,0,0,0,0,0,0,0,0,0,0
604070878,1,0,0,0,0,0,0,0,0,0,0
604070879,1,0,0,0,0,0,0,0,0,0,0
604070880,1,0,0,0,0,0,0,0,0,0,0
604070881,0,0,0,0,0,0,0,0,0,0,0
604070882,0,0,0,0,0,0,0,0,0,0,0
604070883,1,0,0,0,0,0,0,0,0,0,0
604070884,0,0,0,0,0,0,0,0,0,0,0
604070885,0,0,0,0,0,0,0,0,0,0,0
604070886,2,0,2,0,0,0,0,0,0,0,0
604070887,1,0,0,0,0,0,0,0,0,0,0
604070888,1,0,0,0,0,0,0,0,0,0,0
604070889,1,0,0,0,0,0,0,0,0,0,0
604070890,2,0,0,0,0,0,0,0,0,0,0
604070891,2,0,0,0,0,0,0,0,0,0,0
604070892,1,0,0,0,0,0,0,0,0,0,0
604070893,1,0,0,0,0,0,0,0,0,0,0
604070894,0,0,0,0,0,0,0,0,0,0,0
604070895,0,0,0,0,0,0,0,0,0,0,0
604070896,1,0,0,0,0,0,0,0,0,0,0
604070897,1,0,0,0,0,0,0,0,0,0,0
604070898,1,1,0,0,0,0,0,0,0,0,0
604070899,0,0,0,0,0,0,0,0,0,0,0
604070900,1,0,0,0,0,0,0,0,0,0,0
604070901,2,1,0,0,0,0,0,2,0,0,0
604070902,1,0,0,0,0,1,0,1,0,1,0
604070903,0,0,0,0,0,0,0,0,0,0,0
604070904,1,1,0,0,0,0,0,0,0,0,0
604070905,0,0,0,1,0,0,0,0,0,0,0
604070906,2,0,1,0,0,0,0,0,0,0,0
604070907,1,0,0,0,0,0,0,0,0,0,0
604070908,2,0,0,0,0,0,0,0,0,0,0
604070909,2,0,0,0,0,0,0,0,0,1,0
604070910,1,0,0,0,0,0,0,0,0,0,0
604070911,2,0,1,0,0,1,1,2,1,2,0
604070912,2,2,0,0,2,2,2,0,2,2,2
604070913,1,0,1,1,1,0,0,0,0,2,0
604070914,1,2,2,0,0,0,0,0,0,0,0
604070915,0,2,0,0,0,0,0,0,0,0,0
604070916,2,0,0,0,0,1,0,0,0,0,0
604070917,2,0,2,0,2,0,0,0,0,0,0
604070918,2,0,0,0,0,0,0,0,0,0,0
604070919,1,0,0,0,0,0,0,0,0,0,0
604070920,1,0,0,0,0,0,2,0,0,0,0
604070921,0,0,0,0,0,0,0,0,0,0,0
604070922,0,2,2,0,0,0,0,1,0,0,0
604070923,0,0,2,0,0,0,0,1,0,0,0
604070924,0,1,0,0,0,0,0,0,0,1,0
604070925,0,0,0,0,0,0,0,0,0,1,0
604070926,2,1,0,0,0,0,0,0,0,0,0
604070927,0,0,0,0,0,0,0,0,0,0,0
604070928,2,2,2,0,0,1,0,0,0,0,0
604070929,0,0,2,0,0,0,0,0,0,1,0
604070930,1,2,0,0,0,1,0,0,0,0,0
604070931,2,0,0,0,0,0,0,0,0,0,0
604070932,2,1,2,0,0,0,0,0,0,2,0
604070933,1,2,0,0,0,0,0,0,0,2,2
604070934,1,0,2,0,0,0,0,0,0,0,0
604070935,2,2,0,0,0,0,0,2,1,0,0
604070936,2,0,2,0,0,0,0,0,0,0,0
604070937,1,0,0,0,0,0,0,0,0,0,0
604070938,1,0,0,0,0,0,0,0,0,0,0
604070939,1,0,0,0,0,0,0,0,0,0,0
604070940,0,0,0,0,0,0,0,0,0,0,0
604070941,2,2,0,0,0,0,0,0,0,0,0
604070942,1,2,-2,0,0,0,0,0,0,0,0
604070943,2,0,0,0,0,0,0,0,0,0,0
604070944,1,0,0,0,0,0,0,0,0,0,0
604070945,0,0,0,0,0,0,0,0,0,0,0
604070946,2,0,0,0,0,0,0,0,0,0,0
604070947,2,0,0,0,0,0,0,0,0,2,1
604070948,1,0,0,0,0,0,0,0,0,0,0
604070949,1,0,0,0,0,0,0,0,0,0,0
604070950,2,1,0,0,0,0,0,0,0,0,0
604070951,0,0,0,0,0,0,0,0,0,0,0
604070952,0,0,0,0,0,0,0,0,0,0,0
604070953,0,0,0,0,0,0,0,0,0,0,0
604070954,0,0,0,0,0,0,0,0,0,0,0
604070955,0,0,0,0,0,0,0,0,0,0,0
604070956,0,0,0,0,0,0,0,0,0,0,0
604070957,0,0,0,0,0,0,0,0,0,0,0
604070958,0,0,0,0,0,0,0,0,0,0,0
604070959,0,0,0,0,0,0,0,0,0,0,0
604070960,0,0,0,0,0,0,0,0,0,0,0
604070961,0,0,0,0,0,0,0,0,0,0,0
604070962,1,0,0,0,0,0,0,0,0,0,0
604070963,0,0,0,0,0,0,0,0,0,0,0
604070964,0,0,0,0,0,0,0,0,0,0,0
604070965,0,0,0,0,0,0,0,0,0,0,0
604070966,0,0,0,0,0,0,0,0,0,0,0
604070967,0,0,0,0,0,0,0,0,0,0,0
604070968,0,0,0,0,0,0,0,0,0,0,0
604070969,0,0,0,0,0,0,0,0,0,0,0
604070970,0,0,0,0,0,0,0,0,0,0,0
604070971,1,0,0,0,0,0,0,0,0,0,0
604070972,2,0,0,0,0,0,0,0,0,0,0
604070973,2,0,0,0,0,0,0,0,0,0,0
604070974,0,0,0,0,0,0,0,0,0,0,0
604070975,1,0,0,0,0,0,0,0,0,0,0
604070976,2,0,0,0,0,0,0,0,0,0,0
604070977,1,1,0,0,0,0,0,0,0,0,0
604070978,0,0,0,0,0,0,0,0,0,0,0
604070979,1,0,0,0,0,0,0,0,0,0,0
604070980,1,0,0,0,0,0,0,0,0,0,0
604070981,2,0,0,0,0,0,0,0,0,0,0
604070982,0,0,0,0,0,0,0,0,0,0,0
604070983,1,0,2,0,0,0,0,0,0,0,0
604070984,1,2,0,0,0,0,0,0,0,0,0
604070985,1,2,0,0,0,0,0,0,0,0,0
604070986,0,0,-2,0,0,2,0,1,0,0,0
604070987,2,0,0,0,0,0,0,0,0,0,0
604070988,1,0,0,0,0,0,0,0,0,0,0
604070989,1,0,0,0,0,0,0,0,0,0,0
604070990,1,0,0,0,0,0,0,0,0,0,0
604070991,0,0,0,0,0,0,0,0,0,0,0
604070992,1,0,0,0,0,0,0,0,0,0,0
604070993,1,0,0,0,0,0,0,0,0,0,0
604070994,1,0,0,0,0,0,0,0,0,0,0
604070995,2,0,0,0,0,0,0,0,0,0,0
604070996,2,0,0,0,0,0,0,0,0,0,0
604070997,2,0,2,0,0,0,0,0,0,1,1
604070998,2,0,2,0,0,0,0,0,0,0,0
604070999,2,1,0,0,0,0,0,0,0,0,0
604071000,1,0,0,0,0,0,0,0,0,0,0
604071001,0,0,0,0,0,0,0,0,0,0,0
604071002,0,0,0,0,0,0,0,0,0,0,0
604071003,1,0,2,0,0,0,0,0,0,1,1
604071004,1,0,0,0,0,0,0,0,0,0,0
604071005,2,0,0,0,0,0,0,0,0,0,0
604071006,1,0,2,0,0,0,0,0,0,2,2
604071007,1,0,0,0,0,0,0,0,0,0,0
604071008,2,0,0,0,0,0,0,0,2,2,0
604071009,1,1,-2,0,1,0,0,0,0,0,0
604071010,0,0,2,0,0,0,0,0,0,2,2
604071011,-2,0,2,0,0,0,0,0,0,1,1
604071012,1,0,2,0,0,0,0,0,0,0,0
604071013,1,2,2,0,0,0,0,0,0,0,0
604071014,2,0,2,0,0,0,0,0,0,0,1
604071015,0,0,0,0,0,0,0,0,0,0,0
604071016,1,2,0,0,0,0,0,0,0,0,0
604071017,1,0,0,0,0,0,0,0,0,0,0
604071018,0,0,0,0,0,0,0,0,0,0,0
604071019,2,0,0,0,2,0,0,0,0,0,0
604071020,1,0,0,0,0,0,0,0,0,0,0
604071021,2,0,0,0,0,0,0,0,0,0,0
604071022,2,0,0,0,0,0,0,0,0,2,0
604071023,1,0,0,0,0,0,0,0,0,0,0
604071024,0,0,0,0,0,0,0,0,0,0,0
604071025,1,0,0,0,0,0,0,0,0,0,0
604071026,2,0,0,0,0,0,0,1,0,0,0
604071027,1,0,2,0,0,0,0,0,0,2,0
604071028,2,0,0,0,0,0,0,0,0,0,0
604071029,0,0,0,0,0,0,0,0,0,0,0
604071030,0,0,2,0,0,0,0,0,0,2,0
604071031,2,2,0,0,0,0,0,0,0,0,2
604071032,1,1,1,1,0,0,0,0,0,0,0
604071033,2,0,0,0,0,1,2,1,0,0,0
604071034,2,0,2,0,0,2,0,2,0,0,0
604071035,0,0,0,0,0,0,0,0,0,0,0
604071036,0,0,0,0,0,0,0,0,0,0,0
604071037,2,2,1,0,0,0,0,0,0,0,0
604071038,1,0,1,0,0,0,0,0,0,0,0
604071039,1,0,0,0,0,0,0,0,0,0,0
604071040,0,0,0,0,0,0,0,0,0,0,0
604071041,0,1,0,0,0,0,0,0,0,0,0
604071042,2,2,0,0,0,0,0,0,0,0,0
604071043,1,0,1,1,0,0,0,0,0,0,0
604071044,1,1,0,0,0,0,0,2,0,1,0
604071045,1,2,0,0,0,0,0,0,0,0,0
604071046,2,2,0,0,0,0,0,0,0,0,0
604071047,0,0,0,0,0,0,0,0,0,0,0
604071048,1,1,2,0,0,1,0,0,0,0,0
604071049,0,0,0,0,0,0,0,0,0,0,0
604071050,0,0,2,0,0,2,0,0,0,0,0
604071051,1,0,0,0,0,0,0,0,0,0,0
604071052,0,0,0,0,0,0,0,0,2,0,0
604071053,0,0,0,0,0,0,0,0,0,0,0
604071054,0,0,0,0,0,0,0,0,0,0,0
604071055,0,0,2,0,0,0,0,0,0,0,0
604071056,2,1,0,0,0,0,0,0,0,0,0
604071057,0,0,0,0,0,0,0,0,0,0,0
604071058,0,0,1,0,0,2,0,0,0,0,0
604071059,0,0,0,0,0,1,0,0,0,0,0
604071060,2,1,0,0,0,0,0,0,0,0,0
604071061,2,0,0,0,0,0,0,0,0,0,0
604071062,0,0,2,0,0,0,0,0,0,0,0
604071063,0,0,0,0,0,0,0,0,0,1,0
604071064,0,0,0,0,0,0,0,0,0,0,0
604071065,2,0,0,0,0,0,0,0,0,0,0
604071066,0,0,0,0,0,0,0,0,0,1,1
604071067,1,2,0,0,0,0,0,1,0,0,0
604071068,2,0,0,0,0,0,0,0,0,0,0
604071069,1,0,2,0,0,0,0,2,0,0,0
604071070,0,0,0,0,0,0,0,0,0,0,0
604071071,1,0,0,0,0,0,2,2,0,0,0
604071072,1,0,0,0,0,0,0,1,0,0,0
604071073,0,0,0,0,0,0,0,0,0,0,0
604071074,0,0,0,0,0,0,0,0,0,0,0
604071075,0,0,2,0,0,0,0,2,0,0,0
604071076,0,0,0,1,0,0,0,0,0,0,1
604071077,2,1,1,2,0,0,0,0,0,0,0
604071078,1,0,0,1,1,0,0,0,0,0,0
604071079,2,0,0,0,0,0,0,0,0,0,0
604071080,0,2,0,0,0,0,0,0,0,0,0
604071081,0,0,0,0,0,0,0,0,0,0,0
604071082,0,0,0,0,0,0,0,0,0,0,0
604071083,0,0,0,0,0,0,0,0,0,0,0
604071084,0,0,0,0,0,0,0,0,0,0,0
604071085,0,0,1,0,0,0,0,0,0,0,0
604071086,1,0,0,0,0,0,0,0,0,0,0
604071087,1,0,2,0,0,0,0,0,0,0,0
604071088,2,0,0,0,0,0,0,0,0,0,0
604071089,1,1,2,0,0,0,0,0,0,0,0
604071090,1,0,2,0,0,0,0,0,0,0,0
604071091,2,0,0,0,0,0,0,0,0,0,0
604071092,1,0,2,0,0,0,0,0,0,0,0
604071093,0,0,0,0,0,0,0,0,0,0,0
604071094,0,0,2,0,0,0,0,0,0,0,0
604071095,2,2,2,2,0,0,0,0,0,0,0
604071096,0,2,2,0,0,0,0,0,0,2,0
604071097,1,0,0,0,2,0,0,0,0,2,0
604071098,2,0,2,0,0,0,0,0,0,2,2
604071099,1,2,2,0,0,0,0,0,0,0,0
604071100,2,1,0,0,0,0,0,0,0,1,0
604071101,2,0,1,0,0,-2,0,0,0,2,0
604071102,2,0,1,0,0,0,0,0,0,1,0
604071103,0,2,2,0,2,0,0,0,0,2,0
604071104,2,-1,2,0,0,0,0,0,0,2,0
604071105,2,2,2,0,0,0,0,0,0,0,0
604071106,0,2,2,0,0,2,0,2,2,0,0
604071107,2,0,2,2,0,0,0,0,0,1,1
604071108,0,0,2,0,0,0,0,0,0,0,0
604071109,2,2,2,0,0,0,-1,-1,-1,-1,-1
604071110,0,2,0,0,0,0,0,0,0,0,0
604071111,2,0,2,0,0,0,0,0,0,1,0
604071112,0,0,0,0,0,0,0,0,0,0,0
604071113,-1,-1,-1,-1,-1,-1,-1,-1,-1,-1,-1
604071114,-1,-1,-1,-1,-1,-1,-1,-1,-1,-1,-1
604071115,1,2,1,1,0,0,2,0,0,0,0
604071116,0,0,0,0,0,0,0,0,0,0,0
604071117,0,0,0,0,0,0,0,0,0,0,0
604071118,2,0,0,0,0,0,0,0,0,0,0
604071119,0,0,0,0,0,0,0,0,0,0,0
604071120,2,0,0,0,0,0,0,0,0,0,0
604071121,1,0,0,1,0,0,1,0,0,0,0
604071122,1,1,0,1,1,0,0,0,0,0,0
604071123,0,0,0,0,0,0,0,0,0,0,0
604071124,0,0,0,0,0,0,0,0,0,0,0
604071125,1,0,1,0,0,0,0,0,0,0,0
604071126,1,0,2,0,0,0,0,0,0,2,2
604071127,0,0,0,0,0,0,0,0,0,0,0
604071128,0,0,0,0,0,0,0,0,0,1,1
604071129,0,0,0,0,0,0,0,0,0,2,0
604071130,0,0,0,0,0,0,0,0,0,0,0
604071131,2,0,0,0,0,0,0,0,0,0,0
604071132,0,0,2,0,0,0,0,0,0,0,0
604071133,0,0,0,0,0,0,0,0,0,0,0
604071134,0,2,0,0,0,0,0,0,0,0,0
604071135,0,0,0,0,0,0,0,0,0,0,0
604071136,0,0,0,0,0,0,0,2,0,0,0
604071137,0,0,0,0,0,0,0,0,0,0,0
604071138,2,0,0,0,0,0,0,0,0,0,0
604071139,0,0,0,0,0,0,0,0,0,0,0
604071140,0,0,0,0,0,0,0,0,0,0,0
604071141,1,0,0,0,0,0,0,0,0,0,0
604071142,1,0,1,0,0,0,0,0,0,0,0
604071143,1,1,0,0,0,0,0,0,0,0,0
604071144,1,2,1,0,0,0,0,0,0,0,0
604071145,0,0,0,0,0,0,0,0,0,0,0
604071146,0,2,0,1,0,0,0,0,0,0,0
604071147,2,0,0,0,2,0,0,2,0,2,0
604071148,0,0,0,0,0,0,0,0,0,0,0
604071149,1,2,2,0,2,0,0,0,0,2,2
604071150,0,2,2,0,0,0,0,2,0,0,0
604071151,2,1,2,1,1,2,2,0,0,0,0
604071152,0,0,0,0,0,0,2,0,0,0,0
604071153,2,2,2,0,2,0,0,0,0,0,0
604071154,1,0,2,0,0,0,0,0,0,0,0
604071155,0,0,0,0,0,2,0,2,0,0,2
604071156,-2,-1,1,-1,2,1,-1,-1,-1,-2,2
604071157,1,-1,-2,0,-2,2,0,2,-1,2,2
604071158,1,0,0,0,0,0,2,0,0,0,0
604071159,0,0,0,0,0,0,0,0,0,0,0
604071160,-2,-2,-1,-2,-1,-1,-1,-1,-2,-1,-2
604071161,-1,-1,-1,-2,-1,-1,-1,-2,-1,-1,2
604071162,0,0,-1,-1,-2,0,0,1,2,-2,2
604071163,-2,-1,-1,0,-2,-1,0,-1,-2,0,-1
604071164,0,1,1,0,0,-1,-2,-2,1,2,0
604071165,2,-1,2,0,0,-1,-2,-1,-2,0,0
604071166,0,0,0,0,0,0,0,0,0,0,0
604071167,0,0,1,0,0,0,0,0,0,0,0
604071168,0,0,0,0,0,0,0,0,0,0,0
604071169,2,0,0,0,0,0,0,2,0,0,0
604071170,0,0,0,1,0,0,0,0,0,0,1
604071171,1,0,0,0,0,0,0,0,0,0,0
604071172,0,2,2,2,2,0,0,0,0,2,0
604071173,0,0,0,0,0,1,0,1,0,0,0
604071174,0,0,0,0,0,0,0,0,0,0,0
604071175,2,0,0,0,0,0,0,0,0,0,0
604071176,1,1,0,1,0,0,0,0,1,0,0
604071177,0,0,0,0,0,0,0,0,0,0,0
604071178,1,0,0,0,0,0,0,0,0,1,0
604071179,1,0,0,0,0,0,1,0,0,0,0
604071180,1,1,0,0,0,0,0,0,0,0,0
604071181,2,0,0,0,0,0,0,0,0,2,0
604071182,2,0,0,0,0,0,0,0,0,0,0
604071183,0,0,0,0,0,2,0,0,0,0,0
604071184,0,2,2,0,0,0,0,0,0,0,0
604071185,0,0,1,0,0,1,0,0,0,0,0
604071186,0,0,0,0,0,0,0,0,0,0,0
604071187,2,0,0,0,0,0,0,0,0,0,0
604071188,1,0,0,0,0,0,0,0,0,0,0
604071189,0,0,0,0,0,0,0,0,0,0,0
604071190,1,0,0,0,0,0,0,0,0,0,0
604071191,0,0,0,0,0,2,0,1,0,0,1
604071192,0,0,0,0,0,0,0,0,0,0,0
604071193,1,2,0,0,2,0,0,0,0,0,0
604071194,0,0,0,0,0,0,0,0,0,0,0
604071195,0,0,0,0,0,0,0,0,0,0,0
604071196,1,0,0,0,0,0,0,0,0,0,0
604071197,1,0,0,0,0,0,0,0,0,0,0
604071198,1,0,0,0,0,0,0,0,0,0,0
604071199,1,0,0,0,0,0,0,0,0,0,0
604071200,1,0,0,0,0,2,0,0,0,0,0
604071201,0,0,0,0,0,0,0,0,0,0,0
604071202,0,0,0,0,0,0,0,0,0,0,0
604071203,0,0,0,0,0,0,0,0,0,0,0
604071204,0,0,0,0,0,0,0,0,0,0,0
604071205,0,0,0,0,0,0,0,0,0,0,0
604071206,2,0,0,0,0,0,0,0,0,0,0
604071207,0,0,0,0,0,0,0,0,0,0,0
604071208,1,0,0,1,0,0,0,0,0,0,0
604071209,1,0,0,0,0,0,0,0,0,0,0
604071210,0,0,0,0,0,0,0,0,0,0,0
604071211,1,0,0,0,0,0,0,0,0,0,0
604071212,2,0,0,0,0,0,0,0,0,0,0
604071213,2,0,0,0,0,0,0,0,0,0,0
604071214,1,0,0,0,0,0,0,0,0,0,0
604071215,2,0,0,0,0,0,0,0,0,0,0
604071216,0,0,0,0,0,0,0,0,0,0,0
604071217,0,0,0,0,0,0,0,0,0,0,0
604071218,0,0,0,0,0,0,0,0,0,0,0
604071219,1,0,0,0,0,0,0,0,0,0,0
604071220,0,0,0,0,0,0,0,0,0,0,0
604071221,0,0,0,0,0,0,0,0,0,0,0
604071222,1,0,0,0,2,0,0,0,0,0,0
604071223,1,0,0,0,0,0,0,0,0,0,0
604071224,1,0,0,0,1,0,0,0,0,0,0
604071225,1,0,0,0,0,0,0,0,0,0,0
604071226,2,0,0,2,2,2,1,0,0,0,0
604071227,0,0,0,0,0,0,0,0,0,0,0
604071228,0,0,0,0,0,0,0,0,0,0,0
604071229,1,1,0,0,0,1,0,0,0,0,0
604071230,0,2,2,0,0,0,0,0,0,0,0
604071231,2,0,1,0,0,0,0,0,0,0,0
604071232,1,0,2,2,2,1,0,0,0,0,0
604071233,0,0,1,0,0,0,0,0,0,0,0
604071234,0,0,0,0,0,0,0,0,0,0,0
604071235,0,2,0,0,2,0,0,0,0,0,0
604071236,2,0,0,0,0,0,0,0,0,0,0
604071237,0,0,0,2,0,0,0,0,0,0,0
604071238,0,0,0,0,0,0,0,0,0,0,0
604071239,0,0,0,0,0,0,0,0,0,0,0
604071240,2,1,0,0,0,0,0,0,0,2,0
604071241,0,0,0,0,0,0,0,0,0,0,0
604071242,0,2,1,1,1,0,0,1,1,0,0
604071243,2,1,0,0,0,0,0,2,0,2,0
604071244,0,0,0,0,0,0,0,0,0,0,0
604071245,0,0,0,0,0,0,0,0,0,2,0
604071246,1,0,0,0,0,0,0,0,0,1,0
604071247,2,0,0,0,0,1,0,0,0,0,0
604071248,1,0,0,0,0,0,0,0,0,2,2
604071249,0,0,1,0,1,0,0,0,0,2,0
604071250,0,0,0,0,0,0,0,0,0,0,0
604071251,1,1,0,1,0,0,1,0,0,0,0
604071252,1,2,0,0,1,1,0,1,0,0,2
604071253,2,0,0,1,1,0,2,0,0,0,0
604071254,0,0,0,0,0,0,2,0,0,0,0
604071255,0,0,0,0,0,0,0,2,0,2,2
604071256,0,0,1,0,0,0,0,0,0,2,0
604071257,0,0,0,1,0,0,0,0,0,2,0
604071258,0,0,2,2,0,0,0,0,0,0,0
604071259,0,0,0,0,0,0,0,0,0,0,0
604071260,0,0,0,0,0,0,0,0,0,0,0
604071261,1,1,0,0,0,0,0,0,0,0,0
604071262,0,0,0,0,0,0,0,0,0,0,0
604071263,2,0,0,0,0,0,0,0,0,0,0
604071264,0,0,0,0,0,0,0,0,0,2,0
604071265,0,0,0,0,0,0,0,0,0,0,0
604071266,1,0,0,1,0,0,0,0,0,0,0
604071267,0,1,0,0,0,0,0,0,0,0,0
604071268,2,0,0,0,0,0,2,0,1,0,0
604071269,0,0,0,0,0,0,0,0,0,0,0
604071270,0,0,0,0,0,0,0,0,0,0,0
604071271,1,0,0,0,0,0,0,0,0,0,0
604071272,1,2,0,0,0,0,0,0,0,0,2
604071273,0,2,0,0,0,0,0,0,0,0,0
604071274,1,0,0,0,0,0,0,0,0,0,0
604071275,0,0,0,1,0,0,0,0,0,0,0
604071276,0,0,2,0,0,0,0,0,0,0,0
604071277,0,0,1,0,0,0,0,0,0,0,0
604071278,0,0,0,0,0,0,0,0,0,0,0
604071279,1,0,0,0,0,1,0,0,0,0,0
604071280,0,0,0,0,0,0,0,0,0,0,0
604071281,0,0,0,0,0,0,0,0,0,0,0
604071282,0,0,0,0,0,0,0,0,0,0,0
604071283,0,0,0,0,0,0,0,0,0,0,0
604071284,0,0,0,0,0,0,0,0,0,0,0
604071285,0,0,0,0,0,0,0,0,0,0,0
604071286,0,0,0,0,0,0,0,0,0,2,0
604071287,2,0,0,0,0,0,0,0,0,0,0
604071288,2,0,0,0,0,0,0,0,0,0,0
604071289,1,0,0,0,0,0,0,0,0,0,2
604071290,1,2,2,0,0,0,0,0,0,0,0
604071291,2,2,2,0,2,2,0,0,0,2,2
604071292,0,0,2,0,0,0,0,0,0,0,0
604071293,0,0,0,0,0,0,0,0,0,0,0
604071294,0,2,0,0,0,0,0,0,0,0,0
604071295,2,2,2,0,0,2,0,0,0,0,0
604071296,-1,0,0,0,0,-2,0,-2,-2,-2,-2
604071297,0,0,1,0,0,0,0,0,0,0,0
604071298,-1,-2,-2,-2,-2,-2,-2,-2,-2,-2,-2
604071299,0,0,0,0,0,0,0,0,0,0,0
604071300,0,0,0,0,1,0,0,0,0,0,0
604071301,0,1,1,2,1,0,0,1,1,0,0
604071302,0,0,0,0,0,0,0,0,0,0,0
604071303,0,0,0,0,0,0,0,0,0,0,0
604071304,2,0,0,1,0,1,1,0,0,0,1
604071305,0,0,0,0,0,0,0,0,0,0,0
604071306,2,1,0,0,0,0,0,0,0,0,0
604071307,1,1,0,0,0,0,0,0,0,0,0
604071308,2,0,0,0,0,0,0,0,0,0,0
604071309,2,1,0,0,0,0,0,0,0,0,0
604071310,2,0,0,0,0,0,0,0,0,0,0
604071311,1,0,0,0,0,0,0,0,0,0,0
604071312,0,0,0,0,0,0,0,0,0,0,0
604071313,1,0,0,0,0,0,2,2,0,0,0
604071314,0,1,2,0,0,0,0,0,0,0,0
604071315,0,0,0,0,0,0,0,0,0,0,0
604071316,2,1,2,0,2,0,0,0,0,0,0
604071317,2,2,0,0,0,0,0,0,2,0,0
604071318,0,0,0,0,0,0,0,0,0,0,0
604071319,1,2,2,0,0,0,0,2,0,2,2
604071320,0,0,0,0,0,0,0,0,0,0,0
604071321,1,1,2,0,0,0,0,0,0,0,0
604071322,0,0,0,0,0,0,2,0,0,0,0
604071323,0,0,0,0,0,0,0,0,0,0,0
604071324,0,0,0,0,0,0,0,0,0,0,0
604071325,1,2,1,0,0,0,0,0,1,1,0
604071326,0,0,0,0,0,0,0,0,0,0,0
604071327,0,0,0,0,0,0,0,0,0,0,0
604071328,0,0,0,0,0,0,0,0,0,0,0
604071329,0,0,0,0,0,0,0,0,0,0,0
604071330,0,0,2,0,0,0,0,0,0,2,0
604071331,1,0,0,0,0,0,0,0,0,0,0
604071332,0,0,0,0,0,0,0,0,0,0,0
604071333,1,1,2,0,0,0,1,0,0,0,0
604071334,0,0,0,0,0,0,0,0,0,0,0
604071335,0,0,0,0,0,0,0,0,0,0,0
604071336,0,0,0,0,0,0,0,0,0,0,0
604071337,2,0,0,0,0,0,0,0,0,0,0
604071338,0,0,0,0,0,0,0,0,0,0,0
604071339,0,0,0,0,0,0,0,0,0,0,0
604071340,0,0,0,0,0,0,0,0,0,0,0
604071341,1,2,0,0,0,0,0,0,0,0,0
604071342,0,0,0,0,0,0,0,0,0,0,0
604071343,0,0,0,0,0,0,0,0,0,0,0
604071344,2,0,0,0,0,0,0,0,0,0,0
604071345,2,0,2,0,2,0,0,0,0,2,2
604071346,0,0,2,0,0,0,0,0,0,0,0
604071347,0,0,0,0,0,0,0,0,0,0,0
604071348,2,0,1,0,0,0,0,0,0,2,0
604071349,1,0,0,0,0,0,0,0,0,0,0
604071350,1,1,2,0,0,0,0,0,0,0,0
604071351,0,2,2,2,2,2,0,2,0,0,0
604071352,0,2,1,0,0,2,0,1,1,0,0
604071353,0,2,0,0,0,0,0,0,0,2,0
604071354,0,2,2,0,0,0,0,0,0,0,1
604071355,0,0,1,0,0,0,0,0,0,0,0
604071356,1,2,0,0,0,0,0,0,0,0,0
604071357,1,1,1,0,0,0,0,0,0,0,0
604071358,0,1,1,0,0,0,0,0,0,0,1
604071359,2,1,2,0,0,0,0,0,0,0,2
604071360,2,1,2,2,0,0,0,0,0,0,0
604071361,0,1,1,0,0,0,0,0,0,0,0
604071362,1,0,1,0,0,0,0,0,2,0,2
604071363,0,0,0,1,1,0,0,0,0,0,0
604071364,1,0,1,0,0,1,0,0,0,0,0
604071365,0,0,0,1,1,0,0,0,1,0,0
604071366,0,0,0,0,0,0,0,0,0,0,0
604071367,0,0,0,0,0,0,0,0,0,0,0
604071368,0,0,0,0,0,-1,0,0,-1,2,0
604071369,0,0,0,0,0,0,0,0,0,2,0
604071370,0,0,0,0,0,0,0,0,0,0,0
604071371,0,0,1,0,0,2,0,0,0,0,0
604071372,0,0,2,0,0,0,0,0,0,0,2
604071373,0,2,0,0,0,0,0,0,0,1,0
604071374,1,2,0,0,0,0,0,0,0,0,0
604071375,0,0,1,0,0,2,0,0,0,0,0
604071376,0,0,0,0,0,0,0,0,0,0,0
604071377,0,0,1,0,0,0,0,0,0,0,0
604071378,0,0,1,0,0,0,0,0,0,0,0
604071379,0,0,0,0,0,0,0,0,0,0,0
604071380,1,2,0,0,0,1,0,1,0,0,0
604071381,0,0,0,0,0,0,0,0,0,0,0
604071382,2,1,0,0,0,0,0,0,0,0,0
604071383,0,0,0,0,0,0,0,0,0,0,0
604071384,0,0,0,0,0,0,0,0,0,0,0
604071385,0,0,0,0,0,0,0,0,0,0,0
604071386,1,0,2,0,0,0,0,0,0,0,0
604071387,0,0,0,0,0,0,0,0,0,0,0
604071388,0,0,0,0,0,0,0,0,0,0,0
604071389,1,0,0,0,0,0,0,0,0,0,0
604071390,0,0,0,0,0,0,0,0,0,0,0
604071391,0,0,0,0,0,0,0,0,0,0,0
604071392,0,2,0,0,0,0,0,0,0,0,0
604071393,1,0,0,0,0,0,0,0,0,0,0
604071394,2,0,0,0,0,0,0,0,0,0,0
604071395,0,0,0,0,0,0,0,0,0,0,0
604071396,1,2,0,0,1,0,0,0,1,0,0
604071397,0,0,0,0,0,0,0,0,0,0,0
604071398,1,0,0,0,0,0,0,0,0,0,0
604071399,1,0,1,0,0,0,0,0,0,0,0
604071400,2,0,1,0,0,0,0,0,0,0,0
