D_INTERVIEW,Q241,Q242,Q243,Q244,Q245,Q246,Q247,Q248,Q249
484070001,1,1,10,9,8,2,2,2,10
484070002,1,1,1,1,7,6,5,5,2
484070003,5,1,10,10,10,10,10,6,7
484070004,1,1,10,5,1,5,1,1,10
484070005,8,6,8,8,8,8,8,8,8
484070006,2,2,2,2,2,2,2,2,2
484070007,1,1,1,1,1,1,1,1,1
484070008,1,3,10,1,4,3,8,5,6
484070009,10,1,10,10,10,10,10,10,1
484070010,1,1,10,7,1,7,1,1,10
484070011,10,7,10,10,8,8,9,9,10
484070012,10,1,6,7,7,3,5,7,10
484070013,10,1,10,9,2,9,2,2,10
484070014,4,4,5,2,3,4,5,2,10
484070015,5,5,10,10,1,9,1,9,10
484070016,2,5,3,2,2,1,1,3,1
484070017,10,5,7,7,10,10,4,8,10
484070018,10,6,7,1,7,4,3,10,10
484070019,2,3,2,2,2,3,3,3,3
484070020,10,5,8,3,3,5,5,6,7
484070021,1,1,10,1,10,10,1,1,10
484070022,10,1,10,10,1,10,10,1,10
484070023,5,1,10,10,3,5,7,8,10
484070024,2,2,10,10,1,10,3,1,10
484070025,5,5,5,5,5,5,5,5,5
484070026,5,5,10,5,5,1,1,5,10
484070027,1,1,10,10,10,1,1,1,10
484070028,4,4,10,10,9,9,10,1,10
484070029,3,4,3,5,3,3,5,5,3
484070030,1,1,7,1,1,1,1,1,8
484070031,7,6,5,7,5,8,5,4,3
484070032,9,8,8,8,7,7,5,6,7
484070033,-1,-1,-1,-1,-1,-1,-1,-1,10
484070034,-1,1,3,-1,-1,1,1,1,1
484070035,6,6,6,7,6,6,8,8,10
484070036,8,6,6,5,4,7,9,9,9
484070037,1,1,10,5,1,5,5,1,10
484070038,1,1,10,10,1,10,10,1,10
484070039,3,7,4,9,7,5,6,4,5
484070040,10,1,1,2,1,1,1,4,9
484070041,1,6,10,10,2,10,10,5,10
484070042,1,5,10,10,1,10,10,10,10
484070043,1,10,10,1,5,10,10,10,10
484070044,1,5,10,10,5,10,10,6,7
484070045,10,1,10,10,10,10,10,1,10
484070046,10,1,1,10,1,1,5,5,10
484070047,5,4,3,2,1,2,2,2,2
484070048,7,6,6,5,6,6,5,4,10
484070049,10,10,5,1,9,5,5,5,10
484070050,1,1,10,1,1,10,3,8,10
484070051,6,6,6,6,6,6,6,6,6
484070052,5,1,4,3,5,2,5,7,5
484070053,5,5,10,5,4,7,2,5,6
484070054,10,5,10,10,10,5,1,1,10
484070055,1,1,10,-1,10,10,1,5,10
484070056,10,1,10,10,8,1,5,5,10
484070057,4,5,10,5,10,-1,-1,1,10
484070058,7,5,5,6,5,5,7,7,10
484070059,10,5,10,10,5,-1,7,-1,10
484070060,10,10,10,10,10,10,10,10,10
484070061,1,1,10,10,1,10,10,1,10
484070062,1,1,1,1,1,1,1,1,1
484070063,1,2,2,3,4,8,7,9,10
484070064,2,2,2,2,2,2,2,2,7
484070065,1,1,5,1,10,1,1,1,1
484070066,1,3,1,1,1,1,1,8,6
484070067,2,7,3,1,2,3,1,2,10
484070068,1,1,10,10,1,10,10,1,10
484070069,1,1,3,1,1,1,1,5,5
484070070,1,1,1,1,1,1,1,1,1
484070071,4,3,2,7,9,8,7,9,10
484070072,10,5,10,5,5,10,10,5,10
484070073,1,1,1,1,1,1,1,1,1
484070074,1,10,10,1,10,10,1,10,10
484070075,1,1,10,1,1,10,10,1,10
484070076,2,3,3,9,10,8,7,6,2
484070077,1,1,1,1,4,1,1,5,1
484070078,4,4,2,2,4,5,2,7,3
484070079,8,2,10,5,10,10,9,10,10
484070080,10,7,8,8,5,5,5,5,5
484070081,5,1,10,10,1,1,10,1,10
484070082,1,1,1,6,9,1,1,5,5
484070083,3,7,4,7,6,8,3,9,8
484070084,1,1,1,1,1,1,1,5,3
484070085,1,1,1,1,1,1,1,6,1
484070086,1,3,10,10,1,10,1,5,4
484070087,1,1,5,1,1,1,1,3,5
484070088,1,2,1,1,1,1,1,7,1
484070089,1,1,10,1,1,1,10,1,10
484070090,1,1,-2,1,1,1,1,1,1
484070091,4,2,9,10,10,8,3,2,10
484070092,1,1,1,1,1,8,1,1,1
484070093,1,1,10,2,5,10,1,1,10
484070094,5,1,10,9,10,1,10,1,10
484070095,1,1,1,1,1,1,1,1,1
484070096,1,1,10,5,1,5,5,5,10
484070097,1,1,1,1,2,3,1,1,5
484070098,1,1,10,-1,1,10,9,10,1
484070099,4,5,8,3,2,4,5,4,7
484070100,3,3,8,7,7,4,5,6,8
484070101,2,2,10,10,10,9,10,10,10
484070102,1,1,8,9,1,10,1,1,10
484070103,-1,-1,-1,-1,-1,-1,-1,-1,-1
484070104,1,8,1,8,1,5,1,1,8
484070105,1,1,1,10,10,10,10,10,10
484070106,10,1,10,8,10,5,5,9,10
484070107,5,6,4,6,6,5,5,5,5
484070108,2,1,10,10,10,10,10,2,10
484070109,4,1,10,3,6,10,6,5,10
484070110,2,1,10,1,10,9,5,3,10
484070111,1,10,1,5,5,5,5,5,10
484070112,5,5,5,5,5,5,1,1,1
484070113,1,1,10,1,1,1,1,10,10
484070114,10,1,10,10,10,10,10,10,10
484070115,10,1,8,1,1,2,1,3,8
484070116,10,4,3,1,3,2,2,1,10
484070117,1,1,4,10,10,10,10,7,10
484070118,1,4,1,1,3,2,1,3,1
484070119,5,2,3,3,2,2,1,1,1
484070120,1,1,7,1,2,1,1,3,1
484070121,5,5,8,5,5,7,6,8,9
484070122,10,1,5,5,10,10,8,5,10
484070123,10,5,9,5,7,8,7,5,10
484070124,1,1,2,3,2,1,10,1,2
484070125,5,1,7,1,5,1,1,1,9
484070126,10,5,10,1,3,1,1,6,10
484070127,5,5,4,4,5,4,3,3,10
484070128,1,1,1,2,1,1,1,1,1
484070129,8,7,5,4,6,7,7,5,6
484070130,1,1,6,1,1,1,1,7,10
484070131,8,7,8,8,5,6,-1,5,10
484070132,7,6,5,5,5,5,4,3,5
484070133,1,3,7,8,5,5,7,4,5
484070134,8,9,7,6,8,6,5,4,9
484070135,1,3,5,5,6,7,3,5,5
484070136,1,1,1,1,1,1,1,7,10
484070137,7,5,5,3,4,5,7,8,7
484070138,8,5,7,8,5,7,7,1,10
484070139,3,6,6,7,3,3,1,1,1
484070140,1,1,1,1,1,1,1,2,7
484070141,4,4,7,3,5,5,3,4,5
484070142,1,1,6,1,1,1,1,1,2
484070143,1,1,1,1,4,3,2,1,10
484070144,8,8,7,6,5,5,6,8,4
484070145,1,3,3,4,4,5,7,7,8
484070146,1,2,10,5,10,10,6,6,10
484070147,1,1,7,1,1,1,1,6,6
484070148,10,5,1,1,7,2,5,5,10
484070149,1,1,1,1,-1,1,1,1,10
484070150,10,5,4,6,8,6,9,6,10
484070151,3,3,4,1,1,3,5,5,4
484070152,10,5,10,5,10,5,10,1,1
484070153,5,6,7,5,5,5,5,6,5
484070154,10,10,8,8,8,8,8,8,7
484070155,1,1,10,7,1,9,10,10,10
484070156,3,2,1,2,3,5,7,7,7
484070157,8,3,2,3,1,1,2,2,2
484070158,6,5,2,1,2,1,2,3,4
484070159,10,8,5,5,5,5,5,5,5
484070160,10,10,10,10,1,1,10,10,10
484070161,10,2,10,10,2,10,10,2,10
484070162,5,5,5,5,5,5,5,5,5
484070163,3,1,10,1,1,10,1,1,10
484070164,7,4,3,4,5,6,8,9,6
484070165,8,6,3,5,7,7,2,1,3
484070166,3,8,7,6,5,4,6,7,9
484070167,3,4,5,8,9,3,2,1,3
484070168,2,1,4,5,5,6,1,3,4
484070169,5,1,5,1,1,5,1,1,10
484070170,8,5,7,1,5,8,7,1,5
484070171,-1,-1,-1,-1,-1,-1,-1,-1,-1
484070172,5,3,10,3,1,1,1,3,10
484070173,10,5,10,10,8,10,10,8,10
484070174,10,1,10,5,10,5,7,5,1
484070175,8,5,7,1,1,2,1,9,10
484070176,8,4,10,6,8,7,6,6,10
484070177,10,2,10,10,3,10,10,10,10
484070178,10,10,10,10,10,10,10,10,10
484070179,10,1,10,5,1,10,10,5,10
484070180,7,2,7,2,4,3,5,3,2
484070181,1,1,1,1,1,1,1,3,10
484070182,10,10,10,10,10,10,5,10,10
484070183,10,10,5,10,10,5,5,10,10
484070184,6,7,5,4,4,3,2,3,3
484070185,10,1,10,10,10,10,10,10,10
484070186,10,5,2,1,2,5,10,1,8
484070187,1,5,3,4,5,7,8,10,7
484070188,-1,-1,-1,-1,-1,-1,-1,-1,-1
484070189,10,5,2,1,1,5,10,10,10
484070190,10,1,10,10,1,10,10,1,10
484070191,10,7,5,5,2,7,5,3,2
484070192,7,6,5,4,3,2,3,6,7
484070193,10,5,10,10,10,5,5,2,3
484070194,9,5,5,1,10,8,7,7,5
484070195,6,1,7,1,6,2,2,7,7
484070196,9,9,10,10,9,8,8,7,10
484070197,5,5,1,6,8,10,6,3,8
484070198,8,7,5,10,7,5,7,4,7
484070199,1,1,10,1,10,1,1,1,10
484070200,10,1,10,10,-1,-1,10,10,10
484070201,5,7,5,1,10,10,4,7,10
484070202,-1,-1,-1,-1,-1,-1,-1,-1,-1
484070203,1,6,10,9,10,9,1,5,8
484070204,4,6,8,2,3,4,4,6,5
484070205,5,1,7,5,3,5,2,4,5
484070206,5,1,6,2,2,5,3,5,5
484070207,4,1,5,3,2,3,4,4,5
484070208,5,4,6,3,4,5,5,4,5
484070209,8,7,5,5,3,8,7,6,10
484070210,10,4,7,5,7,6,4,6,10
484070211,8,7,6,5,4,5,3,2,8
484070212,1,1,1,1,1,1,1,5,8
484070213,2,2,9,7,2,10,9,2,9
484070214,4,3,10,7,3,5,8,8,9
484070215,4,2,8,5,9,4,7,9,6
484070216,2,2,2,2,2,4,6,4,5
484070217,8,3,2,3,4,9,7,6,6
484070218,1,1,10,1,1,1,1,10,10
484070219,9,8,3,7,8,8,9,2,10
484070220,6,5,7,4,5,9,4,3,9
484070221,7,3,9,4,8,9,1,5,10
484070222,2,3,10,8,3,8,9,9,10
484070223,10,10,10,10,10,10,10,10,10
484070224,8,3,8,7,8,8,3,8,8
484070225,3,1,9,1,10,9,10,3,10
484070226,3,4,6,6,10,5,3,5,4
484070227,4,2,3,4,4,4,4,5,6
484070228,5,1,10,3,1,4,3,10,10
484070229,5,3,4,2,7,8,7,6,2
484070230,5,5,6,6,5,5,4,3,5
484070231,6,3,2,1,2,5,4,3,6
484070232,6,3,2,1,5,5,4,8,1
484070233,8,8,8,8,6,6,7,8,8
484070234,1,7,8,8,8,8,6,6,8
484070235,6,6,6,6,6,6,6,6,6
484070236,5,5,7,6,5,4,3,5,5
484070237,5,1,5,1,1,1,1,1,1
484070238,10,10,10,10,10,10,10,10,10
484070239,1,1,5,1,3,5,5,5,10
484070240,7,7,6,5,5,2,7,1,2
484070241,3,1,9,9,5,8,8,1,9
484070242,6,5,4,7,8,6,6,7,8
484070243,9,3,10,10,9,4,6,5,3
484070244,8,3,5,10,1,8,7,7,7
484070245,5,5,5,5,5,5,5,5,5
484070246,3,2,1,4,5,8,7,1,2
484070247,3,1,2,3,4,5,6,8,9
484070248,8,8,2,8,7,1,7,3,5
484070249,4,5,5,4,8,6,8,7,6
484070250,5,5,4,3,2,1,5,5,5
484070251,5,5,3,2,5,4,6,7,10
484070252,3,2,1,4,5,6,7,2,1
484070253,8,7,7,6,5,5,5,7,8
484070254,5,5,5,5,5,5,5,5,5
484070255,3,2,1,3,4,5,6,7,3
484070256,1,5,5,5,4,3,6,2,2
484070257,5,5,6,5,1,2,1,1,10
484070258,1,5,3,4,2,1,3,6,8
484070259,2,2,9,8,9,10,2,1,10
484070260,2,1,6,8,8,7,8,3,8
484070261,7,5,6,3,7,7,7,6,5
484070262,7,4,3,2,6,6,6,5,3
484070263,8,8,10,10,7,10,10,10,10
484070264,9,-1,10,9,10,1,1,10,3
484070265,10,1,10,2,5,8,1,10,10
484070266,8,7,4,5,5,6,6,6,6
484070267,10,10,10,10,10,10,10,10,10
484070268,1,1,1,1,4,6,3,1,6
484070269,4,7,8,1,1,1,1,1,10
484070270,10,1,10,10,10,10,10,10,10
484070271,9,10,9,6,8,5,5,1,10
484070272,8,6,10,10,5,7,3,2,10
484070273,1,3,1,5,1,5,5,1,1
484070274,7,3,2,7,5,3,7,2,6
484070275,1,1,1,1,1,1,1,1,1
484070276,7,3,7,3,8,8,7,3,2
484070277,9,1,6,1,1,1,1,1,10
484070278,1,2,3,4,10,9,1,3,10
484070279,1,5,6,8,5,5,6,7,5
484070280,9,-1,9,7,5,5,6,1,10
484070281,5,6,7,8,9,5,5,5,5
484070282,10,1,10,1,1,1,1,1,8
484070283,7,5,6,3,6,6,5,4,3
484070284,2,2,9,9,5,6,5,5,8
484070285,5,7,7,5,3,3,4,5,10
484070286,1,6,7,-1,5,-1,5,-1,8
484070287,1,1,10,10,1,1,1,1,1
484070288,5,6,7,8,6,3,4,5,6
484070289,5,6,4,3,4,5,6,5,6
484070290,10,1,7,3,1,1,1,1,10
484070291,4,6,8,3,4,5,6,3,1
484070292,4,5,6,7,8,8,6,5,5
484070293,6,5,7,8,2,4,2,1,1
484070294,3,7,6,5,3,7,5,4,3
484070295,8,7,5,4,8,9,7,6,8
484070296,5,7,4,3,9,7,6,6,5
484070297,5,5,5,5,5,5,5,5,5
484070298,3,2,10,6,9,3,3,4,5
484070299,8,3,8,2,4,5,5,5,5
484070300,4,1,10,8,9,8,3,10,10
484070301,8,9,8,2,8,9,8,10,9
484070302,1,1,10,8,9,8,10,2,10
484070303,10,5,5,2,2,5,10,9,8
484070304,9,8,8,8,8,8,9,8,7
484070305,5,8,7,7,5,8,5,10,8
484070306,10,7,8,10,8,7,5,10,10
484070307,1,1,8,6,4,7,7,6,6
484070308,3,4,3,2,1,2,6,7,3
484070309,1,1,10,1,10,10,1,10,10
484070310,10,10,10,1,1,8,5,5,8
484070311,10,1,10,10,5,10,5,7,10
484070312,5,5,5,5,5,5,5,5,5
484070313,10,1,10,1,1,1,1,1,10
484070314,2,2,9,1,2,1,1,6,10
484070315,10,1,10,10,1,10,10,10,10
484070316,4,5,5,5,5,5,5,5,5
484070317,10,1,10,1,10,10,1,1,10
484070318,7,1,10,10,1,1,8,8,10
484070319,6,4,10,10,1,1,10,10,10
484070320,8,8,8,8,8,8,2,2,8
484070321,4,2,2,7,5,1,1,1,5
484070322,10,1,10,1,10,10,1,1,10
484070323,5,6,8,6,4,8,7,7,7
484070324,4,3,7,6,4,7,6,5,6
484070325,1,1,10,1,1,10,1,1,10
484070326,8,8,10,10,10,10,10,10,10
484070327,4,8,10,10,4,8,4,9,9
484070328,3,3,3,3,3,3,3,3,3
484070329,1,1,1,10,1,10,1,1,10
484070330,6,1,10,9,1,10,1,1,10
484070331,8,1,10,10,1,8,5,3,10
484070332,6,1,8,9,1,8,2,2,9
484070333,6,5,6,6,6,6,6,6,6
484070334,7,3,7,3,6,4,7,3,5
484070335,4,4,4,1,3,4,2,4,5
484070336,10,7,6,7,10,10,6,7,6
484070337,8,8,7,7,7,6,6,5,5
484070338,3,9,7,2,5,6,5,2,2
484070339,2,5,10,2,10,9,7,2,1
484070340,2,3,4,5,1,2,3,4,1
484070341,1,10,10,7,10,10,10,10,5
484070342,1,1,10,10,1,10,10,8,10
484070343,10,5,1,3,5,5,6,7,10
484070344,1,1,10,10,10,9,1,10,10
484070345,5,1,10,10,10,10,8,10,10
484070346,1,1,1,4,5,3,1,1,2
484070347,1,2,5,2,2,2,5,7,3
484070348,4,7,8,1,1,1,1,1,10
484070349,10,1,10,10,10,10,10,10,10
484070350,9,10,9,6,8,5,5,1,10
484070351,8,6,10,10,5,7,3,2,10
484070352,8,1,10,10,1,6,6,7,10
484070353,5,3,10,7,1,5,5,5,10
484070354,1,10,8,10,10,10,10,1,10
484070355,9,6,9,9,10,5,5,9,10
484070356,10,2,2,8,8,8,8,8,8
484070357,1,8,3,2,1,2,8,3,4
484070358,8,8,7,7,7,6,6,5,5
484070359,3,9,7,2,5,6,5,2,2
484070360,2,5,10,2,10,9,7,2,1
484070361,2,3,4,5,1,2,3,4,1
484070362,7,9,2,1,1,4,2,3,1
484070363,2,6,5,2,1,1,2,2,1
484070364,7,9,7,6,3,2,5,2,7
484070365,5,5,5,5,5,5,5,5,1
484070366,3,1,1,10,9,3,7,2,1
484070367,10,1,1,10,10,10,10,10,10
484070368,10,3,10,10,1,10,10,5,10
484070369,5,10,10,7,7,10,10,5,10
484070370,7,4,5,5,4,6,7,4,9
484070371,5,10,9,10,9,9,8,2,3
484070372,10,5,10,10,5,10,5,7,10
484070373,10,10,10,1,1,1,1,10,10
484070374,8,2,10,8,3,7,9,1,10
484070375,4,3,4,5,6,4,3,4,3
484070376,7,6,2,3,2,2,3,2,2
484070377,2,2,9,9,2,10,9,2,10
484070378,9,6,10,9,10,10,8,8,10
484070379,5,7,10,5,5,1,1,1,10
484070380,9,1,10,8,3,10,10,2,10
484070381,6,7,8,8,7,2,2,2,2
484070382,6,5,3,4,4,3,3,2,2
484070383,8,5,10,10,9,5,7,2,2
484070384,5,5,10,10,5,5,10,5,10
484070385,10,8,9,10,10,9,8,9,10
484070386,5,1,10,3,1,1,3,1,10
484070387,7,7,5,4,3,2,3,2,1
484070388,7,8,10,5,5,5,5,5,10
484070389,8,6,7,8,4,4,8,6,2
484070390,8,7,10,8,10,9,10,8,10
484070391,10,1,10,1,1,1,1,1,10
484070392,7,2,10,8,3,7,10,1,10
484070393,7,6,7,5,5,5,3,3,3
484070394,7,6,5,5,4,7,8,9,4
484070395,7,3,5,6,10,10,5,6,10
484070396,1,4,5,5,6,5,3,5,8
484070397,1,5,1,1,2,2,10,2,5
484070398,7,5,5,9,8,8,5,6,8
484070399,8,9,10,5,1,10,1,10,5
484070400,10,10,10,10,10,10,10,10,10
484070401,8,5,5,7,7,5,4,6,5
484070402,1,1,10,10,5,10,10,5,10
484070403,9,6,7,6,10,8,7,6,10
484070404,1,1,3,1,10,5,5,4,10
484070405,1,5,10,5,1,5,10,5,10
484070406,8,10,10,8,7,5,10,1,7
484070407,4,4,1,5,5,-1,5,5,10
484070408,8,-1,8,7,-1,-1,8,3,4
484070409,3,8,7,7,7,6,6,7,9
484070410,6,7,2,3,5,6,8,2,3
484070411,9,1,8,9,1,9,-1,-1,9
484070412,5,5,4,5,4,4,1,2,10
484070413,9,1,8,10,7,6,8,5,10
484070414,4,3,5,2,1,2,3,7,6
484070415,8,2,5,6,2,6,5,6,8
484070416,1,4,10,8,5,4,8,5,10
484070417,8,2,8,7,2,5,4,5,5
484070418,1,5,8,6,4,5,6,8,9
484070419,1,1,1,1,1,1,1,1,10
484070420,7,3,7,3,8,8,7,8,6
484070421,3,2,3,3,6,3,7,8,3
484070422,4,4,5,4,7,7,8,9,10
484070423,5,5,5,8,8,8,3,3,3
484070424,8,4,6,3,4,3,1,7,7
484070425,3,2,5,4,3,6,7,2,3
484070426,1,3,1,5,1,5,5,1,1
484070427,7,3,2,7,5,3,7,2,6
484070428,1,1,1,1,1,1,1,1,1
484070429,7,3,7,3,8,8,7,3,2
484070430,3,2,3,3,6,3,7,8,3
484070431,6,3,7,5,3,4,2,3,3
484070432,8,8,7,7,7,4,4,4,4
484070433,3,2,1,1,2,2,2,1,7
484070434,3,5,3,3,5,4,5,5,5
484070435,3,5,3,7,6,5,3,3,5
484070436,6,3,4,6,5,1,4,5,10
484070437,8,7,6,5,3,3,8,1,3
484070438,9,6,7,5,6,4,3,2,1
484070439,10,3,2,7,8,3,2,3,4
484070440,7,8,7,2,2,3,3,4,3
484070441,3,3,4,4,4,6,6,5,5
484070442,9,2,10,10,3,10,10,2,10
484070443,7,8,6,5,4,3,8,7,5
484070444,4,3,2,2,1,4,3,3,1
484070445,8,3,8,9,3,8,10,3,10
484070446,4,3,8,7,3,2,5,6,5
484070447,4,3,5,7,6,6,8,9,7
484070448,5,7,8,7,6,3,2,2,3
484070449,7,7,10,3,8,7,2,8,10
484070450,8,7,10,5,5,5,10,3,9
484070451,8,4,9,5,9,10,10,10,10
484070452,1,1,3,2,9,6,8,7,10
484070453,1,1,10,10,1,4,1,5,1
484070454,8,3,7,9,9,9,6,8,9
484070455,1,5,5,7,5,5,3,5,5
484070456,9,9,10,5,2,7,7,6,10
484070457,2,2,2,2,1,1,1,1,10
484070458,7,6,5,6,6,6,6,6,6
484070459,5,3,6,1,1,3,1,4,10
484070460,6,7,2,3,5,6,4,2,2
484070461,10,8,7,6,5,7,5,4,10
484070462,5,4,7,5,8,7,6,7,7
484070463,4,5,10,4,5,8,9,9,9
484070464,10,5,10,10,10,-1,10,1,10
484070465,8,6,8,8,8,5,3,8,1
484070466,10,6,9,5,10,7,8,9,10
484070467,5,10,10,5,8,8,3,3,10
484070468,8,8,8,8,4,9,8,4,9
484070469,5,7,8,9,8,5,7,8,8
484070470,-1,-1,-1,-1,-1,-1,-1,-1,-1
484070471,4,3,8,9,7,9,6,8,9
484070472,1,9,9,10,10,10,1,1,10
484070473,1,10,7,3,-1,-1,8,8,10
484070474,8,5,3,8,6,1,10,4,3
484070475,9,9,9,8,9,9,6,6,9
484070476,2,2,1,1,1,2,2,2,2
484070477,3,7,2,1,1,1,2,2,1
484070478,6,6,7,8,6,6,7,7,7
484070479,-1,-1,10,1,6,6,6,6,10
484070480,-1,-1,10,-1,-1,-1,-1,-1,10
484070481,10,-1,10,5,5,10,10,6,10
484070482,3,1,10,10,5,5,1,8,10
484070483,1,5,10,1,1,1,7,7,10
484070484,5,4,7,8,9,4,3,6,8
484070485,5,1,10,1,6,-1,1,1,10
484070486,1,-1,-1,5,-1,-1,5,8,10
484070487,8,1,10,8,1,10,10,8,10
484070488,2,9,8,2,8,5,10,9,9
484070489,9,-1,10,-1,-1,8,-1,10,10
484070490,4,4,5,4,5,5,5,5,6
484070491,3,3,8,7,6,8,8,3,9
484070492,8,1,10,8,-1,-1,8,1,9
484070493,1,1,10,8,1,-1,8,1,10
484070494,8,4,9,4,4,7,4,3,9
484070495,7,8,6,9,5,5,7,8,8
484070496,1,1,10,1,10,1,10,1,10
484070497,8,3,8,8,8,4,4,9,4
484070498,5,5,5,5,5,5,5,5,5
484070499,3,3,2,1,5,7,6,5,3
484070500,7,6,8,8,9,9,9,10,10
484070501,8,1,7,10,10,8,1,5,10
484070502,8,5,1,1,-1,5,1,5,10
484070503,4,4,3,3,6,5,5,5,7
484070504,3,5,6,1,5,5,5,2,5
484070505,5,6,5,4,5,5,5,5,5
484070506,10,5,5,5,2,3,8,10,10
484070507,2,3,9,8,3,3,8,2,8
484070508,8,1,10,7,5,9,9,7,10
484070509,5,5,5,5,5,5,5,5,5
484070510,1,5,7,2,8,6,2,1,10
484070511,3,1,10,1,2,8,10,8,10
484070512,1,1,10,-1,-1,-1,-1,-1,-1
484070513,10,-1,-1,-1,-1,-1,-1,-1,-1
484070514,1,1,10,1,1,1,1,5,1
484070515,3,2,10,7,1,10,10,7,10
484070516,1,1,10,5,5,5,8,5,10
484070517,1,5,10,1,4,7,2,1,8
484070518,1,1,10,1,10,10,2,9,10
484070519,1,5,6,5,4,5,3,4,2
484070520,7,2,10,10,8,7,9,10,10
484070521,-1,-1,-1,-1,-1,-1,-1,-1,-1
484070522,7,7,7,7,7,8,8,8,8
484070523,3,4,3,6,3,7,3,2,3
484070524,2,2,2,2,3,2,1,2,1
484070525,3,3,3,7,7,7,8,8,8
484070526,3,2,4,5,3,7,6,2,3
484070527,2,2,2,8,7,7,8,7,6
484070528,3,2,4,3,2,3,4,3,2
484070529,3,2,3,4,6,5,3,2,3
484070530,10,2,9,1,7,9,3,9,10
484070531,10,1,1,8,10,10,2,10,10
484070532,1,7,5,1,2,1,1,1,10
484070533,1,5,10,10,5,2,10,9,10
484070534,1,1,10,10,3,7,10,7,10
484070535,1,5,10,10,3,7,10,5,10
484070536,10,5,10,10,6,5,7,6,10
484070537,5,5,10,6,7,5,-1,-1,10
484070538,8,1,8,1,7,10,5,8,10
484070539,1,1,10,7,5,4,9,7,10
484070540,2,1,9,8,5,8,10,5,10
484070541,1,1,10,3,5,-1,-1,5,10
484070542,3,1,2,3,1,2,2,2,5
484070543,6,1,5,4,5,6,5,5,10
484070544,2,4,1,6,7,5,8,2,7
484070545,1,1,10,1,1,5,5,7,10
484070546,5,5,5,4,5,5,5,7,5
484070547,8,4,7,4,4,9,5,6,8
484070548,1,5,10,10,3,10,10,5,10
484070549,1,4,10,10,2,10,9,9,10
484070550,3,5,10,10,3,5,10,10,10
484070551,7,6,5,7,4,6,5,6,7
484070552,8,3,8,8,1,10,5,5,10
484070553,6,7,8,6,7,7,6,5,8
484070554,2,4,10,10,8,5,8,4,10
484070555,5,6,4,4,4,4,4,4,8
484070556,3,2,5,4,5,8,7,6,10
484070557,1,10,10,10,1,1,10,10,10
484070558,1,5,10,10,1,10,10,10,10
484070559,1,5,10,10,3,10,10,10,10
484070560,10,1,10,5,5,1,5,7,5
484070561,1,1,1,10,10,10,-1,5,10
484070562,5,5,1,5,5,3,5,5,5
484070563,9,5,5,3,7,5,5,5,6
484070564,7,7,1,1,5,5,5,5,1
484070565,3,1,10,10,1,5,5,1,10
484070566,5,5,2,2,9,6,2,1,10
484070567,1,1,5,3,8,10,4,4,10
484070568,10,1,10,8,10,10,2,1,10
484070569,4,4,7,7,4,7,4,4,7
484070570,1,1,4,5,10,3,3,2,2
484070571,1,1,9,9,9,9,9,1,9
484070572,1,1,1,1,1,1,1,1,1
484070573,3,3,7,6,8,8,6,6,8
484070574,3,4,8,4,8,5,4,5,5
484070575,7,4,9,5,7,6,5,5,4
484070576,10,5,10,5,10,5,10,1,1
484070577,5,6,7,5,5,5,5,6,5
484070578,1,7,7,4,1,5,7,1,5
484070579,5,1,8,3,3,7,3,7,3
484070580,-1,-1,-1,-1,-1,-1,-1,-1,-1
484070581,1,-1,-1,-1,1,1,1,1,1
484070582,8,9,7,6,-2,1,2,1,-1
484070583,-2,2,1,7,8,-1,7,-1,6
484070584,10,10,7,5,2,10,9,10,10
484070585,10,2,5,1,1,1,4,3,2
484070586,6,3,8,4,8,4,6,8,8
484070587,5,7,10,1,1,5,8,5,10
484070588,1,7,7,9,8,7,5,1,10
484070589,10,5,1,5,5,7,7,10,10
484070590,10,7,7,10,5,5,9,8,8
484070591,-1,1,10,10,10,10,10,10,10
484070592,1,3,1,1,1,1,1,8,6
484070593,2,7,3,1,2,3,1,2,10
484070594,5,5,5,5,5,5,5,5,5
484070595,8,5,8,5,5,5,8,1,10
484070596,5,5,5,5,5,5,5,5,5
484070597,5,5,5,5,5,5,5,5,5
484070598,1,1,10,10,1,1,1,1,10
484070599,1,5,4,1,3,2,1,2,5
484070600,5,5,5,5,5,5,5,5,5
484070601,1,1,6,1,5,5,5,5,8
484070602,5,5,5,5,5,5,5,5,5
484070603,2,5,6,-1,4,-1,2,-1,5
484070604,3,4,2,3,5,2,1,4,6
484070605,1,1,10,1,1,10,10,1,10
484070606,10,5,10,7,8,9,10,4,5
484070607,1,1,1,10,1,10,1,1,10
484070608,10,5,4,3,2,2,1,1,1
484070609,10,5,10,10,1,5,7,10,1
484070610,7,8,7,4,5,3,4,7,7
484070611,8,9,4,5,6,8,7,3,2
484070612,5,5,10,9,10,8,9,8,9
484070613,10,1,8,1,10,1,5,5,10
484070614,10,10,10,1,10,10,10,5,5
484070615,5,5,6,6,6,7,6,4,6
484070616,5,5,5,5,5,5,5,5,5
484070617,1,1,5,1,1,1,1,5,5
484070618,5,5,5,5,5,5,5,5,5
484070619,1,1,5,5,5,5,5,1,5
484070620,1,1,10,10,1,5,5,10,10
484070621,3,5,10,9,1,7,8,1,10
484070622,3,3,8,3,3,3,8,6,6
484070623,6,1,9,6,3,6,6,3,10
484070624,3,4,7,3,5,3,5,4,2
484070625,6,8,8,2,2,9,9,6,7
484070626,6,7,6,6,8,8,7,6,6
484070627,1,1,10,1,1,10,1,1,10
484070628,3,5,7,2,3,2,3,1,3
484070629,10,10,10,7,2,5,5,5,10
484070630,6,6,10,6,6,6,8,8,9
484070631,5,5,5,5,5,5,5,5,5
484070632,1,1,9,8,9,7,5,5,5
484070633,1,1,1,-1,-1,-1,6,8,10
484070634,7,3,2,4,5,3,4,5,9
484070635,9,8,9,7,9,8,9,9,9
484070636,6,6,7,7,6,3,5,5,10
484070637,6,1,10,3,7,10,5,2,10
484070638,6,2,2,6,2,6,4,7,10
484070639,5,1,1,5,1,5,3,8,7
484070640,6,7,3,4,5,10,3,10,10
484070641,4,5,10,9,5,6,8,5,9
484070642,5,1,10,9,3,4,3,3,1
484070643,1,2,9,10,10,1,1,1,10
484070644,10,1,10,10,10,10,10,10,10
484070645,10,1,10,10,9,10,10,5,9
484070646,10,1,1,1,10,1,1,1,10
484070647,10,1,1,10,10,10,10,10,10
484070648,5,3,4,3,5,3,3,3,5
484070649,10,1,10,10,1,10,1,1,10
484070650,1,10,6,1,7,5,1,1,10
484070651,3,3,5,8,2,8,10,1,10
484070652,1,4,5,5,3,3,2,4,7
484070653,8,3,8,7,6,6,9,7,10
484070654,6,1,1,7,1,1,1,1,6
484070655,5,6,9,9,9,5,1,1,1
484070656,1,1,10,1,1,1,1,1,10
484070657,5,1,10,10,10,10,10,6,10
484070658,4,3,7,-1,7,5,8,-1,-1
484070659,7,7,7,5,6,4,-1,5,5
484070660,9,4,2,3,5,5,4,5,7
484070661,5,5,7,4,4,4,7,5,5
484070662,4,-1,-1,5,4,6,5,-1,10
484070663,5,6,6,6,5,5,5,6,5
484070664,5,5,5,5,5,5,5,5,5
484070665,1,1,5,6,1,5,5,1,5
484070666,3,3,10,5,10,10,10,8,10
484070667,5,5,5,5,5,5,5,5,5
484070668,3,4,4,3,5,4,3,3,2
484070669,7,8,1,1,5,7,2,8,3
484070670,1,1,1,10,10,1,10,1,10
484070671,10,1,10,10,10,10,10,10,10
484070672,1,1,1,10,10,10,10,10,10
484070673,1,1,1,10,10,10,10,10,10
484070674,10,10,1,10,1,1,1,10,10
484070675,1,1,1,10,1,1,10,10,10
484070676,10,1,10,10,10,10,10,10,10
484070677,1,1,10,10,10,10,10,7,10
484070678,1,1,5,2,7,7,10,10,10
484070679,1,1,10,10,1,10,10,10,10
484070680,1,1,10,9,5,7,8,6,7
484070681,3,1,2,4,4,7,10,7,10
484070682,1,1,10,2,3,10,1,10,1
484070683,6,1,2,5,3,3,1,5,6
484070684,8,8,1,2,4,8,4,1,10
484070685,-1,3,2,1,8,9,4,7,9
484070686,1,1,10,10,1,10,10,10,10
484070687,8,6,6,7,7,6,6,7,8
484070688,10,1,10,10,1,10,10,1,10
484070689,1,1,2,5,4,6,8,2,9
484070690,9,8,10,6,10,8,6,10,8
484070691,1,5,1,1,1,1,1,1,3
484070692,5,5,7,5,5,7,7,5,5
484070693,8,4,7,5,8,7,5,8,9
484070694,6,5,9,5,8,6,6,5,5
484070695,7,2,9,2,6,2,5,5,6
484070696,1,1,7,1,2,1,1,3,1
484070697,5,5,8,5,5,7,6,8,9
484070698,7,6,6,5,1,2,2,7,6
484070699,10,1,4,6,6,10,8,2,10
484070700,3,4,7,5,2,8,7,6,5
484070701,1,1,1,7,7,1,1,1,1
484070702,5,3,9,7,3,8,7,2,5
484070703,2,1,1,10,6,1,10,6,1
484070704,1,1,3,2,8,8,2,1,10
484070705,3,4,5,6,2,7,3,4,2
484070706,4,3,4,5,4,4,4,5,10
484070707,5,7,9,2,9,9,3,10,10
484070708,5,5,5,5,5,5,5,5,5
484070709,6,6,8,2,2,2,2,3,10
484070710,3,10,9,7,2,3,4,5,2
484070711,7,2,10,5,1,1,1,1,1
484070712,1,5,5,10,5,10,9,9,9
484070713,1,6,10,10,6,10,10,10,10
484070714,10,1,10,10,1,1,10,8,10
484070715,1,1,10,1,10,-1,1,10,10
484070716,1,1,2,8,3,3,1,7,8
484070717,8,3,9,9,4,7,7,5,8
484070718,6,7,8,9,6,5,3,2,1
484070719,-1,-1,-1,-1,6,5,-1,-1,9
484070720,5,1,3,5,5,7,4,4,8
484070721,2,3,3,3,4,7,3,3,4
484070722,2,7,5,7,6,5,5,2,5
484070723,4,9,5,2,4,3,1,5,5
484070724,10,6,10,10,1,10,10,10,10
484070725,1,2,4,3,1,1,3,1,1
484070726,8,7,6,6,7,7,8,8,5
484070727,3,4,4,5,5,4,4,5,5
484070728,5,6,8,4,7,8,5,5,5
484070729,5,4,10,5,6,7,8,5,4
484070730,8,4,10,3,8,6,5,5,4
484070731,6,4,9,3,7,4,4,5,5
484070732,10,8,1,1,5,5,4,9,3
484070733,10,4,3,2,1,1,2,1,1
484070734,3,1,4,5,9,8,3,3,5
484070735,2,8,9,8,7,6,2,3,8
484070736,7,8,6,5,5,4,5,5,5
484070737,10,9,7,6,5,7,7,7,4
484070738,2,2,10,8,2,3,7,7,10
484070739,4,5,5,8,8,5,5,5,10
484070740,1,1,10,10,1,10,10,10,10
484070741,1,1,10,10,2,1,1,1,10
484070742,6,-1,10,8,-1,7,5,10,10
484070743,1,2,2,1,2,2,3,1,1
484070744,-1,4,-1,4,-1,-1,4,-1,4
484070745,7,7,8,7,9,9,10,9,7
484070746,3,2,3,2,4,3,3,2,4
484070747,7,4,9,9,8,7,5,6,10
484070748,10,1,10,10,1,10,1,6,10
484070749,10,9,2,1,3,4,9,8,7
484070750,10,9,8,7,5,8,2,1,5
484070751,1,1,10,5,1,5,1,5,10
484070752,8,4,7,8,8,5,5,8,10
484070753,3,3,5,4,5,6,5,1,3
484070754,8,5,5,8,5,10,5,1,10
484070755,2,3,3,2,2,1,4,1,3
484070756,5,10,10,5,10,10,10,10,10
484070757,2,2,2,2,2,2,2,2,2
484070758,-1,-1,-1,-1,-1,-1,-1,-1,-1
484070759,10,10,10,10,10,10,10,-1,10
484070760,1,3,8,1,-1,-1,-1,2,8
484070761,1,2,3,5,1,1,1,-1,-1
484070762,7,7,10,10,6,9,10,10,10
484070763,8,7,10,10,7,10,10,10,10
484070764,5,5,10,10,7,10,10,10,10
484070765,1,1,10,5,5,3,10,1,10
484070766,6,6,10,10,7,7,10,10,10
484070767,5,1,10,10,6,10,10,5,10
484070768,1,1,10,10,1,1,10,10,10
484070769,1,1,10,10,1,10,10,10,10
484070770,7,7,10,10,7,5,10,10,10
484070771,6,7,10,10,7,10,10,9,10
484070772,7,8,10,10,10,7,10,10,10
484070773,6,4,10,10,5,10,3,5,10
484070774,1,3,5,2,1,5,5,5,-1
484070775,2,2,8,10,9,8,8,7,9
484070776,6,1,9,2,2,6,3,6,3
484070777,5,5,5,5,5,5,5,5,5
484070778,2,2,8,9,2,2,10,9,9
484070779,2,4,8,1,1,5,2,2,8
484070780,9,8,8,7,5,4,5,5,5
484070781,5,5,5,5,5,5,5,5,5
484070782,1,5,5,10,1,8,7,5,10
484070783,4,3,8,3,5,6,3,1,9
484070784,2,1,10,8,8,7,9,9,10
484070785,1,-1,-1,-1,-1,-1,-1,-1,-1
484070786,4,3,2,2,1,2,3,3,2
484070787,3,7,8,10,7,6,5,4,3
484070788,8,9,10,7,9,3,4,3,7
484070789,2,2,10,5,3,6,7,7,10
484070790,7,5,6,4,3,2,1,8,4
484070791,3,2,10,5,1,1,3,2,7
484070792,3,7,8,5,5,4,4,3,3
484070793,6,5,4,8,7,4,2,7,9
484070794,7,5,9,5,5,5,7,5,7
484070795,5,7,10,5,5,5,7,5,9
484070796,7,8,4,4,3,4,4,9,7
484070797,8,7,4,4,3,5,6,7,4
484070798,2,3,5,6,8,7,8,5,4
484070799,3,3,2,2,6,8,8,9,9
484070800,7,6,4,9,4,2,8,6,4
484070801,3,1,10,1,1,1,1,1,5
484070802,6,5,3,2,1,1,1,1,2
484070803,8,6,7,7,4,3,4,6,8
484070804,5,5,10,2,5,2,4,5,10
484070805,1,8,6,2,2,3,4,4,5
484070806,5,6,4,7,4,3,4,4,5
484070807,5,5,5,7,5,7,7,7,7
484070808,10,1,2,3,2,3,2,2,2
484070809,7,2,6,2,2,3,3,4,6
484070810,1,1,10,5,1,1,1,1,10
484070811,5,6,7,2,3,2,1,2,2
484070812,3,2,3,4,4,5,7,6,5
484070813,7,3,4,3,4,7,8,7,4
484070814,10,9,7,3,2,1,2,5,5
484070815,1,2,8,9,9,8,8,3,9
484070816,1,2,1,1,1,1,1,1,1
484070817,2,3,3,5,4,4,5,5,2
484070818,5,4,4,5,5,5,5,5,5
484070819,5,5,10,5,10,5,5,5,10
484070820,5,1,9,10,9,8,7,2,5
484070821,1,1,10,1,1,10,10,5,10
484070822,3,2,1,3,3,5,5,2,1
484070823,1,2,8,8,2,7,6,8,2
484070824,10,10,10,9,7,7,6,7,-1
484070825,1,2,8,9,1,5,2,5,10
484070826,1,1,10,10,6,10,9,7,10
484070827,1,1,1,1,-1,-1,3,5,1
484070828,6,2,6,2,4,6,10,10,10
484070829,10,5,5,5,5,5,5,5,5
484070830,5,2,10,6,5,4,10,10,5
484070831,10,-1,-1,-1,-1,-1,-1,-1,-1
484070832,3,2,1,6,6,3,1,2,1
484070833,2,1,8,9,7,3,4,4,10
484070834,4,3,4,4,3,3,4,6,5
484070835,6,5,5,6,5,5,5,5,5
484070836,2,3,3,2,3,3,3,2,6
484070837,7,7,6,7,7,7,6,5,7
484070838,10,1,10,10,10,10,1,1,10
484070839,1,1,10,10,10,10,10,10,10
484070840,7,4,10,5,4,4,3,7,7
484070841,7,3,7,3,7,3,3,9,2
484070842,2,2,2,2,2,7,3,2,8
484070843,5,-1,-1,-1,-1,5,4,2,4
484070844,7,3,9,8,9,8,7,7,9
484070845,5,5,5,5,5,5,5,5,5
484070846,5,7,8,5,9,5,5,5,5
484070847,2,3,3,3,2,2,5,6,7
484070848,1,1,10,1,3,1,1,5,1
484070849,6,5,5,4,4,1,2,6,10
484070850,5,6,5,6,4,5,3,2,1
484070851,8,10,6,8,10,1,7,8,8
484070852,5,5,5,5,5,6,7,7,7
484070853,1,2,10,10,10,8,8,2,10
484070854,1,1,10,1,8,4,1,1,10
484070855,2,2,2,2,2,2,2,2,2
484070856,1,5,1,1,10,9,4,1,10
484070857,1,1,6,1,10,-1,8,8,10
484070858,8,5,5,8,8,5,2,5,5
484070859,3,2,5,5,3,3,1,5,10
484070860,3,3,1,3,5,5,5,5,5
484070861,5,5,5,4,4,5,4,4,4
484070862,5,4,5,5,4,5,4,4,5
484070863,2,4,2,1,7,8,5,6,1
484070864,-1,2,10,2,10,3,1,1,2
484070865,5,2,6,3,10,1,1,4,5
484070866,10,1,2,8,10,7,1,2,10
484070867,8,10,2,1,9,1,1,3,3
484070868,1,5,5,3,5,5,5,5,5
484070869,2,1,2,1,3,5,5,3,5
484070870,5,5,7,5,7,6,4,4,5
484070871,4,4,4,4,1,4,5,4,5
484070872,2,1,7,8,6,9,3,1,10
484070873,10,8,7,10,4,2,3,1,10
484070874,1,1,1,5,1,2,1,1,10
484070875,7,6,6,6,4,3,9,8,6
484070876,6,6,6,6,6,6,6,6,6
484070877,3,3,10,5,7,7,2,3,5
484070878,6,6,4,5,7,8,4,3,7
484070879,3,4,3,3,4,7,9,8,7
484070880,7,5,10,7,8,7,5,5,9
484070881,3,2,10,8,5,7,7,3,10
484070882,8,7,5,4,3,3,2,2,1
484070883,7,8,9,8,4,7,7,4,4
484070884,6,7,8,2,3,4,2,1,1
484070885,3,2,10,5,7,5,7,5,10
484070886,5,4,6,5,8,8,3,4,9
484070887,-2,-2,-2,-2,-2,-2,-2,-2,-2
484070888,4,4,7,4,5,8,8,3,9
484070889,1,1,10,10,1,1,1,1,10
484070890,8,7,4,9,10,7,6,9,6
484070891,2,6,4,5,6,6,6,4,4
484070892,7,3,7,6,5,5,5,7,5
484070893,5,7,10,3,2,5,7,3,10
484070894,6,4,4,7,4,7,4,8,8
484070895,5,7,10,4,5,7,8,7,5
484070896,7,5,6,4,3,2,6,7,8
484070897,5,5,4,5,6,4,8,9,1
484070898,5,1,10,3,1,5,7,8,10
484070899,1,1,10,10,10,10,10,1,10
484070900,1,1,10,-1,1,5,8,10,10
484070901,6,5,6,6,5,5,4,5,5
484070902,7,6,5,4,3,2,1,2,2
484070903,4,3,3,8,8,7,5,4,3
484070904,3,3,10,5,5,7,5,5,10
484070905,7,4,4,7,7,4,6,5,4
484070906,5,6,4,5,5,5,6,6,4
484070907,6,1,8,9,4,8,9,7,9
484070908,5,5,8,7,5,6,6,8,10
484070909,1,1,10,1,1,1,9,9,9
484070910,1,2,3,3,2,2,2,1,1
484070911,5,3,2,1,4,3,3,4,2
484070912,5,5,10,5,5,5,7,5,8
484070913,7,4,6,8,7,3,4,9,9
484070914,6,6,4,5,8,7,4,8,3
484070915,7,6,6,5,8,4,9,4,7
484070916,3,5,10,5,5,3,7,3,9
484070917,5,5,10,5,5,5,10,5,10
484070918,3,2,10,1,5,4,1,1,8
484070919,10,4,3,3,1,1,4,3,10
484070920,3,4,4,5,2,4,3,3,5
484070921,1,1,1,10,10,10,1,1,10
484070922,1,7,2,4,1,7,8,2,1
484070923,-1,1,10,1,10,10,10,10,10
484070924,5,1,1,1,8,5,1,5,8
484070925,6,7,10,4,5,4,3,4,7
484070926,10,7,1,1,10,7,1,5,10
484070927,5,5,2,7,5,5,3,10,5
484070928,1,2,10,7,2,2,8,6,6
484070929,2,5,6,6,6,5,5,5,5
484070930,7,9,9,10,7,7,6,7,6
484070931,7,8,8,8,7,7,7,7,7
484070932,6,3,6,6,7,7,7,6,5
484070933,10,10,10,10,10,10,10,10,10
484070934,10,1,10,10,10,10,10,10,1
484070935,10,10,10,6,10,10,10,10,10
484070936,5,1,10,10,10,5,3,5,6
484070937,1,2,8,10,2,8,9,6,10
484070938,6,5,4,3,9,8,7,6,5
484070939,10,5,10,10,1,10,7,10,10
484070940,7,7,6,5,8,8,7,5,9
484070941,8,3,8,6,8,7,6,4,10
484070942,7,8,9,5,4,3,10,9,8
484070943,5,1,10,10,5,10,5,5,10
484070944,2,2,7,3,7,3,7,8,8
484070945,8,7,8,7,6,5,6,8,9
484070946,7,5,6,5,3,2,5,7,5
484070947,3,3,9,9,3,8,3,8,3
484070948,10,3,10,10,8,10,10,10,10
484070949,2,3,4,2,4,7,4,5,5
484070950,10,1,10,10,5,10,10,10,10
484070951,7,2,3,4,5,5,6,7,2
484070952,3,4,3,8,7,8,7,8,9
484070953,10,1,8,7,8,6,8,5,10
484070954,8,-1,-1,-1,-1,-1,-1,-1,-1
484070955,2,5,1,3,1,4,3,1,3
484070956,-1,3,-1,-1,7,6,-1,-1,-1
484070957,9,-1,-1,2,4,8,7,6,4
484070958,3,3,6,5,5,5,5,5,5
484070959,7,3,10,8,2,8,8,8,10
484070960,8,6,9,8,5,7,8,5,9
484070961,3,3,9,8,7,8,7,7,10
484070962,5,3,7,7,6,5,5,5,5
484070963,1,1,10,10,1,1,1,1,10
484070964,9,2,8,3,2,7,7,1,9
484070965,2,2,10,1,1,5,5,8,10
484070966,4,-1,-1,2,2,8,8,2,2
484070967,8,-1,-1,-1,-1,-1,-1,-1,-1
484070968,7,6,4,5,3,9,7,6,7
484070969,9,9,9,10,10,10,9,8,10
484070970,2,2,3,2,2,3,1,3,3
484070971,2,3,3,4,4,4,4,5,5
484070972,8,7,6,4,8,7,4,2,-1
484070973,9,2,2,4,4,4,4,4,-1
484070974,3,3,4,4,3,2,2,2,4
484070975,-1,-1,-1,-1,-1,-1,-1,-1,-1
484070976,3,4,2,4,1,-1,-1,-1,-1
484070977,8,7,6,8,4,-1,-1,2,1
484070978,1,7,8,1,2,10,2,2,10
484070979,7,7,7,3,3,4,5,3,3
484070980,2,10,7,-1,4,-1,2,-1,1
484070981,6,-1,2,-1,-1,-1,-1,-1,-1
484070982,10,8,5,1,1,1,1,10,10
484070983,6,5,5,5,7,7,7,5,2
484070984,2,2,8,3,2,7,2,2,8
484070985,-1,4,3,9,5,5,5,2,1
484070986,1,3,2,7,3,2,3,2,1
484070987,2,2,8,2,8,7,2,3,3
484070988,2,1,10,1,1,10,2,2,10
484070989,6,1,6,5,7,7,5,5,5
484070990,10,6,10,10,7,7,10,10,10
484070991,6,1,10,10,2,10,10,10,10
484070992,5,1,10,10,5,10,10,10,10
484070993,6,2,10,10,7,8,10,10,10
484070994,2,1,2,3,7,6,8,8,10
484070995,7,8,9,8,9,9,10,7,5
484070996,5,4,5,6,5,9,8,9,8
484070997,5,1,5,10,1,1,1,1,10
484070998,8,7,8,7,8,7,9,8,7
484070999,9,8,5,4,5,4,5,5,5
484071000,4,8,7,9,8,5,3,2,8
484071001,1,5,10,10,1,1,10,1,1
484071002,1,1,8,8,8,1,8,1,9
484071003,7,6,7,7,7,6,6,7,7
484071004,1,2,10,10,9,1,1,1,10
484071005,4,-1,9,4,5,4,4,2,4
484071006,1,1,10,10,10,8,8,2,2
484071007,2,1,5,10,1,-1,-1,-1,-1
484071008,1,1,1,2,1,9,7,3,7
484071009,1,7,8,1,2,10,9,8,10
484071010,8,2,1,10,8,8,7,6,2
484071011,-1,-1,3,4,2,2,2,-1,-1
484071012,10,9,9,9,7,6,3,5,10
484071013,1,7,7,1,8,2,2,2,1
484071014,2,2,7,7,7,3,5,5,5
484071015,5,5,3,5,5,5,3,3,3
484071016,10,1,9,7,6,4,3,1,10
484071017,2,4,10,10,7,6,2,1,10
484071018,10,10,9,1,1,2,3,4,2
484071019,3,2,1,1,1,10,10,10,10
484071020,10,10,10,10,10,10,10,10,10
484071021,1,1,1,1,1,2,10,1,1
484071022,3,1,1,4,2,1,1,2,3
484071023,10,10,2,1,1,2,2,1,1
484071024,10,1,2,3,2,10,10,10,1
484071025,10,10,10,10,10,10,10,10,10
484071026,10,10,10,10,10,10,10,10,10
484071027,8,7,6,7,9,8,7,3,9
484071028,6,4,10,9,10,10,10,8,10
484071029,1,2,3,5,2,1,1,2,3
484071030,1,1,10,10,1,10,1,10,10
484071031,2,2,2,2,8,8,3,2,10
484071032,7,6,9,6,5,5,5,5,10
484071033,6,7,7,3,3,2,3,2,7
484071034,1,1,2,2,8,2,3,1,1
484071035,4,5,7,7,4,3,3,3,2
484071036,10,2,8,9,10,7,4,5,6
484071037,7,8,6,7,6,8,9,7,6
484071038,7,2,6,2,4,-1,-1,6,4
484071039,6,4,2,6,2,5,2,1,6
484071040,-1,-1,-1,-1,-1,-1,2,2,2
484071041,9,9,8,10,9,8,9,9,9
484071042,4,4,2,2,2,2,2,2,2
484071043,8,7,6,6,4,2,1,2,4
484071044,1,1,8,7,-1,1,-1,1,1
484071045,9,8,9,9,9,9,9,9,9
484071046,4,7,5,4,2,6,7,-1,-1
484071047,1,2,2,3,4,7,1,3,8
484071048,7,6,8,7,7,6,7,6,7
484071049,9,10,9,7,6,4,4,2,4
484071050,3,4,-1,-1,-1,3,4,-1,-1
484071051,5,2,2,1,1,-1,1,1,1
484071052,6,6,7,3,3,3,3,7,9
484071053,8,7,8,6,4,3,8,4,9
484071054,7,6,4,8,7,7,7,7,7
484071055,-1,3,9,8,7,6,2,1,2
484071056,3,3,4,4,4,5,5,5,5
484071057,7,6,7,6,6,6,6,6,6
484071058,1,1,10,5,1,1,1,5,10
484071059,9,2,7,2,3,-1,2,1,10
484071060,2,2,7,3,2,8,3,4,10
484071061,7,2,10,10,2,10,10,2,10
484071062,5,10,10,7,10,10,10,10,10
484071063,10,5,10,10,7,7,10,10,10
484071064,8,-1,10,10,5,10,10,10,10
484071065,8,5,10,10,10,10,10,10,10
484071066,10,10,1,10,10,10,10,10,10
484071067,10,8,7,8,8,8,2,2,2
484071068,10,9,10,5,5,3,1,2,1
484071069,2,2,8,7,9,8,8,8,8
484071070,1,1,8,7,6,8,7,6,8
484071071,10,7,8,7,8,6,7,7,6
484071072,8,7,3,10,3,3,7,1,10
484071073,1,1,9,4,8,6,5,1,3
484071074,7,3,10,8,7,7,5,7,9
484071075,1,4,10,8,7,8,1,5,10
484071076,4,4,8,7,6,6,8,7,10
484071077,10,1,8,10,8,7,1,5,10
484071078,10,5,5,5,2,3,1,10,10
484071079,1,2,2,1,8,8,10,10,10
484071080,7,6,7,7,6,7,6,7,6
484071081,5,6,5,5,6,5,6,5,5
484071082,10,9,8,8,7,7,7,9,6
484071083,8,7,8,7,6,5,1,7,5
484071084,1,1,1,1,10,10,10,10,10
484071085,1,1,1,1,1,1,1,1,1
484071086,1,7,10,10,7,6,10,7,10
484071087,10,7,10,10,5,8,10,3,10
484071088,2,1,10,9,10,4,7,10,10
484071089,5,2,9,9,5,9,9,5,10
484071090,1,1,9,1,2,10,1,2,9
484071091,8,7,7,5,6,5,7,8,7
484071092,7,6,7,8,2,7,5,5,8
484071093,9,9,9,8,7,6,7,7,8
484071094,2,2,8,2,1,9,2,8,10
484071095,2,6,7,8,3,4,2,5,8
484071096,4,4,3,3,3,4,3,4,6
484071097,4,3,5,3,1,1,1,8,8
484071098,1,1,10,10,1,1,10,10,10
484071099,1,1,10,10,1,10,10,1,10
484071100,1,2,6,1,8,4,4,2,1
484071101,1,1,1,1,1,1,1,1,1
484071102,1,1,10,10,10,10,10,1,10
484071103,1,1,10,10,1,1,10,10,10
484071104,4,4,3,3,3,4,3,4,6
484071105,1,1,10,10,10,10,10,1,10
484071106,1,1,10,10,10,10,10,1,10
484071107,1,1,10,1,1,10,1,1,10
484071108,1,1,10,10,1,1,10,10,10
484071109,1,1,10,10,10,10,10,1,10
484071110,7,1,1,7,1,10,10,7,10
484071111,1,2,2,1,3,1,1,1,1
484071112,1,1,10,8,1,1,1,1,10
484071113,1,1,10,5,5,10,10,10,10
484071114,10,1,10,1,10,10,1,1,1
484071115,1,10,3,8,10,1,1,1,5
484071116,3,3,3,3,5,6,5,6,9
484071117,1,1,10,10,1,1,1,10,10
484071118,1,1,10,1,1,9,9,8,9
484071119,8,4,5,4,5,5,5,3,10
484071120,3,3,7,3,1,7,8,7,1
484071121,4,3,8,6,7,8,8,6,10
484071122,4,3,2,1,1,7,8,6,6
484071123,2,2,6,3,6,6,1,2,8
484071124,7,1,9,10,3,2,1,1,10
484071125,2,4,8,3,4,6,6,7,10
484071126,7,1,2,1,9,2,1,2,2
484071127,8,3,2,1,1,4,8,1,5
484071128,3,2,9,9,1,1,1,7,8
484071129,1,1,10,1,1,1,1,10,10
484071130,4,9,9,7,3,7,8,1,10
484071131,1,1,10,10,10,10,10,10,10
484071132,2,3,4,10,10,1,7,8,10
484071133,1,1,10,10,10,10,10,10,10
484071134,10,1,1,10,7,8,7,8,7
484071135,1,5,4,4,10,3,3,8,5
484071136,5,1,10,10,1,5,5,10,9
484071137,5,1,10,10,10,10,10,1,10
484071138,-1,-1,10,1,10,-1,1,-1,10
484071139,1,1,10,10,10,10,10,10,10
484071140,8,8,7,8,8,8,8,7,7
484071141,5,5,6,5,6,6,5,6,6
484071142,5,1,5,5,5,5,2,5,5
484071143,9,8,7,7,7,7,7,7,7
484071144,8,9,8,9,7,8,7,7,7
484071145,6,4,6,6,6,7,5,7,6
484071146,9,8,9,8,9,9,9,9,8
484071147,6,6,7,6,6,6,7,7,7
484071148,6,6,6,7,6,6,7,6,6
484071149,6,6,6,7,6,6,7,8,7
484071150,6,6,7,8,8,7,8,8,7
484071151,6,6,6,7,6,6,6,6,6
484071152,8,8,8,7,8,7,8,8,7
484071153,6,6,7,7,7,7,7,7,7
484071154,6,8,6,6,7,6,6,7,7
484071155,6,5,7,7,5,6,8,6,6
484071156,8,8,7,8,7,7,8,8,8
484071157,8,8,7,5,6,8,7,7,7
484071158,6,6,6,7,6,6,7,6,6
484071159,5,7,8,7,8,8,7,8,7
484071160,7,7,8,6,7,8,8,6,6
484071161,8,8,8,8,8,8,8,8,8
484071162,9,1,10,10,10,1,1,1,10
484071163,1,1,10,1,1,1,1,10,1
484071164,1,1,10,10,1,1,10,10,10
484071165,10,8,5,5,4,1,2,3,5
484071166,1,1,10,10,1,10,10,10,10
484071167,1,7,-1,1,10,10,1,-1,-1
484071168,10,3,1,2,8,7,3,5,10
484071169,5,1,10,7,5,-1,5,2,7
484071170,7,7,6,6,7,6,7,7,7
484071171,1,-1,-1,-1,-1,-1,-1,-1,-1
484071172,1,2,3,10,1,7,8,1,10
484071173,1,1,10,10,10,10,10,10,10
484071174,5,5,5,6,5,8,8,8,8
484071175,6,6,7,8,7,8,7,8,8
484071176,6,7,6,6,6,7,8,7,6
484071177,1,1,1,2,1,2,1,2,1
484071178,8,8,9,9,8,8,9,9,10
484071179,3,5,4,5,7,7,6,5,6
484071180,7,8,1,3,5,5,3,1,2
484071181,5,6,6,6,6,6,6,6,6
484071182,10,2,9,6,8,1,1,10,2
484071183,9,10,8,5,3,10,7,10,5
484071184,5,6,7,7,7,7,6,5,5
484071185,10,1,9,8,10,10,9,10,10
484071186,1,2,9,10,10,8,9,10,10
484071187,1,1,1,10,1,10,10,10,10
484071188,1,2,10,10,9,8,10,10,10
484071189,5,1,1,5,7,6,5,7,8
484071190,7,4,8,10,7,10,10,7,10
484071191,10,6,10,2,10,3,10,10,10
484071192,7,6,8,3,2,5,6,7,10
484071193,10,1,10,6,8,7,8,6,9
484071194,8,1,9,9,7,10,9,7,10
484071195,6,3,8,4,8,8,4,7,4
484071196,10,2,-1,5,2,1,6,8,5
484071197,3,-1,5,5,8,7,5,5,10
484071198,8,2,6,7,6,5,6,5,8
484071199,6,5,7,7,5,3,8,4,9
484071200,5,5,6,5,2,6,7,6,5
484071201,8,8,8,8,9,6,8,8,7
484071202,6,7,6,8,7,8,9,5,3
484071203,6,6,8,7,6,4,4,8,10
484071204,9,1,10,8,10,9,2,9,10
484071205,8,7,10,10,10,10,9,9,10
484071206,1,2,10,1,1,10,1,1,10
484071207,10,10,10,10,5,10,5,8,2
484071208,3,4,4,4,3,1,4,8,8
484071209,8,9,10,1,8,6,9,10,10
484071210,6,1,-1,1,1,1,2,10,10
484071211,1,10,10,10,1,1,1,1,10
484071212,5,4,1,2,5,1,6,5,6
484071213,7,5,5,5,6,6,6,6,7
484071214,8,8,7,8,9,7,6,6,7
484071215,9,7,8,9,8,7,9,8,7
484071216,4,4,3,4,3,2,2,2,2
484071217,6,5,6,5,6,5,5,5,5
484071218,6,6,5,5,4,6,6,6,5
484071219,5,4,5,6,5,4,5,4,5
484071220,1,1,1,1,1,3,2,4,2
484071221,1,1,10,1,10,10,1,4,7
484071222,2,4,6,5,3,1,1,1,1
484071223,1,1,4,1,1,7,1,1,10
484071224,1,1,10,9,10,10,10,9,10
484071225,3,3,5,5,6,7,7,6,5
484071226,2,3,10,9,1,2,2,2,10
484071227,3,1,8,5,-1,1,-1,5,10
484071228,5,1,9,7,8,7,7,7,7
484071229,10,1,9,10,10,10,4,10,10
484071230,1,-1,3,1,1,-1,1,1,1
484071231,8,1,8,1,1,1,1,1,1
484071232,1,1,10,10,1,1,1,1,1
484071233,-1,-1,10,10,10,-1,10,-1,10
484071234,4,3,10,1,2,9,2,8,10
484071235,10,5,4,10,8,3,3,4,4
484071236,1,1,9,7,8,7,10,10,10
484071237,1,2,8,7,2,2,2,2,2
484071238,10,10,1,1,10,10,10,1,1
484071239,7,7,9,3,2,2,2,2,2
484071240,3,3,9,1,10,5,5,7,1
484071241,1,2,6,1,1,2,1,1,6
484071242,3,5,3,2,4,7,2,3,5
484071243,1,2,1,1,5,9,1,3,9
484071244,5,1,10,1,10,10,5,5,10
484071245,10,5,5,5,5,5,5,5,10
484071246,5,3,4,1,5,1,6,1,10
484071247,10,1,10,1,1,1,1,1,10
484071248,1,1,3,1,5,2,1,1,1
484071249,9,4,4,8,8,4,4,4,10
484071250,7,8,9,7,5,6,7,7,8
484071251,7,6,5,3,5,6,5,3,5
484071252,10,7,10,10,5,10,10,10,10
484071253,5,9,9,7,9,5,5,5,5
484071254,1,1,5,1,1,5,1,1,10
484071255,1,1,1,10,6,4,2,2,10
484071256,6,6,10,10,7,6,7,4,7
484071257,6,6,10,10,8,6,7,7,3
484071258,1,5,10,10,7,6,10,8,6
484071259,5,1,10,5,1,10,10,10,10
484071260,2,5,10,9,6,-1,-1,10,7
484071261,6,5,10,10,10,7,10,10,10
484071262,5,3,10,10,5,10,9,9,10
484071263,10,10,10,1,10,1,10,10,10
484071264,-1,7,7,7,7,7,6,6,3
484071265,2,9,10,9,5,7,9,7,10
484071266,3,3,7,7,5,6,7,8,9
484071267,3,5,3,4,-1,-2,-2,-2,4
484071268,10,1,10,10,1,10,10,10,10
484071269,1,1,10,1,1,10,2,6,1
484071270,1,1,10,6,1,10,1,7,7
484071271,1,1,9,2,2,8,2,8,9
484071272,6,5,6,5,7,6,5,4,5
484071273,8,8,7,6,8,8,10,10,10
484071274,10,10,10,10,10,10,10,5,10
484071275,5,5,5,5,5,5,5,5,5
484071276,8,1,10,8,8,10,9,7,10
484071277,1,1,1,1,1,2,2,4,10
484071278,6,5,4,3,3,4,5,4,3
484071279,9,9,8,7,6,8,7,7,9
484071280,8,7,8,8,2,8,7,8,8
484071281,10,3,5,6,5,3,2,6,10
484071282,4,8,8,5,9,7,6,5,10
484071283,6,5,6,7,6,5,4,5,6
484071284,2,2,10,1,8,4,10,4,10
484071285,8,10,9,5,2,10,8,5,2
484071286,10,1,10,7,8,7,1,2,7
484071287,6,5,3,4,5,4,5,3,3
484071288,10,8,6,3,2,1,4,7,6
484071289,1,8,4,5,1,8,6,1,8
484071290,2,9,7,10,1,5,2,5,8
484071291,6,5,3,4,4,5,5,5,5
484071292,10,6,7,6,4,3,8,9,10
484071293,2,3,4,5,3,8,7,4,5
484071294,5,1,1,2,1,10,10,10,10
484071295,1,1,10,10,10,10,10,10,10
484071296,1,1,10,1,3,8,1,6,7
484071297,1,1,10,1,2,9,1,9,6
484071298,6,5,6,5,4,3,5,6,5
484071299,1,1,10,1,1,9,1,8,8
484071300,1,3,10,8,4,8,5,7,4
484071301,4,4,4,4,4,9,5,5,9
484071302,4,3,6,8,5,7,6,5,10
484071303,9,3,2,1,9,2,1,1,1
484071304,6,6,4,4,6,7,6,4,8
484071305,5,10,10,10,5,10,10,10,10
484071306,4,1,7,8,3,2,2,2,8
484071307,10,5,10,10,10,10,10,10,10
484071308,1,10,10,10,1,1,10,10,10
484071309,6,1,6,3,1,8,8,8,9
484071310,10,10,10,10,10,10,10,7,10
484071311,2,3,6,6,8,9,6,1,10
484071312,2,2,5,2,2,2,2,4,10
484071313,5,6,7,6,5,4,3,4,5
484071314,2,1,10,7,3,7,6,1,10
484071315,1,1,10,3,2,5,2,1,7
484071316,7,2,2,6,2,2,6,7,2
484071317,5,2,8,4,5,5,4,6,5
484071318,6,4,2,1,5,6,5,5,5
484071319,1,1,-1,-1,5,7,1,5,10
484071320,5,5,5,5,5,5,5,5,5
484071321,3,1,2,2,2,2,6,5,2
484071322,6,2,8,8,8,9,4,3,8
484071323,5,5,5,5,6,5,5,5,5
484071324,5,5,5,5,5,5,5,5,5
484071325,10,5,5,5,5,5,5,5,10
484071326,4,4,2,2,2,10,10,10,10
484071327,10,1,10,1,10,10,10,10,10
484071328,1,1,1,5,10,5,5,5,5
484071329,4,8,10,5,3,6,6,5,5
484071330,3,2,9,2,4,8,2,2,9
484071331,10,8,7,10,9,8,7,5,10
484071332,5,5,10,1,1,10,1,1,10
484071333,1,1,8,1,1,7,6,1,10
484071334,10,5,7,2,8,3,1,3,3
484071335,10,7,1,1,3,1,1,4,1
484071336,1,-1,10,10,-1,-1,10,-1,10
484071337,8,1,8,1,2,1,3,4,4
484071338,1,1,10,10,10,10,1,1,1
484071339,4,4,4,9,9,8,4,4,4
484071340,1,2,6,1,1,2,1,1,6
484071341,3,5,3,2,4,7,2,3,5
484071342,1,2,1,1,5,9,1,3,9
484071343,8,8,1,7,8,8,7,1,1
484071344,1,1,10,9,2,10,10,2,10
484071345,3,3,4,7,3,5,6,5,9
484071346,2,2,6,5,9,6,5,1,5
484071347,8,9,9,9,9,8,9,1,8
484071348,8,2,10,10,2,10,10,1,10
484071349,8,7,7,7,2,7,8,2,8
484071350,3,7,5,5,4,4,5,7,7
484071351,2,1,10,10,6,6,10,10,10
484071352,10,5,8,1,5,3,1,1,10
484071353,1,10,5,5,5,5,5,5,5
484071354,5,3,9,5,4,7,8,9,10
484071355,7,4,10,6,7,6,7,7,9
484071356,8,1,8,8,9,9,9,1,7
484071357,3,3,10,10,3,10,10,3,10
484071358,8,1,9,8,9,8,9,1,8
484071359,1,1,10,10,6,9,10,2,10
484071360,1,1,10,5,5,3,9,8,8
484071361,8,5,9,9,9,9,9,4,9
484071362,9,1,8,9,2,8,10,1,9
484071363,7,1,10,6,1,10,10,2,10
484071364,1,1,9,5,1,1,1,1,7
484071365,4,1,1,1,1,1,1,1,10
484071366,1,5,9,1,1,1,2,1,7
484071367,1,1,5,2,5,10,10,5,10
484071368,10,1,10,10,1,10,10,1,10
484071369,5,5,5,3,7,5,5,5,5
484071370,8,8,6,7,8,8,9,2,8
484071371,1,1,10,10,2,10,10,2,10
484071372,1,1,10,9,10,8,9,8,10
484071373,8,2,2,4,5,5,5,3,7
484071374,2,3,4,5,1,7,6,8,9
484071375,1,1,4,3,2,1,1,5,7
484071376,1,1,1,5,5,1,1,1,10
484071377,2,5,10,1,10,1,1,1,10
484071378,8,7,5,8,8,8,1,1,3
484071379,10,10,10,10,10,10,1,10,10
484071380,2,2,2,2,2,2,2,1,2
484071381,5,4,4,6,6,6,7,7,7
484071382,3,4,3,1,4,1,2,1,2
484071383,7,6,9,1,7,6,9,7,9
484071384,1,1,1,1,1,1,2,2,10
484071385,5,2,6,7,7,7,3,2,6
484071386,3,2,6,6,2,2,2,2,1
484071387,3,3,3,3,3,3,3,3,3
484071388,-1,-1,10,10,10,-1,10,10,10
484071389,1,8,1,1,7,1,1,1,9
484071390,9,2,7,2,8,4,5,3,3
484071391,1,5,5,6,8,8,8,8,8
484071392,6,6,4,6,4,4,4,4,4
484071393,-1,-1,-1,-1,-1,-1,-1,-1,-1
484071394,10,5,10,5,8,1,6,1,10
484071395,5,8,10,8,-1,-1,8,-1,5
484071396,8,2,10,10,-1,10,10,-1,10
484071397,5,5,5,5,5,5,5,5,5
484071398,8,1,5,5,5,8,6,6,6
484071399,-1,3,10,8,-1,10,8,-1,8
484071400,10,7,8,2,2,7,5,5,5
484071401,10,1,10,10,-1,10,-1,10,10
484071402,1,5,5,1,7,8,7,9,8
484071403,5,3,8,3,3,3,8,5,8
484071404,5,4,7,6,6,7,6,7,6
484071405,7,1,10,7,1,5,10,1,10
484071406,1,8,10,10,7,10,10,8,10
484071407,1,1,10,8,4,3,10,1,10
484071408,6,6,6,5,6,5,6,6,6
484071409,1,1,10,6,-1,-1,1,-1,10
484071410,6,5,10,6,2,2,10,5,10
484071411,6,2,5,6,6,5,6,6,6
484071412,6,5,10,8,8,3,9,10,10
484071413,7,8,8,8,9,8,7,8,9
484071414,6,2,6,8,3,4,6,9,10
484071415,2,1,8,4,4,7,10,6,10
484071416,8,7,9,8,7,6,4,1,8
484071417,7,8,7,7,6,7,7,7,8
484071418,9,8,7,8,9,6,5,3,2
484071419,5,8,2,8,9,1,5,1,5
484071420,7,6,6,9,8,7,9,7,9
484071421,10,8,8,10,8,8,10,8,8
484071422,8,2,7,7,8,7,7,8,7
484071423,7,8,9,7,9,8,7,8,9
484071424,6,7,1,4,3,1,6,3,1
484071425,7,6,6,7,7,6,6,6,7
484071426,6,6,7,9,9,8,10,9,9
484071427,2,1,10,1,1,8,2,1,10
484071428,6,3,7,8,1,2,8,8,10
484071429,5,10,5,5,5,8,5,5,10
484071430,1,1,10,10,1,1,1,10,5
484071431,5,5,8,4,5,5,8,10,10
484071432,8,1,10,9,1,10,10,8,10
484071433,7,5,6,4,7,6,5,6,7
484071434,1,2,2,2,3,3,4,5,3
484071435,7,5,10,5,7,10,10,6,10
484071436,7,3,4,5,6,2,3,4,10
484071437,10,1,10,10,10,10,10,5,5
484071438,1,5,7,5,7,3,1,2,10
484071439,1,4,10,4,9,5,2,2,10
484071440,4,3,2,2,10,9,8,7,3
484071441,3,4,5,3,7,5,3,4,5
484071442,7,6,7,8,8,9,6,10,6
484071443,1,1,1,1,1,1,1,1,7
484071444,1,1,7,6,1,7,1,2,1
484071445,1,1,9,1,1,1,7,1,9
484071446,6,7,6,5,5,5,5,5,6
484071447,2,5,6,4,4,3,4,4,4
484071448,1,1,10,1,1,1,1,1,10
484071449,3,4,4,5,6,6,5,5,4
484071450,4,3,4,4,6,5,4,4,4
484071451,10,5,10,1,10,2,7,10,1
484071452,10,2,5,7,2,6,10,1,10
484071453,1,1,1,1,1,1,1,1,1
484071454,10,5,5,5,10,5,5,5,5
484071455,10,4,5,5,9,6,5,5,5
484071456,10,5,5,5,5,4,5,6,8
484071457,5,5,5,5,5,5,5,5,5
484071458,-1,-1,8,-1,-1,9,-1,-1,10
484071459,-1,-1,-1,-1,-1,-1,-1,-1,-1
484071460,10,-1,5,-1,5,5,5,5,5
484071461,-1,-1,-1,-1,-1,-1,-1,-1,-1
484071462,5,1,10,10,7,10,10,1,10
484071463,6,6,10,7,2,6,8,9,10
484071464,6,8,8,8,7,8,8,7,8
484071465,9,8,7,8,6,5,3,2,4
484071466,6,6,6,7,6,6,6,7,6
484071467,7,6,7,8,7,7,9,7,9
484071468,8,7,7,8,7,7,7,8,7
484071469,8,8,7,8,8,8,7,8,7
484071470,6,6,7,7,6,7,6,7,8
484071471,9,8,9,7,6,9,7,8,7
484071472,6,7,8,7,8,7,8,7,7
484071473,8,7,7,8,8,2,7,8,8
484071474,7,7,8,8,8,7,7,8,7
484071475,3,1,9,1,1,1,1,1,1
484071476,8,7,5,4,6,5,8,7,6
484071477,3,3,1,1,3,1,1,4,10
484071478,7,7,8,7,9,9,9,9,9
484071479,8,9,8,8,7,8,9,9,8
484071480,7,5,8,7,8,8,9,8,8
484071481,6,6,7,6,6,6,7,6,6
484071482,6,7,5,8,5,8,7,6,7
484071483,1,1,7,8,6,9,5,6,8
484071484,10,9,7,5,3,10,9,7,8
484071485,7,5,3,2,5,3,4,2,1
484071486,5,3,10,10,1,10,10,3,10
484071487,1,1,10,10,1,10,10,5,10
484071488,1,1,10,6,1,9,1,8,8
484071489,2,1,10,3,1,9,1,7,7
484071490,9,3,7,6,4,3,9,7,6
484071491,10,7,6,4,3,2,1,7,8
484071492,6,7,1,1,2,7,8,9,10
484071493,2,5,6,4,4,3,4,4,4
484071494,6,7,6,5,5,5,5,5,6
484071495,1,1,9,1,1,1,7,1,9
484071496,1,1,10,1,1,1,1,1,10
484071497,3,4,4,5,6,6,5,5,4
484071498,4,3,4,4,6,5,4,4,4
484071499,1,1,10,5,1,1,10,1,10
484071500,5,5,5,4,2,1,7,6,5
484071501,1,2,2,10,2,2,2,2,3
484071502,7,9,7,9,7,9,8,3,2
484071503,10,9,7,3,4,6,5,9,10
484071504,9,7,6,5,7,9,8,1,1
484071505,4,10,5,10,4,2,5,7,3
484071506,9,8,9,5,3,9,9,6,9
484071507,8,3,6,5,10,8,2,7,6
484071508,5,5,10,10,7,8,10,7,6
484071509,6,6,10,10,7,5,7,4,7
484071510,1,5,10,10,8,8,10,7,9
484071511,10,1,10,10,1,1,1,1,1
484071512,7,5,3,6,7,7,5,7,2
484071513,1,10,10,10,7,8,10,8,10
484071514,1,1,1,10,1,10,1,1,10
484071515,9,8,8,4,5,5,4,7,10
484071516,7,3,8,3,6,7,1,2,10
484071517,10,1,10,1,1,10,10,1,10
484071518,5,4,7,6,7,5,10,5,8
484071519,3,8,10,8,10,10,5,3,10
484071520,10,9,7,6,6,5,5,9,3
484071521,7,7,7,7,7,9,10,7,4
484071522,1,1,10,1,1,1,10,10,1
484071523,3,10,9,1,4,5,7,6,2
484071524,7,8,9,10,7,10,9,7,5
484071525,8,7,4,5,7,6,9,4,10
484071526,1,5,6,1,4,6,3,1,10
484071527,1,2,10,10,8,1,1,8,10
484071528,2,1,3,2,1,10,1,2,5
484071529,10,1,10,10,1,10,10,10,10
484071530,5,4,3,4,3,4,3,4,3
484071531,1,2,10,10,1,1,1,10,10
484071532,3,4,5,3,3,4,5,5,4
484071533,1,6,10,10,1,10,10,7,10
484071534,1,1,1,1,1,1,1,1,1
484071535,1,1,4,4,10,10,10,10,10
484071536,10,5,8,1,3,9,2,1,10
484071537,6,5,4,4,5,6,4,3,4
484071538,2,3,4,3,4,3,3,2,3
484071539,10,6,5,1,1,1,1,1,1
484071540,10,2,1,8,10,8,2,7,2
484071541,4,3,4,4,5,3,4,5,8
484071542,10,1,1,1,1,1,1,1,7
484071543,1,1,10,10,1,10,1,10,10
484071544,10,2,1,2,8,8,6,3,2
484071545,1,1,10,10,10,5,5,5,10
484071546,1,1,4,5,1,10,10,10,10
484071547,4,5,5,8,5,7,5,4,4
484071548,5,1,2,7,6,4,9,6,5
484071549,10,1,1,10,1,1,10,1,10
484071550,1,9,5,4,5,10,9,7,5
484071551,7,2,4,3,2,1,9,8,7
484071552,10,10,10,1,1,2,1,2,1
484071553,1,5,5,1,2,6,4,3,1
484071554,5,7,4,4,3,2,4,2,3
484071555,5,4,4,4,5,5,5,5,5
484071556,8,8,7,7,7,7,7,7,7
484071557,1,10,1,10,10,10,10,10,10
484071558,10,10,10,7,10,10,10,10,10
484071559,1,1,1,1,1,1,1,1,1
484071560,10,10,9,10,7,8,9,9,10
484071561,4,4,7,8,6,7,6,7,9
484071562,10,10,3,4,9,7,5,9,10
484071563,3,4,3,5,1,1,1,1,4
484071564,1,1,4,1,3,2,3,4,3
484071565,4,-1,5,5,-1,-1,5,5,5
484071566,1,1,1,1,4,5,5,5,5
484071567,8,8,8,8,6,6,5,8,8
484071568,7,9,10,10,10,10,1,5,5
484071569,5,5,-1,-1,-1,-1,-1,-1,-1
484071570,9,8,1,1,1,8,1,8,1
484071571,1,10,1,7,1,9,10,1,10
484071572,3,2,7,3,4,8,6,2,1
484071573,-1,2,8,10,5,-1,-1,4,10
484071574,1,1,6,1,1,7,1,3,10
484071575,6,7,8,7,5,5,8,10,10
484071576,1,5,5,3,1,2,3,5,7
484071577,7,2,10,10,4,6,8,8,8
484071578,8,3,8,8,7,6,6,5,7
484071579,9,8,10,10,10,8,10,8,10
484071580,8,8,3,5,7,7,9,9,7
484071581,7,6,6,8,5,4,7,7,8
484071582,8,5,8,8,7,8,8,7,9
484071583,3,2,9,2,3,2,3,1,10
484071584,10,10,7,8,9,6,7,6,8
484071585,4,7,9,10,7,5,4,7,10
484071586,7,7,4,8,4,4,3,4,10
484071587,3,3,2,3,4,3,3,1,9
484071588,3,8,9,9,10,9,9,10,9
484071589,2,7,6,5,7,6,6,5,6
484071590,8,8,8,7,10,7,6,6,7
484071591,6,7,7,9,6,6,8,8,8
484071592,7,9,10,10,7,7,8,7,6
484071593,9,8,9,9,10,9,9,9,9
484071594,8,8,10,8,7,10,8,8,8
484071595,7,6,6,4,3,3,3,3,3
484071596,5,5,5,5,5,8,5,8,5
484071597,3,2,1,2,9,1,2,2,1
484071598,6,3,6,3,5,6,7,8,10
484071599,1,1,5,2,2,5,5,5,5
484071600,4,1,10,7,8,6,6,6,10
484071601,10,5,10,1,1,10,5,10,10
484071602,8,1,8,1,7,5,5,5,3
484071603,9,2,9,10,10,10,10,3,10
484071604,1,1,4,10,1,1,10,10,10
484071605,5,4,3,4,4,5,1,2,6
484071606,7,2,1,2,1,5,2,7,8
484071607,1,1,10,10,5,9,9,10,10
484071608,10,8,7,9,4,4,3,7,8
484071609,8,8,9,8,8,10,10,2,10
484071610,1,1,1,6,10,10,10,1,10
484071611,7,6,3,5,4,3,2,1,2
484071612,5,5,10,8,8,10,4,5,5
484071613,10,8,8,7,8,8,7,6,8
484071614,8,8,6,9,10,9,9,6,7
484071615,7,10,9,9,10,10,9,8,8
484071616,5,1,10,5,5,4,1,2,10
484071617,2,2,8,1,8,8,5,1,10
484071618,1,1,10,5,-1,-1,10,10,10
484071619,2,1,10,10,1,5,7,6,8
484071620,1,8,5,3,4,2,3,2,1
484071621,10,6,10,6,1,1,1,9,10
484071622,2,2,3,3,2,3,3,4,3
484071623,1,6,10,7,1,1,8,8,9
484071624,10,1,10,10,6,10,10,10,10
484071625,4,2,2,4,2,5,7,3,1
484071626,7,5,8,4,6,8,5,5,4
484071627,7,7,2,2,2,2,2,2,7
484071628,1,1,10,1,1,5,5,7,10
484071629,5,5,5,4,5,5,5,7,5
484071630,8,4,7,4,4,9,5,6,8
484071631,1,5,10,10,3,10,10,5,10
484071632,1,4,10,10,2,10,9,9,10
484071633,3,5,10,10,3,5,10,10,10
484071634,7,6,5,7,4,6,5,6,7
484071635,8,3,8,8,1,10,5,5,10
484071636,6,7,8,6,7,7,6,5,8
484071637,10,2,10,8,8,2,8,8,8
484071638,6,2,6,6,6,6,7,8,6
484071639,5,5,5,5,-1,-1,-1,-1,-1
484071640,8,1,8,1,9,7,1,10,10
484071641,1,1,6,1,1,1,1,6,10
484071642,7,8,8,7,7,7,6,6,7
484071643,10,1,10,5,1,1,1,1,1
484071644,1,6,1,1,3,6,1,1,10
484071645,1,1,10,1,10,1,1,1,10
484071646,10,9,4,7,6,7,7,5,6
484071647,2,5,9,6,3,7,2,2,10
484071648,1,1,10,1,10,1,10,1,10
484071649,7,8,7,10,1,2,10,3,4
484071650,1,1,10,1,10,10,10,1,10
484071651,5,5,5,5,5,5,5,5,4
484071652,10,7,8,7,6,5,4,3,4
484071653,5,5,5,5,5,5,5,5,5
484071654,10,1,10,10,10,10,10,1,10
484071655,2,4,10,10,8,5,8,4,10
484071656,5,6,4,4,4,4,4,4,8
484071657,6,7,8,2,3,4,2,1,1
484071658,3,2,10,5,7,5,7,5,10
484071659,5,4,6,5,8,8,3,4,9
484071660,-2,-2,-2,-2,-2,-2,-2,-2,-2
484071661,4,4,7,4,5,8,8,3,9
484071662,1,1,10,10,1,1,1,1,10
484071663,8,7,4,9,10,7,6,9,6
484071664,7,8,10,6,7,8,7,6,10
484071665,10,5,10,7,4,-1,-1,4,5
484071666,5,6,10,8,1,7,10,1,10
484071667,1,5,10,10,6,9,6,1,5
484071668,5,5,10,4,5,8,7,10,10
484071669,2,2,9,7,4,6,2,2,7
484071670,8,10,6,7,8,10,9,9,10
484071671,8,1,8,2,3,2,2,10,10
484071672,1,10,8,2,1,10,1,1,1
484071673,10,10,1,1,1,1,1,1,1
484071674,5,7,6,7,10,9,6,5,4
484071675,5,3,4,8,6,7,4,10,10
484071676,2,6,4,5,6,6,6,4,4
484071677,7,3,7,6,5,5,5,7,5
484071678,5,7,10,3,2,5,7,3,10
484071679,7,1,8,2,7,3,1,1,8
484071680,8,7,7,6,7,7,5,4,7
484071681,8,4,10,4,4,4,8,8,8
484071682,3,7,8,5,9,3,3,5,9
484071683,3,5,7,7,9,3,6,3,8
484071684,2,2,9,5,9,9,8,2,10
484071685,1,4,3,5,3,5,1,1,3
484071686,10,1,10,10,10,10,10,1,10
484071687,1,1,1,1,1,1,1,1,10
484071688,10,9,10,9,8,7,10,3,10
484071689,1,5,7,5,5,5,5,7,1
484071690,7,1,10,8,4,7,7,7,10
484071691,6,5,6,6,7,6,5,7,6
484071692,7,6,8,8,9,8,7,6,6
484071693,10,10,9,8,8,10,7,6,8
484071694,6,6,8,8,8,8,5,7,8
484071695,8,10,10,9,10,8,8,10,10
484071696,10,9,9,9,10,8,8,9,10
484071697,4,3,3,5,4,4,6,5,5
484071698,5,8,8,5,5,4,4,5,5
484071699,5,5,6,4,3,5,5,5,5
484071700,2,2,3,2,2,2,4,5,3
484071701,7,6,6,9,6,5,6,6,7
484071702,6,8,8,9,7,6,8,8,8
484071703,9,6,9,9,8,9,10,2,10
484071704,8,2,4,8,-1,8,10,10,-1
484071705,5,5,3,5,10,10,10,5,10
484071706,1,1,10,10,10,1,1,1,10
484071707,10,2,10,10,10,3,10,3,6
484071708,1,5,5,2,2,2,2,2,7
484071709,5,5,5,4,7,1,1,5,5
484071710,6,6,7,5,3,7,6,8,10
484071711,8,1,8,8,8,9,9,9,1
484071712,8,2,8,2,10,2,10,2,10
484071713,7,5,4,2,5,5,1,1,7
484071714,1,5,6,7,7,5,4,4,4
484071715,8,5,8,5,5,8,6,8,6
484071716,6,7,10,8,7,6,8,7,5
484071717,2,8,8,10,9,10,10,10,10
484071718,4,5,10,1,10,9,5,4,5
484071719,1,2,10,5,8,7,5,5,1
484071720,6,5,5,4,3,5,6,5,6
484071721,10,1,10,10,1,10,10,10,10
484071722,7,7,7,8,9,7,6,1,1
484071723,10,5,5,6,7,9,5,5,6
484071724,7,5,8,5,6,-1,4,4,7
484071725,7,5,8,10,5,5,8,7,10
484071726,10,1,1,1,10,5,10,1,10
484071727,10,2,7,8,10,8,2,2,10
484071728,10,5,10,4,5,9,1,1,2
484071729,7,6,6,6,5,4,7,5,1
484071730,8,1,3,7,10,-1,-1,5,10
484071731,1,1,10,1,1,10,10,10,10
484071732,1,1,1,1,10,1,1,1,10
484071733,1,5,1,3,5,3,1,1,1
484071734,3,4,7,4,5,7,4,3,5
484071735,5,4,10,7,8,-1,5,5,10
484071736,1,5,8,8,8,3,2,3,5
484071737,1,5,8,7,9,9,3,6,8
484071738,2,8,4,9,8,2,1,1,9
484071739,7,4,3,5,4,7,8,9,9
484071740,5,3,7,8,7,1,1,1,1
484071741,5,5,4,4,3,4,4,5,5
GPT-OSS_120B_baseline,9,1,10,7,1,9,3,2,9
LLAMA3_1_70B_baseline,8,0,10,6,0,10,2,2,9
LLAMA3_70B_baseline,8,1,10,8,0,9,6,1,10
PHI3_INSTRUCT_baseline,2,2,9,10,2,8,0,0,9
QWEN2_5VL_32B_baseline,5,1,9,4,1,9,2,1,10
QWEN2_5VL_72B_baseline,5,1,10,5,1,9,2,1,9
QWEN2_5VL_7B_baseline,7,0,9,3,0,9,0,0,7
QWEN3_32B_baseline,7,1,10,7,1,10,2,3,10
QWEN_7B_baseline,7,10,10,8,1,10,2,0,9
GPT_4O_baseline,6,1,10,5,1,10,4,4,10
GPT-OSS_120B_chainofthought,8,1,10,6,1,9,3,2,9
LLAMA3_1_70B_chainofthought,9,0,8,8,0,8,8,0,8
LLAMA3_70B_chainofthought,8,0,10,6,0,10,2,2,10
PHI3_INSTRUCT_chainofthought,7,9,9,7,9,9,9,9,9
QWEN2_5VL_32B_chainofthought,7,1,9,5,2,9,2,2,9
QWEN2_5VL_72B_chainofthought,7,1,9,5,1,9,2,2,9
QWEN2_5VL_7B_chainofthought,7,0,9,3,0,9,0,2,8
QWEN3_32B_chainofthought,7,1,10,3,1,10,2,2,10
QWEN_7B_chainofthought,6,6,10,3,7,8,2,2,5
GPT_4O_chainofthought,7,1,10,5,1,9,3,3,10
GPT-OSS_120B_declarative,9,1,10,6,1,10,2,2,10
LLAMA3_1_70B_declarative,6,0,10,4,0,10,0,2,10
LLAMA3_70B_declarative,8,0,10,8,0,10,3,2,10
PHI3_INSTRUCT_declarative,4,2,9,6,2,9,2,2,9
QWEN2_5VL_32B_declarative,7,1,10,7,1,9,2,1,10
QWEN2_5VL_72B_declarative,7,1,9,5,1,9,2,1,9
QWEN2_5VL_7B_declarative,7,0,9,7,0,8,0,2,8
QWEN3_32B_declarative,8,1,10,6,1,10,3,5,10
QWEN_7B_declarative,4,2,9,3,2,9,3,2,5
GPT_4O_declarative,7,1,10,5,1,9,3,3,10
GPT-OSS_120B_explicit,7,1,10,4,1,9,4,2,10
LLAMA3_1_70B_explicit,8,0,8,6,0,8,0,2,9
LLAMA3_70B_explicit,8,0,10,8,0,9,2,0,10
PHI3_INSTRUCT_explicit,7,2,9,6,9,8,2,2,8
QWEN2_5VL_32B_explicit,5,1,10,4,1,9,1,1,10
QWEN2_5VL_72B_explicit,5,1,9,5,1,9,2,2,9
QWEN2_5VL_7B_explicit,7,0,9,7,0,8,0,2,8
QWEN3_32B_explicit,6,1,10,6,1,10,3,3,10
QWEN_7B_explicit,5,6,9,2,3,9,2,2,9
GPT_4O_explicit,7,1,10,5,1,10,5,5,10
GPT-OSS_120B_parantheses,8,1,9,8,1,9,4,2,9
LLAMA3_1_70B_parantheses,9,0,8,8,4,8,8,4,8
LLAMA3_70B_parantheses,8,0,10,8,0,10,2,0,10
PHI3_INSTRUCT_parantheses,7,9,9,8,9,9,9,10,9
QWEN2_5VL_32B_parantheses,5,1,10,5,1,9,2,1,10
QWEN2_5VL_72B_parantheses,5,1,9,5,1,9,2,1,9
QWEN2_5VL_7B_parantheses,7,0,9,6,0,8,0,2,8
QWEN3_32B_parantheses,8,1,10,6,1,10,3,2,10
QWEN_7B_parantheses,6,6,10,3,7,9,3,2,8
GPT_4O_parantheses,6,1,10,6,1,10,4,6,10
GPT-OSS_120B_roleplay,9,1,10,7,1,10,2,2,10
LLAMA3_1_70B_roleplay,8,0,10,8,0,8,2,2,10
LLAMA3_70B_roleplay,8,0,10,8,0,10,4,0,10
PHI3_INSTRUCT_roleplay,7,1,9,8,9,9,2,2,9
QWEN2_5VL_32B_roleplay,7,1,10,5,1,9,2,2,10
QWEN2_5VL_72B_roleplay,7,1,10,6,1,9,2,2,9
QWEN2_5VL_7B_roleplay,7,0,10,6,0,9,0,2,9
QWEN3_32B_roleplay,7,1,10,7,1,10,3,3,10
QWEN_7B_roleplay,6,5,9,5,5,9,2,2,9
GPT_4O_roleplay,7,1,10,6,2,10,3,4,10
