D_INTERVIEW,Q58,Q59,Q60,Q61,Q62,Q63
604070001,1,1,1,1,1,1
604070002,1,2,4,4,2,3
604070003,1,3,3,3,-1,3
604070004,2,4,3,4,4,4
604070005,1,2,3,4,3,3
604070006,1,2,2,3,3,3
604070007,1,2,1,2,2,2
604070008,2,4,4,4,4,4
604070009,1,4,4,4,4,4
604070010,1,3,3,4,2,3
604070011,1,3,3,4,3,4
604070012,1,4,2,4,3,4
604070013,1,4,3,4,4,4
604070014,1,4,3,4,-2,4
604070015,1,3,3,3,3,-5
604070016,1,3,2,4,3,3
604070017,1,3,3,4,3,3
604070018,1,4,3,4,4,3
604070019,1,4,3,4,4,4
604070020,1,3,3,4,3,4
604070021,2,3,3,3,4,4
604070022,1,3,3,2,2,3
604070023,1,2,3,3,2,2
604070024,2,3,3,3,4,4
604070025,2,2,3,3,3,3
604070026,1,2,2,2,3,3
604070027,2,2,2,2,3,3
604070028,1,2,2,2,2,2
604070029,1,2,2,2,3,3
604070030,1,2,3,3,2,2
604070031,1,2,2,3,2,2
604070032,1,2,2,2,2,2
604070033,1,2,2,3,2,2
604070034,1,2,2,2,2,2
604070035,1,3,3,2,2,3
604070036,1,3,3,3,3,3
604070037,2,3,3,3,3,3
604070038,1,3,2,2,3,2
604070039,2,4,3,3,3,3
604070040,1,3,3,4,3,4
604070041,1,1,2,4,2,3
604070042,1,3,3,3,3,3
604070043,1,3,3,3,3,3
604070044,1,3,4,3,3,3
604070045,1,2,2,2,3,3
604070046,1,3,2,4,4,4
604070047,1,3,3,4,2,3
604070048,1,4,4,4,4,4
604070049,1,2,2,3,3,3
604070050,1,2,3,3,3,3
604070051,2,4,3,4,3,4
604070052,1,3,3,3,3,3
604070053,1,3,4,4,2,3
604070054,2,3,2,3,2,3
604070055,1,3,3,3,3,3
604070056,1,2,2,2,2,2
604070057,1,4,2,2,3,4
604070058,1,2,2,2,2,2
604070059,1,3,2,3,3,2
604070060,2,3,3,3,2,3
604070061,1,3,3,4,4,3
604070062,1,4,4,4,4,4
604070063,1,2,2,4,3,3
604070064,1,3,4,4,4,4
604070065,1,4,4,4,4,4
604070066,1,3,2,3,3,3
604070067,1,2,2,3,3,3
604070068,1,2,2,3,3,4
604070069,1,3,3,2,3,3
604070070,1,3,3,3,4,3
604070071,1,4,4,4,4,4
604070072,1,4,4,4,4,4
604070073,2,4,4,4,4,4
604070074,1,3,4,4,4,4
604070075,1,4,4,4,4,4
604070076,2,3,3,3,2,3
604070077,2,4,4,4,4,4
604070078,1,2,3,3,3,4
604070079,1,2,1,1,2,2
604070080,1,2,3,3,4,3
604070081,1,3,3,4,3,3
604070082,1,3,3,3,3,3
604070083,1,4,3,4,3,3
604070084,1,3,3,3,3,3
604070085,1,3,3,4,4,4
604070086,3,4,4,4,4,4
604070087,3,4,3,4,3,4
604070088,1,3,4,4,3,3
604070089,1,3,4,4,4,4
604070090,1,3,4,4,3,3
604070091,1,3,3,4,3,3
604070092,1,3,4,4,3,4
604070093,1,3,3,3,3,-1
604070094,1,3,3,3,3,3
604070095,1,3,2,3,3,3
604070096,1,2,3,3,3,3
604070097,1,2,4,4,4,4
604070098,2,4,4,4,4,4
604070099,1,3,4,4,4,4
604070100,1,2,4,4,4,4
604070101,3,4,3,4,4,4
604070102,1,4,1,4,4,4
604070103,2,3,3,4,2,2
604070104,1,2,3,3,3,3
604070105,2,4,4,4,4,4
604070106,1,4,4,4,4,4
604070107,1,2,3,3,3,3
604070108,1,3,4,3,4,3
604070109,1,4,2,4,3,4
604070110,1,2,3,4,4,4
604070111,1,2,4,4,4,4
604070112,1,3,2,4,3,3
604070113,1,3,3,4,3,3
604070114,1,3,3,4,3,3
604070115,1,2,3,3,4,3
604070116,1,4,4,4,4,4
604070117,2,4,4,4,4,4
604070118,1,2,3,4,4,4
604070119,1,2,4,4,4,4
604070120,2,3,4,4,4,4
604070121,1,2,3,3,3,3
604070122,1,2,2,3,3,3
604070123,1,2,3,3,3,2
604070124,1,2,3,3,3,2
604070125,2,2,3,3,4,4
604070126,1,2,3,4,3,3
604070127,1,2,3,4,3,3
604070128,2,4,3,4,4,4
604070129,1,2,3,4,3,3
604070130,2,4,3,4,4,4
604070131,1,4,4,3,4,4
604070132,1,4,4,4,4,4
604070133,1,3,3,4,4,4
604070134,1,3,4,4,4,4
604070135,1,3,3,4,3,3
604070136,1,3,3,4,3,3
604070137,1,3,4,4,3,4
604070138,1,3,3,3,3,3
604070139,1,3,3,3,3,4
604070140,1,3,3,4,2,4
604070141,3,4,4,4,-1,-1
604070142,1,2,3,2,3,2
604070143,1,2,1,2,3,2
604070144,1,2,2,2,3,3
604070145,1,3,3,4,3,3
604070146,1,1,2,2,2,3
604070147,1,4,2,4,4,4
604070148,1,2,2,3,3,3
604070149,1,1,2,2,3,3
604070150,1,3,3,3,3,2
604070151,1,2,2,3,2,2
604070152,1,3,2,3,2,2
604070153,1,2,2,3,2,2
604070154,2,4,2,3,2,2
604070155,2,3,2,3,2,2
604070156,1,1,1,2,2,2
604070157,1,2,2,2,2,2
604070158,1,2,2,2,2,2
604070159,1,1,2,2,2,2
604070160,1,2,2,2,2,2
604070161,1,2,2,4,3,3
604070162,1,2,2,4,4,4
604070163,1,3,1,4,3,2
604070164,1,1,2,2,-2,-2
604070165,2,3,3,4,2,3
604070166,1,2,1,3,2,2
604070167,2,4,2,3,2,2
604070168,1,2,1,4,3,2
604070169,1,3,2,4,3,3
604070170,1,2,3,4,3,3
604070171,3,4,4,4,4,4
604070172,3,3,3,4,3,3
604070173,1,4,2,4,4,4
604070174,1,1,1,3,4,3
604070175,1,2,2,4,3,3
604070176,1,2,3,3,3,3
604070177,1,1,2,2,2,2
604070178,1,2,2,3,2,2
604070179,1,2,3,3,3,3
604070180,1,3,4,4,2,3
604070181,1,4,4,4,4,4
604070182,1,4,4,4,4,4
604070183,1,4,4,4,4,4
604070184,1,4,4,4,4,4
604070185,2,4,4,4,4,4
604070186,2,2,2,3,3,4
604070187,2,3,3,3,3,3
604070188,2,4,2,3,3,3
604070189,4,4,3,4,4,3
604070190,1,3,3,4,4,3
604070191,1,2,1,4,3,4
604070192,2,2,4,3,2,2
604070193,1,2,2,4,-2,3
604070194,1,2,3,4,3,4
604070195,1,2,2,4,4,4
604070196,2,3,2,3,2,2
604070197,1,2,2,3,2,2
604070198,1,4,2,2,2,2
604070199,1,3,2,3,2,2
604070200,1,4,2,2,2,2
604070201,1,3,3,4,4,4
604070202,1,2,4,4,3,4
604070203,1,3,4,4,4,4
604070204,1,3,3,4,3,3
604070205,1,4,4,4,4,4
604070206,2,4,4,4,4,4
604070207,1,4,4,4,4,4
604070208,2,4,4,4,4,4
604070209,1,2,2,2,2,2
604070210,1,3,4,3,4,4
604070211,1,4,3,4,4,4
604070212,1,4,4,4,4,4
604070213,1,4,4,4,4,4
604070214,1,4,2,4,4,4
604070215,1,4,4,4,4,4
604070216,3,4,4,4,4,4
604070217,1,2,2,4,3,3
604070218,1,4,3,4,3,3
604070219,2,4,2,4,2,4
604070220,1,3,2,3,2,3
604070221,1,2,1,3,2,2
604070222,2,4,2,4,2,4
604070223,1,3,2,4,2,2
604070224,1,2,2,4,4,4
604070225,3,3,3,3,3,3
604070226,3,3,2,4,3,4
604070227,1,3,3,3,3,3
604070228,1,2,2,2,2,2
604070229,2,3,3,4,4,4
604070230,4,4,4,4,4,4
604070231,3,3,3,4,3,3
604070232,1,3,3,3,3,3
604070233,1,3,2,3,2,3
604070234,1,4,3,4,4,4
604070235,1,3,2,4,3,4
604070236,1,4,1,3,4,3
604070237,1,2,3,4,3,4
604070238,1,3,2,3,3,3
604070239,1,2,3,2,2,4
604070240,2,4,2,4,4,4
604070241,1,4,2,4,4,3
604070242,1,3,3,4,3,3
604070243,3,3,3,4,4,3
604070244,3,4,4,4,4,3
604070245,2,4,4,4,2,-1
604070246,1,2,2,3,3,3
604070247,1,3,3,4,3,3
604070248,1,2,3,3,2,3
604070249,1,2,2,4,3,2
604070250,1,2,3,3,3,2
604070251,1,2,3,3,3,2
604070252,1,2,3,3,2,3
604070253,1,2,3,3,2,3
604070254,1,2,3,3,3,3
604070255,1,2,3,3,3,3
604070256,1,2,2,4,4,4
604070257,1,4,4,4,4,4
604070258,1,4,3,4,4,4
604070259,3,4,3,3,1,4
604070260,3,4,3,4,4,4
604070261,3,3,3,4,3,3
604070262,2,2,3,3,3,3
604070263,1,4,4,4,4,4
604070264,2,4,3,4,4,4
604070265,3,2,3,4,3,4
604070266,1,3,2,3,2,2
604070267,1,3,2,3,4,3
604070268,1,3,2,4,3,3
604070269,1,2,2,4,3,4
604070270,2,2,1,4,2,2
604070271,1,3,3,4,4,4
604070272,1,3,4,4,4,4
604070273,2,3,3,4,1,4
604070274,1,3,3,3,3,3
604070275,1,3,3,4,2,4
604070276,1,2,3,3,3,3
604070277,1,2,3,2,2,3
604070278,1,3,3,4,3,4
604070279,1,3,4,4,4,4
604070280,3,3,3,3,3,3
604070281,1,3,3,4,3,3
604070282,1,3,3,4,-1,4
604070283,2,4,3,4,4,4
604070284,1,3,3,4,4,4
604070285,1,3,3,3,2,2
604070286,1,3,2,3,2,2
604070287,1,2,3,4,3,3
604070288,1,1,2,2,2,2
604070289,1,3,3,4,4,4
604070290,3,4,4,4,4,4
604070291,1,3,3,4,3,4
604070292,2,3,3,4,4,3
604070293,1,3,2,3,3,4
604070294,1,3,3,4,3,4
604070295,1,3,2,4,3,4
604070296,4,2,3,4,4,4
604070297,2,4,4,4,4,4
604070298,1,3,3,4,4,4
604070299,1,3,3,3,3,3
604070300,1,3,3,3,3,3
604070301,2,4,2,2,2,3
604070302,1,3,2,2,2,2
604070303,2,3,2,2,2,2
604070304,1,2,2,2,2,2
604070305,1,3,2,3,2,2
604070306,1,2,2,3,3,4
604070307,1,3,3,2,3,3
604070308,1,2,3,3,3,4
604070309,1,2,2,3,3,2
604070310,2,3,3,4,3,3
604070311,1,3,3,4,4,4
604070312,1,2,3,3,3,2
604070313,2,4,3,4,4,4
604070314,1,3,4,4,4,4
604070315,2,3,3,4,4,4
604070316,1,3,4,4,4,4
604070317,1,3,3,3,3,3
604070318,2,4,3,4,4,4
604070319,1,1,2,3,2,-1
604070320,2,2,2,4,-1,3
604070321,3,4,3,4,3,4
604070322,4,4,4,3,3,4
604070323,1,2,2,4,2,2
604070324,2,4,2,4,2,3
604070325,1,3,3,3,3,4
604070326,1,3,1,4,1,2
604070327,1,2,2,4,2,2
604070328,1,3,3,4,2,2
604070329,1,4,4,3,3,3
604070330,1,2,2,3,3,3
604070331,1,4,3,4,3,4
604070332,2,3,3,4,-1,4
604070333,1,3,3,4,3,4
604070334,1,3,2,4,4,4
604070335,1,3,3,4,3,4
604070336,2,3,2,3,3,3
604070337,1,2,1,3,2,2
604070338,3,4,3,4,3,3
604070339,1,3,4,4,-1,4
604070340,2,3,3,4,4,4
604070341,2,3,3,3,2,2
604070342,1,2,3,3,3,4
604070343,1,2,3,3,3,3
604070344,1,3,3,2,2,3
604070345,1,2,2,3,3,3
604070346,2,2,2,2,2,2
604070347,1,1,2,2,2,2
604070348,1,2,2,2,2,2
604070349,1,3,3,3,3,3
604070350,1,2,2,2,2,2
604070351,1,2,3,3,2,2
604070352,1,2,2,3,2,2
604070353,1,3,3,3,3,3
604070354,1,3,3,3,2,2
604070355,2,3,3,3,3,3
604070356,1,3,2,3,2,2
604070357,1,2,2,3,2,2
604070358,1,2,2,2,2,2
604070359,2,3,2,3,3,2
604070360,2,3,2,3,2,2
604070361,3,4,4,2,3,4
604070362,2,2,3,4,3,3
604070363,1,3,3,4,4,4
604070364,2,4,2,2,2,2
604070365,1,1,1,2,2,2
604070366,2,3,2,4,3,3
604070367,3,4,2,4,2,3
604070368,3,3,3,4,3,3
604070369,2,2,2,4,4,4
604070370,1,3,3,4,4,4
604070371,1,3,3,3,3,4
604070372,1,4,3,4,3,3
604070373,1,3,4,3,3,1
604070374,2,3,3,2,4,2
604070375,1,4,2,4,-2,-2
604070376,1,2,1,3,3,3
604070377,2,3,2,3,3,3
604070378,1,3,2,4,4,4
604070379,1,2,2,3,3,2
604070380,1,1,3,4,4,4
604070381,2,2,2,2,3,3
604070382,1,2,3,4,4,4
604070383,1,3,3,3,4,4
604070384,1,3,3,4,3,4
604070385,1,2,3,4,4,4
604070386,1,4,3,3,3,3
604070387,1,1,3,3,2,4
604070388,1,2,3,3,3,3
604070389,1,2,2,4,2,2
604070390,1,1,1,4,2,4
604070391,1,3,3,3,3,2
604070392,2,2,1,2,1,2
604070393,1,3,3,3,3,3
604070394,1,2,2,2,3,3
604070395,1,3,2,2,3,3
604070396,1,3,3,4,3,3
604070397,1,3,3,4,4,4
604070398,1,2,3,4,2,3
604070399,2,4,3,4,3,2
604070400,1,3,4,3,3,3
604070401,2,3,2,4,2,4
604070402,3,4,4,4,4,4
604070403,1,3,2,4,3,3
604070404,1,3,3,4,-2,3
604070405,1,3,3,4,-1,-1
604070406,2,3,3,4,4,4
604070407,2,4,3,4,4,4
604070408,1,4,4,4,4,4
604070409,2,2,3,4,-1,-1
604070410,1,3,4,4,-1,-1
604070411,3,3,2,4,4,4
604070412,2,2,1,2,2,2
604070413,3,3,3,4,4,4
604070414,1,2,4,4,3,4
604070415,1,2,2,2,2,2
604070416,2,3,3,4,3,4
604070417,1,2,2,4,2,4
604070418,1,2,2,3,3,4
604070419,1,3,3,4,1,3
604070420,2,2,3,3,3,3
604070421,1,2,2,4,2,4
604070422,3,4,4,4,4,4
604070423,2,3,2,4,4,4
604070424,1,3,2,4,3,4
604070425,2,3,3,3,3,4
604070426,1,4,4,4,4,4
604070427,1,3,4,4,4,4
604070428,1,3,3,3,3,3
604070429,1,1,1,-1,2,4
604070430,1,3,3,3,2,4
604070431,3,4,4,4,4,4
604070432,1,2,3,4,3,4
604070433,3,3,4,4,4,4
604070434,2,3,3,3,4,4
604070435,3,3,2,4,3,3
604070436,2,3,3,4,4,4
604070437,3,4,3,3,4,4
604070438,1,3,2,4,3,3
604070439,1,2,2,3,2,2
604070440,1,3,3,3,4,4
604070441,1,3,2,3,2,3
604070442,1,2,2,3,2,2
604070443,1,4,4,4,4,4
604070444,1,3,3,4,2,2
604070445,1,3,2,4,3,3
604070446,1,4,3,4,4,4
604070447,1,3,3,3,4,4
604070448,1,2,3,4,4,4
604070449,1,4,3,3,3,3
604070450,1,3,2,4,4,4
604070451,1,3,3,4,3,4
604070452,1,3,2,4,4,4
604070453,1,3,4,4,3,3
604070454,1,3,3,4,3,3
604070455,1,3,3,4,4,4
604070456,1,3,4,4,4,4
604070457,3,3,4,4,3,4
604070458,1,3,2,4,4,4
604070459,1,4,2,4,4,4
604070460,1,2,2,3,4,4
604070461,1,4,4,4,4,4
604070462,1,3,2,3,3,3
604070463,1,3,2,4,3,4
604070464,1,3,2,4,3,3
604070465,1,2,2,4,3,3
604070466,1,3,3,3,3,3
604070467,1,3,2,4,4,4
604070468,1,3,3,4,4,4
604070469,1,4,3,4,4,4
604070470,1,3,3,3,3,3
604070471,1,2,4,4,1,3
604070472,1,1,3,3,3,2
604070473,1,2,4,4,3,-1
604070474,1,2,3,3,2,-1
604070475,3,4,1,4,4,4
604070476,1,3,3,3,4,4
604070477,1,2,3,3,3,3
604070478,1,3,3,4,4,4
604070479,1,2,3,3,3,3
604070480,1,3,3,4,4,4
604070481,2,3,3,4,3,3
604070482,1,2,4,3,3,3
604070483,1,2,3,3,3,3
604070484,1,2,3,3,3,3
604070485,1,2,3,3,3,3
604070486,3,3,4,4,4,4
604070487,1,4,3,4,4,4
604070488,1,2,2,4,2,4
604070489,1,3,4,4,1,1
604070490,1,4,4,3,4,-1
604070491,1,1,1,3,4,4
604070492,1,2,2,3,2,2
604070493,1,1,1,3,2,2
604070494,1,2,2,4,4,4
604070495,1,2,2,3,2,3
604070496,1,3,2,4,2,4
604070497,3,4,2,4,3,4
604070498,3,2,3,4,4,4
604070499,1,3,3,4,3,4
604070500,1,1,1,4,4,4
604070501,1,3,3,4,4,4
604070502,2,4,4,4,4,4
604070503,1,4,2,4,3,3
604070504,1,2,3,4,2,4
604070505,1,1,3,4,3,4
604070506,4,3,2,4,3,4
604070507,1,2,2,4,4,4
604070508,1,1,1,3,4,3
604070509,2,3,2,3,2,3
604070510,1,2,3,4,3,4
604070511,2,4,4,4,4,4
604070512,1,4,4,4,4,4
604070513,1,3,2,4,3,3
604070514,1,1,1,3,1,4
604070515,1,3,3,4,3,4
604070516,1,2,3,4,1,4
604070517,1,3,3,4,4,4
604070518,1,4,2,4,3,4
604070519,1,3,3,4,3,4
604070520,1,3,3,4,3,4
604070521,1,4,4,4,4,4
604070522,1,4,3,3,4,3
604070523,1,3,3,2,3,3
604070524,3,4,4,4,4,4
604070525,2,4,4,4,4,4
604070526,1,4,3,3,2,3
604070527,1,4,4,4,4,4
604070528,1,3,3,4,1,2
604070529,1,3,2,4,4,4
604070530,1,3,3,4,3,4
604070531,2,3,2,4,-1,3
604070532,2,2,3,4,3,4
604070533,3,3,1,4,4,4
604070534,1,2,3,4,4,4
604070535,1,4,3,4,2,4
604070536,2,2,1,2,2,3
604070537,1,2,2,3,3,3
604070538,1,4,4,4,4,4
604070539,3,4,4,4,-1,-1
604070540,2,3,3,4,-1,4
604070541,2,3,3,3,3,3
604070542,1,1,3,3,2,2
604070543,1,4,4,4,4,4
604070544,1,2,2,2,2,2
604070545,1,3,3,3,3,3
604070546,1,3,3,4,3,3
604070547,1,3,4,4,4,4
604070548,2,4,4,3,3,4
604070549,2,3,3,3,3,3
604070550,1,3,3,4,3,4
604070551,1,3,3,3,4,3
604070552,1,3,3,4,4,4
604070553,1,3,3,3,3,3
604070554,2,3,3,4,3,4
604070555,1,3,3,3,3,4
604070556,1,3,3,3,3,3
604070557,1,2,3,3,3,4
604070558,1,3,3,4,3,4
604070559,1,2,2,3,3,3
604070560,1,4,4,4,4,4
604070561,2,3,3,4,4,4
604070562,1,3,2,3,4,4
604070563,3,4,4,4,4,4
604070564,1,3,3,3,3,3
604070565,1,3,3,3,3,3
604070566,3,3,3,3,3,3
604070567,1,3,4,4,3,4
604070568,1,3,3,3,4,3
604070569,2,4,3,3,4,4
604070570,1,4,3,3,1,3
604070571,1,4,4,4,4,4
604070572,1,3,3,3,3,3
604070573,1,2,3,-1,3,3
604070574,1,3,3,3,3,3
604070575,1,3,3,3,3,3
604070576,3,4,3,4,4,3
604070577,1,1,2,2,2,2
604070578,1,3,3,4,3,4
604070579,1,2,2,3,3,3
604070580,2,3,3,3,3,2
604070581,1,3,3,4,4,3
604070582,1,4,2,3,2,3
604070583,1,3,3,3,3,3
604070584,1,3,3,3,4,4
604070585,1,3,3,4,3,3
604070586,1,3,4,4,3,4
604070587,1,2,2,4,4,4
604070588,1,2,2,3,3,4
604070589,1,2,2,3,3,4
604070590,1,3,3,4,3,3
604070591,1,3,3,4,4,4
604070592,1,3,3,4,2,3
604070593,1,3,3,4,3,4
604070594,1,3,4,4,2,4
604070595,1,3,2,4,3,4
604070596,1,3,3,4,3,4
604070597,1,4,2,4,4,4
604070598,3,3,3,4,3,4
604070599,1,3,3,3,3,3
604070600,1,3,3,3,4,4
604070601,3,4,3,4,4,4
604070602,1,3,4,4,3,3
604070603,1,2,3,4,4,4
604070604,2,3,3,4,3,4
604070605,3,3,2,4,4,4
604070606,1,3,4,4,4,4
604070607,1,3,4,4,4,4
604070608,2,3,4,4,4,4
604070609,1,2,3,3,4,4
604070610,1,3,3,4,3,3
604070611,4,4,4,4,4,4
604070612,3,4,4,4,4,4
604070613,1,2,2,2,4,2
604070614,2,3,2,3,3,3
604070615,2,4,4,3,4,3
604070616,2,4,4,4,3,4
604070617,1,2,2,3,3,3
604070618,1,2,3,3,3,3
604070619,2,4,4,4,3,4
604070620,2,3,3,3,3,3
604070621,1,2,3,4,4,4
604070622,3,4,3,4,4,4
604070623,2,3,3,3,3,3
604070624,1,3,2,3,3,2
604070625,1,3,4,4,3,4
604070626,1,3,3,3,3,4
604070627,1,3,3,3,3,3
604070628,1,4,4,4,4,4
604070629,1,3,3,3,3,3
604070630,2,3,3,3,3,3
604070631,3,4,4,4,4,4
604070632,1,1,3,3,3,4
604070633,2,3,3,3,3,3
604070634,1,3,3,3,3,3
604070635,2,3,3,4,4,4
604070636,1,2,2,2,2,2
604070637,1,3,3,4,3,4
604070638,1,2,3,4,2,4
604070639,1,2,2,4,3,4
604070640,1,3,2,3,3,3
604070641,1,3,3,4,3,4
604070642,1,3,3,3,3,3
604070643,1,3,3,3,3,3
604070644,1,3,3,4,3,4
604070645,1,3,2,4,3,4
604070646,1,3,3,3,3,3
604070647,1,3,3,4,3,4
604070648,1,3,3,4,4,4
604070649,1,3,3,3,3,4
604070650,1,3,3,3,4,4
604070651,2,4,2,4,2,4
604070652,1,3,3,4,3,4
604070653,1,3,2,4,2,2
604070654,1,3,2,4,3,3
604070655,1,2,2,3,2,2
604070656,1,3,2,4,3,4
604070657,1,3,2,3,2,3
604070658,1,3,3,4,3,3
604070659,1,1,1,4,3,3
604070660,2,4,2,4,4,4
604070661,1,3,3,4,3,4
604070662,3,4,2,4,4,4
604070663,1,2,1,3,2,2
604070664,2,2,3,3,3,3
604070665,2,3,2,4,4,4
604070666,1,3,3,4,4,4
604070667,1,3,3,2,3,3
604070668,1,3,2,4,3,3
604070669,2,2,2,3,2,2
604070670,1,4,4,4,4,4
604070671,1,3,3,4,4,4
604070672,1,2,2,4,3,4
604070673,1,3,3,3,4,4
604070674,1,3,4,4,4,4
604070675,1,3,2,3,3,3
604070676,2,4,3,4,4,4
604070677,1,3,3,4,4,4
604070678,1,3,3,4,4,4
604070679,2,3,3,4,4,-1
604070680,1,2,3,3,4,4
604070681,1,2,1,2,2,2
604070682,2,3,3,2,3,4
604070683,1,3,3,4,4,4
604070684,1,2,3,4,4,4
604070685,2,1,2,2,2,3
604070686,1,2,4,4,3,4
604070687,1,2,2,3,2,4
604070688,1,3,2,4,4,4
604070689,1,2,2,4,4,4
604070690,1,2,3,4,4,4
604070691,1,2,2,2,4,4
604070692,1,3,3,4,3,4
604070693,1,2,2,4,4,4
604070694,1,3,3,4,3,4
604070695,3,4,3,4,4,4
604070696,1,3,2,4,4,4
604070697,1,4,3,4,3,4
604070698,1,3,3,3,2,3
604070699,2,2,3,3,2,4
604070700,3,4,4,4,2,4
604070701,1,2,3,3,3,3
604070702,1,2,4,4,3,4
604070703,2,2,2,2,2,2
604070704,1,4,4,3,4,4
604070705,1,3,3,4,3,3
604070706,3,4,4,4,4,4
604070707,3,4,2,4,4,4
604070708,2,3,3,4,4,4
604070709,3,2,4,4,4,4
604070710,1,2,2,3,3,3
604070711,2,3,3,4,3,4
604070712,2,3,3,4,3,4
604070713,1,4,2,2,1,3
604070714,1,3,2,4,3,4
604070715,1,4,4,4,2,3
604070716,1,2,3,3,2,3
604070717,3,3,3,4,4,4
604070718,3,4,-2,-2,-1,-1
604070719,1,4,4,4,3,3
604070720,-2,3,3,3,3,4
604070721,3,3,3,4,4,4
604070722,1,2,2,4,2,4
604070723,4,4,3,4,3,4
604070724,2,3,4,4,3,4
604070725,3,4,4,4,4,4
604070726,1,2,3,4,2,2
604070727,2,3,3,3,3,3
604070728,1,3,3,3,3,3
604070729,1,3,2,3,2,3
604070730,2,3,3,4,3,4
604070731,1,2,2,4,2,2
604070732,2,4,2,2,2,2
604070733,1,2,3,4,2,2
604070734,1,3,2,4,3,-1
604070735,1,3,2,3,2,3
604070736,1,4,4,4,4,4
604070737,1,2,3,3,3,3
604070738,1,3,2,3,3,3
604070739,1,3,3,4,4,4
604070740,1,3,4,4,4,4
604070741,1,2,3,4,2,3
604070742,1,2,3,4,2,4
604070743,1,2,2,3,3,3
604070744,1,2,2,3,2,3
604070745,1,2,3,4,3,3
604070746,1,2,2,3,3,2
604070747,1,3,2,3,2,2
604070748,1,2,2,3,3,2
604070749,2,-1,4,2,3,4
604070750,1,2,1,4,3,3
604070751,1,4,4,4,3,3
604070752,1,3,4,4,4,4
604070753,2,3,3,3,3,4
604070754,1,2,4,3,3,2
604070755,1,4,4,4,4,4
604070756,1,3,3,3,3,3
604070757,1,3,3,3,3,3
604070758,1,3,1,3,2,2
604070759,1,3,3,3,3,3
604070760,1,2,1,4,4,4
604070761,2,3,2,3,4,3
604070762,3,2,3,3,2,2
604070763,1,2,1,1,2,4
604070764,2,1,2,3,4,2
604070765,2,3,4,3,4,3
604070766,2,4,4,4,4,4
604070767,1,3,4,3,4,4
604070768,1,2,3,-1,3,3
604070769,1,4,4,4,4,4
604070770,2,2,2,2,2,2
604070771,1,2,3,4,4,4
604070772,1,3,3,4,3,4
604070773,1,2,3,3,3,3
604070774,1,4,4,4,4,4
604070775,1,2,3,3,3,4
604070776,3,4,4,4,4,4
604070777,1,2,2,3,3,4
604070778,1,2,3,4,3,3
604070779,1,3,3,4,3,3
604070780,1,3,3,4,3,3
604070781,1,4,3,3,2,3
604070782,1,4,4,3,4,4
604070783,1,3,3,3,3,3
604070784,1,3,3,3,3,4
604070785,1,3,3,3,3,3
604070786,1,2,2,2,2,3
604070787,1,2,2,3,3,2
604070788,1,2,3,3,3,3
604070789,1,3,3,3,3,3
604070790,1,2,3,3,2,3
604070791,1,2,3,3,-1,2
604070792,1,2,1,4,4,4
604070793,1,3,3,4,3,3
604070794,1,3,2,3,4,4
604070795,1,4,4,2,2,4
604070796,1,4,4,4,4,4
604070797,1,3,3,3,3,3
604070798,1,2,2,4,3,3
604070799,2,2,4,4,4,3
604070800,1,2,1,4,2,2
604070801,1,1,2,3,3,3
604070802,2,4,4,4,4,4
604070803,3,3,3,4,4,4
604070804,3,4,3,4,4,4
604070805,1,2,2,3,3,3
604070806,3,4,4,4,4,3
604070807,2,3,3,4,3,4
604070808,2,2,2,4,4,4
604070809,1,3,3,4,3,3
604070810,2,3,3,4,4,4
604070811,1,2,3,4,2,4
604070812,1,2,4,4,4,4
604070813,1,3,1,2,4,4
604070814,1,2,2,3,3,3
604070815,1,3,3,4,1,3
604070816,2,4,4,4,4,4
604070817,1,2,2,4,2,3
604070818,2,4,3,4,4,4
604070819,3,3,3,4,3,4
604070820,1,2,3,4,3,3
604070821,1,3,2,4,3,3
604070822,1,3,3,3,3,3
604070823,1,1,2,3,1,2
604070824,1,2,1,4,3,3
604070825,1,1,1,-1,-1,3
604070826,1,1,1,2,1,2
604070827,1,2,2,3,2,3
604070828,1,2,3,4,4,4
604070829,1,3,3,4,4,4
604070830,1,2,1,4,2,2
604070831,1,3,3,3,3,3
604070832,1,1,3,3,2,3
604070833,1,4,4,4,4,4
604070834,1,3,3,4,4,4
604070835,1,3,3,2,3,4
604070836,1,1,2,4,3,4
604070837,1,3,3,4,3,4
604070838,1,2,2,3,2,2
604070839,1,4,4,4,4,4
604070840,1,4,3,3,3,4
604070841,1,4,3,4,3,4
604070842,1,4,3,4,3,4
604070843,1,3,3,4,3,3
604070844,1,4,3,4,3,4
604070845,4,4,3,3,2,4
604070846,1,2,2,4,4,4
604070847,1,2,4,4,3,3
604070848,1,3,3,4,2,4
604070849,1,3,3,3,3,4
604070850,1,3,2,4,2,4
604070851,1,4,3,4,3,4
604070852,2,4,2,4,2,2
604070853,1,3,3,3,3,3
604070854,1,2,2,3,2,3
604070855,3,4,3,4,3,3
604070856,1,3,3,3,3,4
604070857,1,3,3,3,3,3
604070858,2,4,-1,-1,-1,-1
604070859,1,4,3,4,3,4
604070860,1,3,3,4,3,4
604070861,1,3,3,4,4,4
604070862,1,3,3,4,3,3
604070863,1,3,1,4,3,-1
604070864,1,1,3,3,4,4
604070865,1,2,2,2,2,2
604070866,1,3,3,4,3,4
604070867,1,2,3,4,3,3
604070868,1,2,3,4,3,3
604070869,1,3,3,4,4,4
604070870,2,3,2,4,4,4
604070871,3,4,4,4,4,4
604070872,3,3,3,4,3,4
604070873,1,4,3,4,3,4
604070874,1,3,3,4,3,4
604070875,1,3,3,4,3,4
604070876,1,4,4,4,4,2
604070877,1,4,3,4,3,4
604070878,2,4,3,4,3,3
604070879,1,2,1,2,2,3
604070880,1,3,3,3,3,4
604070881,1,3,4,4,4,3
604070882,1,3,3,4,3,4
604070883,1,3,4,4,4,3
604070884,1,3,2,4,4,4
604070885,2,3,2,4,3,4
604070886,1,2,3,3,3,4
604070887,1,2,4,4,4,4
604070888,1,3,3,4,4,4
604070889,1,4,4,4,4,4
604070890,1,3,3,3,3,4
604070891,2,4,4,4,4,4
604070892,1,3,3,4,3,3
604070893,3,4,4,4,3,4
604070894,1,2,3,4,2,4
604070895,1,3,3,3,3,3
604070896,1,4,3,3,2,3
604070897,1,2,2,4,1,4
604070898,2,4,4,4,4,4
604070899,2,4,4,4,4,4
604070900,1,2,2,4,4,4
604070901,1,2,2,4,2,2
604070902,1,4,2,3,3,4
604070903,1,4,3,4,3,4
604070904,1,3,3,4,3,4
604070905,3,2,2,3,2,3
604070906,1,2,2,2,2,2
604070907,1,2,2,4,2,3
604070908,1,2,2,4,3,4
604070909,1,2,2,3,2,3
604070910,1,2,2,3,3,4
604070911,1,3,3,4,3,2
604070912,1,3,3,4,4,4
604070913,1,3,3,3,3,4
604070914,1,3,2,4,2,2
604070915,2,3,3,3,3,4
604070916,1,2,2,3,3,3
604070917,2,2,3,4,4,4
604070918,3,2,4,4,2,4
604070919,1,2,3,4,2,3
604070920,1,3,3,4,3,3
604070921,1,4,4,4,2,4
604070922,1,3,3,4,4,4
604070923,1,4,3,4,4,4
604070924,1,3,1,4,3,4
604070925,1,3,3,4,4,4
604070926,4,4,4,4,4,4
604070927,4,4,4,4,4,4
604070928,3,3,3,4,4,4
604070929,1,1,4,4,4,4
604070930,1,4,4,4,2,4
604070931,1,2,2,4,4,4
604070932,3,4,3,4,3,4
604070933,2,3,3,4,3,4
604070934,1,3,3,4,4,4
604070935,2,4,3,4,3,3
604070936,1,3,3,3,3,3
604070937,1,3,3,3,3,3
604070938,1,3,2,2,2,2
604070939,1,3,3,4,4,3
604070940,1,3,3,4,3,3
604070941,1,3,2,3,3,3
604070942,1,4,2,4,3,4
604070943,1,3,3,4,2,2
604070944,1,3,2,4,3,3
604070945,1,2,2,4,4,4
604070946,1,3,3,3,3,3
604070947,1,3,2,4,3,3
604070948,1,2,2,4,-1,-1
604070949,1,3,3,4,3,3
604070950,2,3,3,4,4,4
604070951,1,3,3,4,1,3
604070952,1,3,1,4,2,2
604070953,1,4,2,4,4,4
604070954,1,4,4,4,4,4
604070955,1,4,2,4,4,4
604070956,1,1,3,4,3,3
604070957,4,4,4,4,4,4
604070958,1,3,3,4,4,4
604070959,1,3,1,4,4,4
604070960,1,4,2,4,4,4
604070961,1,4,2,4,4,4
604070962,1,1,1,4,4,4
604070963,1,3,3,4,3,3
604070964,2,4,4,4,4,4
604070965,1,4,4,4,4,4
604070966,4,4,4,4,4,4
604070967,1,1,3,4,1,4
604070968,3,3,3,3,3,3
604070969,1,4,4,4,4,4
604070970,1,4,4,4,4,4
604070971,1,2,2,2,2,2
604070972,1,4,3,3,3,4
604070973,2,3,3,3,3,3
604070974,3,3,2,3,3,3
604070975,1,3,3,4,2,4
604070976,1,4,3,4,4,4
604070977,1,2,3,3,4,4
604070978,1,3,3,3,3,-1
604070979,1,4,3,3,3,3
604070980,1,3,3,3,3,3
604070981,1,3,2,3,1,3
604070982,1,2,3,4,3,3
604070983,1,3,3,4,4,4
604070984,1,3,3,3,3,3
604070985,1,2,1,2,2,2
604070986,1,3,2,4,3,4
604070987,2,4,2,4,3,4
604070988,1,2,3,4,3,4
604070989,1,2,2,3,3,4
604070990,1,2,3,4,3,4
604070991,4,4,4,4,4,4
604070992,1,3,2,4,3,4
604070993,3,3,3,3,3,3
604070994,1,2,3,3,3,3
604070995,1,3,3,4,4,4
604070996,1,3,3,4,4,4
604070997,1,3,2,4,4,4
604070998,1,3,3,4,3,3
604070999,1,3,3,4,3,3
604071000,1,4,3,4,3,4
604071001,3,3,3,3,3,3
604071002,1,3,3,3,3,3
604071003,1,4,3,4,3,3
604071004,1,3,4,4,3,3
604071005,1,2,2,2,2,2
604071006,3,3,3,4,4,4
604071007,1,2,2,4,3,4
604071008,1,2,2,3,2,4
604071009,1,3,3,4,4,4
604071010,1,4,3,4,3,4
604071011,3,3,2,4,1,3
604071012,1,3,2,3,2,3
604071013,2,3,2,4,4,4
604071014,1,3,2,4,-1,4
604071015,1,3,2,3,2,2
604071016,1,4,3,4,3,3
604071017,1,4,3,3,3,3
604071018,1,3,3,3,3,3
604071019,1,3,4,4,4,4
604071020,2,2,2,4,3,4
604071021,3,3,4,4,4,4
604071022,4,4,4,4,4,4
604071023,3,4,4,4,4,4
604071024,3,3,3,3,3,3
604071025,1,3,3,4,4,4
604071026,3,3,3,3,2,2
604071027,1,3,3,4,4,4
604071028,1,3,3,3,3,3
604071029,1,3,2,3,3,3
604071030,1,3,4,4,2,3
604071031,3,4,4,3,3,3
604071032,2,2,2,4,3,3
604071033,1,3,3,4,3,3
604071034,4,4,1,3,3,3
604071035,1,3,2,4,-1,-1
604071036,1,4,2,4,4,4
604071037,3,4,4,4,3,4
604071038,1,2,2,4,2,4
604071039,1,4,4,4,4,4
604071040,1,4,4,4,4,4
604071041,2,3,3,4,3,3
604071042,1,3,3,4,4,4
604071043,1,2,3,4,4,4
604071044,1,2,2,4,3,4
604071045,1,3,3,3,2,3
604071046,1,2,2,4,-1,4
604071047,1,2,2,4,3,4
604071048,1,4,3,4,4,4
604071049,1,-1,4,4,4,4
604071050,2,4,1,4,4,4
604071051,1,3,3,4,3,4
604071052,1,3,4,4,3,4
604071053,1,3,4,4,3,4
604071054,1,2,4,3,2,4
604071055,1,4,1,3,1,4
604071056,1,3,2,3,3,4
604071057,2,3,4,3,4,4
604071058,1,3,2,4,4,-1
604071059,1,3,2,4,4,4
604071060,1,3,2,3,4,4
604071061,1,2,3,3,3,3
604071062,1,4,4,4,4,4
604071063,3,3,4,4,4,4
604071064,2,2,2,2,3,4
604071065,3,4,3,4,4,4
604071066,1,1,1,3,1,4
604071067,3,3,4,4,3,3
604071068,4,3,2,4,4,3
604071069,1,3,3,4,4,4
604071070,1,4,4,4,4,4
604071071,1,2,2,2,1,2
604071072,1,3,3,3,3,3
604071073,4,4,4,4,4,4
604071074,1,4,1,3,3,3
604071075,1,4,4,4,4,4
604071076,1,3,3,3,3,3
604071077,1,3,3,4,2,3
604071078,1,2,2,3,4,3
604071079,3,3,1,3,2,2
604071080,1,4,3,4,4,4
604071081,1,3,3,3,3,3
604071082,1,3,3,3,4,4
604071083,1,3,3,3,3,3
604071084,1,3,3,3,3,3
604071085,1,3,3,3,3,3
604071086,1,2,3,3,1,3
604071087,2,3,3,3,3,4
604071088,3,3,1,4,1,1
604071089,2,2,3,4,4,4
604071090,2,3,3,3,3,3
604071091,4,4,4,4,4,4
604071092,1,3,3,3,3,4
604071093,1,3,3,3,4,4
604071094,2,3,3,4,3,3
604071095,1,2,3,4,3,3
604071096,1,2,3,3,2,4
604071097,1,2,1,3,3,4
604071098,1,3,1,4,4,4
604071099,1,3,3,4,3,3
604071100,1,1,1,3,2,4
604071101,1,4,2,4,4,4
604071102,1,3,2,3,2,3
604071103,2,3,3,3,3,4
604071104,1,2,3,3,2,4
604071105,1,3,3,4,3,4
604071106,1,3,3,4,3,4
604071107,3,4,4,4,4,4
604071108,1,3,2,4,4,4
604071109,2,4,3,3,3,4
604071110,3,4,3,4,3,4
604071111,2,3,3,4,1,4
604071112,2,2,4,4,4,4
604071113,1,3,3,4,4,4
604071114,1,3,2,2,4,4
604071115,1,3,3,4,2,4
604071116,3,4,3,4,3,4
604071117,1,4,4,4,4,4
604071118,1,4,4,4,4,4
604071119,1,3,1,4,4,4
604071120,1,3,4,4,4,4
604071121,1,2,2,4,2,2
604071122,3,3,3,4,4,4
604071123,2,4,2,4,3,3
604071124,1,3,1,3,3,3
604071125,2,3,2,4,3,3
604071126,3,4,2,4,2,4
604071127,1,2,1,3,2,3
604071128,2,4,4,4,3,4
604071129,2,3,3,4,3,4
604071130,1,3,3,3,3,3
604071131,1,3,2,2,2,2
604071132,1,2,3,4,4,4
604071133,1,4,4,4,3,4
604071134,1,3,3,4,4,4
604071135,1,2,1,2,2,2
604071136,1,2,1,4,4,4
604071137,1,4,3,4,4,3
604071138,2,4,3,4,3,3
604071139,1,2,3,4,2,2
604071140,2,4,3,4,4,4
604071141,3,4,4,4,4,4
604071142,3,4,4,4,4,4
604071143,1,3,3,4,3,4
604071144,1,4,3,4,3,4
604071145,1,4,3,4,3,4
604071146,3,4,3,4,4,4
604071147,2,3,3,4,3,3
604071148,1,4,3,4,4,4
604071149,2,4,3,4,3,4
604071150,1,3,4,4,3,4
604071151,1,2,2,3,4,4
604071152,1,2,2,3,2,2
604071153,2,3,4,4,4,4
604071154,1,2,3,3,3,3
604071155,1,1,1,3,4,2
604071156,1,3,3,4,3,4
604071157,1,3,3,4,3,4
604071158,2,3,4,4,4,4
604071159,3,4,3,4,4,4
604071160,1,3,3,3,3,4
604071161,1,3,3,4,2,4
604071162,1,2,2,4,3,4
604071163,1,3,3,4,3,4
604071164,2,4,3,3,4,3
604071165,1,4,2,4,2,3
604071166,2,3,1,4,2,3
604071167,2,2,1,3,2,3
604071168,2,2,2,2,2,2
604071169,1,2,2,3,2,3
604071170,1,2,2,2,1,3
604071171,1,4,3,4,4,4
604071172,4,4,4,4,4,4
604071173,3,4,1,4,4,2
604071174,1,1,1,3,3,3
604071175,1,2,4,4,1,4
604071176,1,3,3,3,3,3
604071177,2,3,3,4,3,3
604071178,2,4,3,4,3,4
604071179,1,2,3,4,4,4
604071180,1,3,3,3,3,4
604071181,1,3,3,4,2,1
604071182,1,2,1,4,2,2
604071183,1,3,2,4,-2,-2
604071184,1,3,3,4,4,4
604071185,4,4,4,4,4,4
604071186,1,3,3,3,3,3
604071187,1,2,2,2,2,2
604071188,2,3,3,3,3,3
604071189,3,3,3,3,3,3
604071190,3,3,3,3,3,3
604071191,1,3,3,4,4,4
604071192,1,3,3,3,3,3
604071193,1,3,3,3,3,3
604071194,1,4,3,4,4,4
604071195,3,3,3,2,3,4
604071196,1,3,3,4,4,4
604071197,1,4,2,2,2,2
604071198,1,1,4,4,2,4
604071199,1,4,4,4,3,3
604071200,1,3,2,3,3,4
604071201,2,3,2,3,3,3
604071202,2,3,2,3,3,3
604071203,2,4,3,4,4,3
604071204,2,3,3,3,2,3
604071205,2,2,3,2,2,2
604071206,1,3,3,4,4,4
604071207,2,2,2,3,3,3
604071208,1,2,2,4,4,4
604071209,1,3,3,4,4,3
604071210,1,1,2,2,3,3
604071211,1,2,2,2,2,2
604071212,1,2,2,2,2,2
604071213,1,3,3,3,3,2
604071214,1,3,3,3,4,3
604071215,1,2,2,2,2,2
604071216,2,2,2,2,2,2
604071217,1,3,2,3,3,3
604071218,1,3,2,3,2,3
604071219,1,2,1,3,2,3
604071220,1,2,2,2,2,2
604071221,1,2,2,4,2,3
604071222,1,2,1,3,2,2
604071223,1,4,4,4,4,4
604071224,2,2,2,4,4,4
604071225,1,2,3,3,3,3
604071226,2,2,2,3,3,2
604071227,1,3,3,3,4,4
604071228,2,3,3,4,3,3
604071229,2,3,3,4,4,4
604071230,1,4,2,4,4,4
604071231,1,3,3,4,4,3
604071232,3,4,3,4,4,4
604071233,3,3,3,3,3,4
604071234,1,2,2,3,3,4
604071235,2,3,3,4,3,4
604071236,3,3,3,3,2,3
604071237,1,3,4,4,4,4
604071238,3,4,4,4,4,4
604071239,1,4,4,4,3,4
604071240,2,3,4,4,3,4
604071241,1,4,4,4,4,4
604071242,2,2,2,4,3,4
604071243,1,3,3,4,3,4
604071244,1,3,3,4,2,3
604071245,2,4,4,3,3,4
604071246,1,2,3,3,3,4
604071247,3,4,3,4,3,4
604071248,1,3,4,4,3,4
604071249,1,1,1,3,2,4
604071250,1,4,3,4,4,4
604071251,1,4,3,4,-2,-2
604071252,1,3,2,4,3,3
604071253,1,4,3,4,4,4
604071254,1,3,1,3,4,2
604071255,1,3,2,4,4,4
604071256,1,1,2,4,3,4
604071257,1,3,3,4,2,4
604071258,1,3,3,4,3,3
604071259,1,3,3,4,4,2
604071260,1,4,4,4,4,4
604071261,1,4,3,4,4,4
604071262,3,4,4,4,4,4
604071263,1,3,2,3,2,4
604071264,2,4,2,2,2,3
604071265,1,3,3,3,3,3
604071266,1,1,1,3,4,4
604071267,1,3,2,4,3,4
604071268,1,3,3,4,-1,4
604071269,1,1,2,4,3,3
604071270,1,2,3,4,3,4
604071271,3,3,2,3,4,4
604071272,1,3,3,2,3,3
604071273,1,3,3,3,4,4
604071274,3,4,3,4,1,3
604071275,4,4,2,4,4,4
604071276,1,2,3,3,3,3
604071277,1,2,3,4,4,4
604071278,1,1,4,4,4,4
604071279,1,2,2,3,3,3
604071280,1,3,4,4,4,4
604071281,1,2,3,4,3,4
604071282,1,4,3,4,4,4
604071283,1,4,4,4,4,3
604071284,2,3,3,4,4,4
604071285,2,2,3,4,3,3
604071286,1,2,2,3,2,2
604071287,1,3,3,4,3,3
604071288,2,4,4,4,4,4
604071289,2,2,3,4,4,4
604071290,2,3,3,4,4,4
604071291,1,3,3,4,2,4
604071292,1,3,3,4,3,4
604071293,3,3,3,4,4,4
604071294,1,4,2,3,3,4
604071295,1,4,4,4,4,4
604071296,1,1,3,3,3,3
604071297,1,3,3,3,4,4
604071298,1,3,2,2,2,2
604071299,1,3,3,3,3,3
604071300,1,1,4,4,1,4
604071301,3,3,2,4,4,4
604071302,1,3,4,4,4,4
604071303,1,3,3,3,4,4
604071304,1,3,4,3,2,4
604071305,1,4,3,4,2,3
604071306,1,2,1,4,4,4
604071307,1,2,2,3,4,4
604071308,1,2,2,4,3,3
604071309,1,3,2,3,3,4
604071310,2,2,2,2,3,3
604071311,1,2,3,4,4,4
604071312,1,2,2,4,3,3
604071313,2,3,4,4,4,4
604071314,2,3,3,4,2,4
604071315,2,4,4,4,4,4
604071316,2,4,4,4,4,4
604071317,1,2,2,4,2,2
604071318,1,3,2,4,4,4
604071319,2,2,4,3,2,3
604071320,3,4,4,3,2,2
604071321,1,2,2,3,2,2
604071322,1,3,3,4,4,4
604071323,1,4,3,4,3,4
604071324,1,3,3,4,4,4
604071325,1,2,2,3,3,3
604071326,2,4,4,4,4,4
604071327,1,3,1,3,3,3
604071328,2,3,3,4,4,4
604071329,1,4,2,3,2,2
604071330,2,3,2,3,2,4
604071331,4,3,4,4,2,-1
604071332,2,4,4,4,4,4
604071333,1,2,1,3,3,3
604071334,1,3,3,3,3,3
604071335,1,4,3,3,3,3
604071336,1,4,4,4,4,4
604071337,1,3,4,4,3,4
604071338,1,3,3,4,3,4
604071339,1,2,3,4,3,4
604071340,1,3,4,4,2,2
604071341,1,3,2,3,3,4
604071342,2,2,1,2,3,3
604071343,2,2,3,3,2,3
604071344,1,3,2,4,3,4
604071345,1,4,3,4,3,4
604071346,2,4,3,4,3,4
604071347,1,4,3,4,4,3
604071348,1,3,4,4,3,4
604071349,1,3,2,4,4,4
604071350,1,4,3,4,3,4
604071351,3,4,4,4,4,4
604071352,1,3,2,4,2,4
604071353,1,2,3,4,2,4
604071354,1,2,4,4,4,4
604071355,1,4,4,4,4,4
604071356,2,3,2,4,4,4
604071357,2,3,3,2,2,4
604071358,1,2,3,2,3,3
604071359,1,2,3,3,3,3
604071360,2,3,3,3,4,4
604071361,3,2,2,2,3,4
604071362,2,3,4,4,3,3
604071363,1,3,3,3,4,4
604071364,2,2,3,3,3,3
604071365,1,3,3,3,3,4
604071366,1,3,3,4,3,4
604071367,1,3,3,4,3,4
604071368,1,3,2,3,4,-1
604071369,2,3,-5,4,4,3
604071370,3,3,4,4,3,-1
604071371,3,2,3,3,2,2
604071372,1,3,3,3,3,3
604071373,2,4,3,4,4,4
604071374,2,3,3,4,3,4
604071375,3,2,3,3,2,2
604071376,1,3,3,4,4,4
604071377,1,4,4,4,4,4
604071378,1,2,2,4,4,4
604071379,3,4,4,4,4,4
604071380,1,2,3,4,3,4
604071381,3,4,3,4,3,4
604071382,3,4,4,4,4,4
604071383,1,4,4,4,4,4
604071384,3,4,4,4,4,4
604071385,3,4,4,4,4,4
604071386,1,3,3,3,2,4
604071387,1,3,3,4,3,4
604071388,1,2,3,4,2,3
604071389,3,3,3,4,3,3
604071390,3,4,4,4,3,3
604071391,2,4,4,4,4,4
604071392,1,3,3,4,4,4
604071393,1,2,3,4,3,4
604071394,1,3,3,4,3,3
604071395,1,4,4,4,4,4
604071396,1,3,2,4,3,4
604071397,1,4,4,4,4,4
604071398,1,3,3,4,4,4
604071399,1,3,3,4,3,4
604071400,1,3,2,3,3,3
