D_INTERVIEW,Q33,Q34,Q35,Q36,Q37,Q38,Q39,Q40,Q41
458070001,4,2,3,2,2,2,1,4,5
458070002,2,3,2,2,2,3,1,2,3
458070003,2,1,2,4,2,2,2,2,2
458070004,2,1,2,5,1,1,1,2,2
458070005,2,1,5,5,1,1,1,3,1
458070006,1,1,2,5,2,1,1,1,1
458070007,2,2,3,2,3,3,3,2,3
458070008,4,1,4,5,1,1,1,1,2
458070009,3,1,4,5,2,1,1,1,4
458070010,1,1,2,2,1,2,2,2,2
458070011,1,1,1,2,2,3,2,3,3
458070012,2,3,3,2,1,1,2,1,1
458070013,3,1,4,5,1,1,1,1,2
458070014,2,1,4,4,1,1,2,2,2
458070015,1,4,4,4,2,3,1,2,1
458070016,2,1,3,4,3,2,1,3,2
458070017,1,1,2,5,1,1,1,1,1
458070018,2,1,1,5,1,1,1,1,1
458070019,2,1,4,4,1,1,1,1,1
458070020,1,1,4,4,4,2,2,4,2
458070021,2,1,5,3,2,2,2,2,2
458070022,4,1,4,5,4,2,1,2,2
458070023,1,1,2,5,1,1,1,1,2
458070024,3,1,3,5,2,1,1,1,5
458070025,1,1,1,5,1,1,5,1,1
458070026,1,1,2,5,3,1,1,1,2
458070027,2,2,3,2,2,1,1,1,1
458070028,2,2,4,2,2,2,2,2,2
458070029,4,1,4,4,2,4,1,1,4
458070030,4,1,4,5,3,1,1,2,3
458070031,1,1,3,5,1,1,1,1,1
458070032,1,2,3,3,3,2,2,1,1
458070033,1,1,1,5,1,1,1,1,1
458070034,2,2,2,2,1,1,1,2,2
458070035,2,1,3,2,2,2,1,1,1
458070036,4,4,5,4,3,4,1,1,2
458070037,1,2,2,2,2,2,1,1,2
458070038,2,2,2,2,2,2,1,2,2
458070039,2,2,3,2,3,2,1,1,1
458070040,2,1,3,3,2,2,1,2,1
458070041,1,2,2,2,2,1,1,2,2
458070042,3,1,3,5,2,2,1,2,1
458070043,2,1,3,4,3,2,2,2,3
458070044,1,1,2,5,2,2,1,2,1
458070045,5,1,4,5,1,1,1,1,4
458070046,2,1,3,5,3,2,2,2,2
458070047,1,1,1,5,3,3,1,1,3
458070048,3,3,3,3,3,3,3,3,3
458070049,2,2,1,2,2,2,2,2,2
458070050,2,2,2,2,2,2,1,2,2
458070051,1,1,2,1,2,2,1,2,2
458070052,2,2,2,2,2,1,1,2,2
458070053,2,2,1,2,1,1,1,1,1
458070054,1,1,1,4,2,1,1,1,1
458070055,1,2,2,2,1,1,1,2,2
458070056,2,1,2,4,2,1,1,1,1
458070057,3,1,3,5,3,3,1,1,1
458070058,1,2,1,1,2,1,1,1,2
458070059,1,1,1,4,2,1,1,1,4
458070060,2,3,3,2,3,2,2,3,2
458070061,1,1,1,1,2,2,1,2,2
458070062,3,1,4,2,2,2,1,2,2
458070063,2,2,2,3,2,2,1,2,2
458070064,4,2,3,5,5,1,1,1,2
458070065,2,3,2,1,1,1,3,2,3
458070066,2,3,3,3,2,3,4,4,3
458070067,1,1,2,1,1,2,1,1,1
458070068,2,2,4,5,1,3,2,3,2
458070069,3,1,4,5,2,3,1,2,2
458070070,5,2,5,5,2,2,1,1,2
458070071,4,1,2,5,2,1,3,2,3
458070072,2,1,4,4,2,2,2,2,2
458070073,2,3,4,5,4,1,4,4,2
458070074,4,4,3,3,4,3,3,3,4
458070075,1,1,3,5,2,2,2,2,2
458070076,2,1,4,5,2,1,5,2,5
458070077,5,1,4,5,1,1,1,2,3
458070078,4,1,5,2,1,1,2,1,2
458070079,2,1,2,2,3,2,2,1,2
458070080,2,2,2,4,4,2,2,2,2
458070081,1,2,1,1,2,2,1,3,1
458070082,4,1,4,5,4,1,2,1,2
458070083,2,1,3,3,1,1,2,1,2
458070084,5,1,5,5,4,1,1,2,3
458070085,2,4,3,4,4,3,2,2,3
458070086,3,3,3,3,3,3,2,3,3
458070087,4,3,3,3,3,3,2,2,3
458070088,5,2,5,5,2,2,2,3,3
458070089,5,2,5,5,2,1,3,2,2
458070090,5,1,4,5,2,1,2,4,4
458070091,4,1,5,3,3,2,1,2,2
458070092,2,1,4,2,4,2,2,4,2
458070093,3,4,4,4,2,3,4,3,1
458070094,4,1,4,2,3,1,2,1,2
458070095,4,1,4,4,4,1,1,2,3
458070096,3,3,3,3,3,3,3,3,2
458070097,3,5,4,4,2,2,2,2,2
458070098,3,3,3,3,3,3,3,3,3
458070099,4,1,3,4,1,2,1,2,1
458070100,2,1,4,2,3,1,1,2,2
458070101,2,5,4,2,2,2,2,2,2
458070102,4,5,4,4,2,2,2,2,2
458070103,3,2,2,2,1,3,2,2,2
458070104,1,1,2,1,1,2,1,2,2
458070105,2,1,1,2,3,1,2,3,3
458070106,5,2,4,4,3,2,2,2,2
458070107,4,5,4,5,3,2,1,1,1
458070108,4,2,3,4,2,2,2,2,2
458070109,3,3,3,3,3,3,3,3,3
458070110,1,1,4,4,3,2,1,1,1
458070111,4,1,3,5,3,1,1,1,2
458070112,2,1,3,5,1,2,1,2,5
458070113,2,3,3,2,2,3,1,3,3
458070114,3,3,2,3,3,4,3,2,2
458070115,2,1,2,2,3,2,2,2,2
458070116,3,1,4,4,2,2,1,1,2
458070117,4,4,4,4,3,1,1,1,4
458070118,3,1,5,4,2,2,2,2,2
458070119,2,2,3,2,3,3,2,3,2
458070120,2,2,2,5,3,3,2,2,2
458070121,4,1,5,5,2,1,2,2,3
458070122,5,1,5,3,2,1,1,1,1
458070123,3,1,2,1,1,3,3,1,1
458070124,2,1,2,2,3,2,3,3,2
458070125,4,4,4,4,2,2,1,1,3
458070126,5,5,5,5,3,2,1,1,1
458070127,4,5,5,5,3,2,1,2,2
458070128,2,3,2,3,2,3,3,3,3
458070129,1,2,2,3,3,3,3,2,2
458070130,2,2,3,2,2,2,1,2,2
458070131,2,3,2,2,3,3,2,2,1
458070132,2,2,4,5,3,3,5,2,3
458070133,2,2,3,2,2,3,2,2,2
458070134,3,3,3,3,3,3,2,2,3
458070135,2,3,2,3,3,3,2,3,3
458070136,3,3,3,4,3,3,2,2,3
458070137,5,2,5,5,2,2,3,2,2
458070138,5,5,5,5,2,1,1,1,2
458070139,5,5,5,4,4,1,1,2,3
458070140,5,1,3,5,4,1,2,4,4
458070141,5,5,5,5,4,2,1,2,2
458070142,3,2,2,2,3,2,2,1,2
458070143,2,3,2,2,2,3,2,3,3
458070144,2,2,2,1,2,1,2,2,2
458070145,4,1,4,4,1,1,1,1,5
458070146,2,2,4,5,2,2,2,2,2
458070147,2,2,3,3,3,3,3,3,3
458070148,3,2,3,3,2,3,2,2,2
458070149,3,2,2,3,2,2,2,1,2
458070150,2,2,2,2,2,2,2,2,2
458070151,2,3,3,5,2,3,3,2,3
458070152,1,3,3,3,1,2,3,2,3
458070153,1,1,2,3,2,1,1,1,1
458070154,4,4,5,4,4,4,5,5,4
458070155,2,1,4,4,3,2,2,1,2
458070156,2,2,2,2,2,2,2,2,2
458070157,2,2,2,2,2,2,1,2,2
458070158,2,1,3,2,2,1,1,2,3
458070159,3,3,3,4,2,2,1,2,2
458070160,4,2,4,5,2,2,1,2,1
458070161,4,4,4,4,1,2,4,1,1
458070162,1,1,1,1,1,1,1,1,1
458070163,2,1,1,2,2,2,1,2,2
458070164,2,4,2,4,2,2,1,2,2
458070165,1,2,2,4,2,2,1,2,2
458070166,1,1,1,2,1,2,1,2,2
458070167,1,1,3,5,2,1,1,1,2
458070168,5,4,4,3,3,2,1,2,2
458070169,4,4,4,4,4,4,5,1,4
458070170,1,1,3,4,2,1,1,2,2
458070171,2,1,3,4,2,1,1,1,1
458070172,1,1,4,4,1,1,4,1,1
458070173,2,2,4,4,2,1,4,2,1
458070174,3,2,4,4,2,2,4,2,2
458070175,3,3,3,3,3,3,3,3,3
458070176,2,2,2,3,2,2,3,3,3
458070177,3,3,3,3,3,3,3,3,3
458070178,2,2,4,4,3,3,1,2,2
458070179,3,2,3,2,2,2,3,2,2
458070180,4,4,3,3,2,3,3,4,3
458070181,1,1,3,5,1,1,1,1,1
458070182,2,2,4,4,3,4,2,1,1
458070183,2,2,1,2,1,2,3,2,2
458070184,1,1,4,4,4,2,2,1,1
458070185,1,1,1,2,3,2,1,2,1
458070186,1,2,5,5,5,4,2,2,3
458070187,1,2,2,4,3,3,2,3,3
458070188,2,3,3,2,2,3,4,4,3
458070189,3,2,1,3,3,3,3,2,3
458070190,5,4,4,5,4,4,3,3,5
458070191,2,3,3,4,4,4,5,4,4
458070192,2,2,3,3,3,2,2,2,2
458070193,2,2,1,1,1,2,2,1,1
458070194,1,3,2,4,2,3,2,1,3
458070195,2,2,1,1,1,1,1,1,1
458070196,1,2,3,2,2,1,2,3,3
458070197,2,2,3,3,2,1,2,2,2
458070198,2,3,3,3,3,3,3,3,3
458070199,2,1,2,3,2,2,2,1,3
458070200,2,1,1,3,3,3,2,2,3
458070201,3,3,3,3,3,3,3,3,3
458070202,2,2,3,2,2,3,3,3,2
458070203,1,2,2,3,2,1,2,2,2
458070204,2,1,2,1,2,2,3,2,2
458070205,2,1,4,4,2,2,1,2,2
458070206,1,2,2,2,2,2,1,2,2
458070207,1,1,4,5,2,1,1,2,3
458070208,3,1,4,5,2,1,2,1,1
458070209,1,1,4,2,2,2,2,2,2
458070210,4,1,5,5,2,3,1,1,2
458070211,4,1,5,5,2,1,1,2,3
458070212,1,1,3,3,1,1,1,2,2
458070213,1,1,1,2,2,2,2,2,2
458070214,2,2,3,2,2,2,3,3,3
458070215,2,1,4,5,2,1,2,1,2
458070216,3,1,5,5,2,2,1,1,2
458070217,1,1,2,4,2,2,1,1,2
458070218,1,1,5,5,1,1,1,1,1
458070219,1,1,4,5,2,1,1,1,2
458070220,1,1,2,5,3,1,1,2,1
458070221,2,1,3,2,3,2,1,1,2
458070222,2,2,2,2,2,2,2,2,2
458070223,2,4,2,2,2,2,2,2,4
458070224,1,2,4,3,1,1,3,3,3
458070225,2,1,4,1,1,1,1,1,4
458070226,2,1,4,3,3,2,2,2,2
458070227,2,1,2,4,2,2,1,1,1
458070228,3,2,2,2,2,2,2,2,2
458070229,4,1,5,2,1,1,1,2,5
458070230,2,2,1,1,2,2,2,3,2
458070231,1,1,3,5,3,1,3,2,2
458070232,5,1,4,3,1,1,1,1,1
458070233,1,1,2,5,2,1,3,2,2
458070234,1,1,2,1,2,2,1,1,1
458070235,2,1,4,4,1,1,1,1,2
458070236,1,1,2,5,2,1,2,1,2
458070237,1,2,3,3,2,2,3,3,3
458070238,3,2,2,4,2,2,2,2,3
458070239,1,1,5,5,1,2,1,1,1
458070240,3,1,5,5,1,2,1,2,1
458070241,3,1,5,5,2,1,1,2,2
458070242,4,1,4,2,2,1,1,1,1
458070243,4,1,5,5,2,3,1,1,1
458070244,4,1,5,5,2,1,1,1,2
458070245,4,1,5,5,2,3,1,1,1
458070246,2,1,5,5,3,2,1,1,1
458070247,1,1,3,5,2,1,1,2,3
458070248,2,1,3,3,2,3,3,1,2
458070249,2,1,4,5,1,1,2,1,1
458070250,4,1,4,2,5,1,1,2,4
458070251,1,1,3,5,4,2,2,3,2
458070252,3,2,3,3,2,2,3,3,2
458070253,2,1,4,3,2,2,1,2,2
458070254,4,1,3,5,3,2,2,2,2
458070255,3,3,3,3,3,3,3,3,3
458070256,5,1,4,5,3,1,2,3,3
458070257,5,1,5,5,1,1,3,3,2
458070258,3,3,3,3,3,2,3,3,3
458070259,5,2,3,5,2,2,2,2,2
458070260,5,1,4,5,2,2,1,1,1
458070261,1,1,1,1,1,1,1,1,1
458070262,1,1,1,1,1,1,1,1,1
458070263,1,1,4,5,1,1,2,2,4
458070264,3,1,1,5,1,1,1,1,1
458070265,3,2,3,3,3,3,4,3,3
458070266,1,1,1,2,1,1,2,1,1
458070267,2,1,1,1,1,1,1,1,2
458070268,4,2,2,5,2,2,2,3,2
458070269,5,2,5,5,1,1,1,1,1
458070270,5,1,5,5,2,1,3,3,4
458070271,5,2,5,5,2,1,1,2,3
458070272,3,3,3,3,3,3,2,2,3
458070273,3,3,2,4,3,3,2,2,3
458070274,5,1,3,5,1,1,1,1,1
458070275,2,2,3,3,1,5,3,3,3
458070276,3,1,4,4,1,2,2,2,1
458070277,4,1,2,3,2,1,2,2,2
458070278,3,1,2,5,3,3,1,2,1
458070279,2,1,3,4,2,2,2,2,3
458070280,1,1,3,4,3,3,1,2,2
458070281,1,1,2,5,1,1,1,1,2
458070282,2,1,2,4,2,2,2,2,2
458070283,5,4,4,4,4,2,1,2,2
458070284,1,1,2,2,1,1,1,1,1
458070285,1,1,2,5,1,1,1,1,2
458070286,2,2,2,4,4,2,4,2,2
458070287,2,1,1,1,1,1,1,1,2
458070288,5,1,2,5,1,1,1,1,3
458070289,2,2,4,4,4,2,2,2,2
458070290,1,2,1,5,3,1,3,1,4
458070291,2,1,4,5,2,2,1,2,2
458070292,2,1,3,5,3,1,2,2,2
458070293,2,2,3,4,3,2,2,3,3
458070294,1,2,5,2,3,2,2,2,2
458070295,4,1,5,3,2,1,2,1,1
458070296,5,5,5,5,1,5,5,2,1
458070297,4,1,1,1,2,1,1,1,1
458070298,1,1,2,1,1,2,1,2,1
458070299,5,1,5,3,1,1,1,1,1
458070300,4,1,4,2,2,3,2,2,4
458070301,5,2,1,2,2,1,4,2,2
458070302,3,2,3,2,2,1,1,2,4
458070303,1,2,2,3,2,1,3,1,2
458070304,3,1,5,4,4,2,2,1,2
458070305,4,2,4,2,2,2,2,2,4
458070306,2,1,2,2,3,2,2,2,2
458070307,4,2,2,2,2,1,3,2,5
458070308,2,3,3,3,5,2,1,1,3
458070309,4,1,4,5,1,1,1,1,3
458070310,1,1,4,5,1,1,3,1,1
458070311,2,2,4,5,2,2,2,4,4
458070312,3,2,3,2,2,2,2,2,2
458070313,2,1,4,5,1,1,1,1,2
458070314,2,3,3,1,2,2,3,3,2
458070315,3,1,3,5,1,1,1,1,2
458070316,4,2,4,4,3,2,2,2,3
458070317,4,2,1,1,2,3,2,1,2
458070318,2,1,5,5,4,2,2,2,2
458070319,3,3,4,2,3,3,2,3,3
458070320,1,1,2,5,1,1,1,1,2
458070321,2,2,3,3,1,1,1,1,3
458070322,1,1,2,5,1,1,1,1,2
458070323,3,1,3,3,1,1,1,1,2
458070324,2,2,4,2,2,2,2,2,2
458070325,2,1,2,5,4,2,2,2,2
458070326,1,1,2,5,1,1,1,1,2
458070327,1,1,1,5,1,1,1,1,1
458070328,1,1,2,5,1,1,2,1,2
458070329,1,1,2,5,1,1,1,1,2
458070330,2,1,3,3,2,1,2,2,3
458070331,2,3,2,3,3,2,3,2,2
458070332,2,1,2,5,1,1,1,1,2
458070333,2,1,2,3,2,2,2,2,2
458070334,2,1,3,3,2,2,1,2,2
458070335,2,1,2,4,2,2,3,1,2
458070336,1,1,2,3,2,3,2,2,2
458070337,2,2,3,4,3,2,2,2,2
458070338,1,1,3,5,2,1,1,2,3
458070339,1,1,4,3,2,2,1,2,3
458070340,1,1,4,3,2,2,2,2,2
458070341,4,1,1,4,2,2,1,1,1
458070342,3,2,2,3,3,2,2,2,3
458070343,2,1,4,4,2,2,1,1,1
458070344,3,1,3,5,3,3,2,2,2
458070345,3,1,4,5,2,2,3,3,2
458070346,5,1,3,3,2,2,1,2,2
458070347,3,3,2,2,3,3,2,2,2
458070348,3,2,3,2,3,2,3,3,3
458070349,2,3,2,3,2,3,3,3,4
458070350,3,3,2,5,2,1,2,2,2
458070351,4,1,2,4,4,2,2,2,2
458070352,2,3,4,3,2,3,4,3,3
458070353,2,2,3,2,3,2,3,3,3
458070354,2,3,4,2,3,3,2,4,4
458070355,1,1,3,5,2,1,2,2,2
458070356,3,1,2,1,2,3,2,3,3
458070357,2,1,4,5,2,1,2,1,1
458070358,1,1,4,5,3,1,2,3,3
458070359,3,2,2,1,2,3,3,2,2
458070360,2,3,2,1,3,2,2,3,1
458070361,1,3,2,3,1,2,3,2,2
458070362,2,3,2,3,2,1,3,2,2
458070363,2,3,2,1,3,2,1,2,3
458070364,4,3,3,4,2,3,4,3,2
458070365,3,2,4,3,2,3,3,2,3
458070366,3,2,3,2,4,2,1,1,1
458070367,3,1,4,5,4,3,1,1,3
458070368,2,1,5,4,2,2,2,2,2
458070369,3,1,4,4,2,2,4,1,1
458070370,1,1,1,1,1,1,1,1,1
458070371,2,1,5,3,2,1,1,1,1
458070372,3,1,5,3,3,1,1,2,1
458070373,2,2,4,5,1,2,1,2,2
458070374,2,1,2,5,2,2,2,2,2
458070375,3,3,3,3,3,3,3,3,3
458070376,2,2,1,2,2,2,2,1,2
458070377,1,1,3,4,2,2,1,1,4
458070378,1,1,2,5,2,1,2,3,2
458070379,1,1,4,5,1,1,1,2,2
458070380,1,1,4,5,1,2,1,1,2
458070381,2,3,2,3,3,3,2,3,3
458070382,1,1,4,5,4,2,2,2,2
458070383,1,1,2,5,5,2,1,1,2
458070384,3,1,3,4,2,3,2,2,2
458070385,2,1,4,5,1,3,1,2,2
458070386,3,1,4,4,1,1,1,1,1
458070387,1,1,4,4,1,1,2,1,2
458070388,1,1,1,4,2,1,1,1,1
458070389,2,3,2,2,2,2,2,2,2
458070390,3,1,5,5,1,1,1,1,1
458070391,2,2,2,2,2,2,2,2,2
458070392,1,1,3,4,4,3,2,2,3
458070393,3,2,3,4,1,1,3,2,1
458070394,2,2,4,5,2,2,3,3,2
458070395,2,3,2,3,3,2,2,3,3
458070396,2,2,2,3,3,3,3,3,3
458070397,2,2,1,1,2,2,1,2,2
458070398,2,1,2,3,3,2,2,2,1
458070399,2,3,2,2,3,3,2,2,3
458070400,4,1,2,4,4,2,1,1,2
458070401,5,1,3,3,3,2,2,2,2
458070402,3,1,3,5,2,1,3,2,3
458070403,2,3,3,3,2,3,2,2,3
458070404,3,1,3,3,3,2,2,3,3
458070405,4,1,3,5,4,1,2,3,4
458070406,3,2,2,3,3,3,1,2,3
458070407,3,2,3,3,3,2,3,2,2
458070408,5,2,3,2,4,2,4,2,4
458070409,3,1,3,3,4,2,1,2,2
458070410,2,2,2,3,2,2,2,2,3
458070411,3,3,3,3,3,3,3,3,3
458070412,1,1,4,2,2,2,1,2,2
458070413,2,1,3,4,2,1,1,2,2
458070414,4,2,4,2,3,3,1,2,5
458070415,2,1,3,5,3,2,2,3,3
458070416,2,1,3,3,3,1,2,2,3
458070417,3,1,4,5,2,1,1,1,1
458070418,3,2,3,3,4,2,2,2,2
458070419,3,2,4,4,3,2,2,2,2
458070420,5,1,4,3,2,1,2,2,3
458070421,2,2,4,5,2,2,2,2,2
458070422,4,1,3,3,3,1,2,3,3
458070423,4,2,3,4,3,2,2,3,3
458070424,3,2,3,4,3,2,3,3,3
458070425,1,1,3,4,3,1,1,1,2
458070426,2,1,1,4,2,2,3,2,2
458070427,2,1,4,3,1,1,1,1,1
458070428,3,2,3,3,3,2,2,2,4
458070429,5,1,2,5,5,1,1,1,2
458070430,4,1,3,5,5,2,2,2,2
458070431,3,1,5,2,3,1,3,5,5
458070432,2,1,3,4,2,2,4,2,2
458070433,2,1,3,5,2,1,1,1,2
458070434,3,1,4,3,4,2,2,3,3
458070435,3,3,4,3,3,3,3,3,3
458070436,2,1,2,2,4,2,2,2,2
458070437,1,3,2,3,3,3,2,3,3
458070438,4,1,2,2,5,1,1,3,4
458070439,2,1,2,4,2,1,1,2,2
458070440,3,1,2,3,3,2,2,2,2
458070441,3,3,3,3,3,3,3,3,3
458070442,3,2,3,4,3,2,3,3,3
458070443,2,3,3,2,4,3,3,3,3
458070444,3,1,3,5,3,3,2,2,3
458070445,3,1,4,3,3,2,1,3,4
458070446,2,1,2,2,4,2,2,4,4
458070447,3,3,3,3,3,3,3,3,3
458070448,2,2,2,2,2,2,2,2,2
458070449,3,1,4,3,3,2,4,2,2
458070450,2,1,3,5,1,1,1,1,3
458070451,2,1,3,5,3,1,1,3,2
458070452,3,1,3,3,2,2,4,1,2
458070453,5,2,5,5,3,3,2,3,3
458070454,2,1,5,5,3,2,5,2,4
458070455,1,5,2,5,3,1,1,3,3
458070456,2,1,3,3,2,2,1,2,3
458070457,3,3,4,3,2,2,2,2,2
458070458,4,1,4,3,5,1,1,1,4
458070459,3,1,4,4,3,2,2,2,2
458070460,2,1,2,1,3,2,2,1,2
458070461,5,1,3,2,3,1,2,2,3
458070462,1,1,4,4,3,2,1,3,4
458070463,4,2,3,3,2,2,3,2,4
458070464,1,2,3,4,4,3,2,2,2
458070465,1,1,2,5,4,5,2,3,3
458070466,3,2,4,4,4,2,2,2,4
458070467,3,2,3,4,3,2,2,2,3
458070468,1,1,1,3,2,1,1,1,1
458070469,4,2,2,4,4,2,3,2,2
458070470,4,2,5,2,2,1,2,2,4
458070471,2,1,2,2,2,2,2,1,2
458070472,3,3,3,3,3,3,3,3,3
458070473,5,1,4,3,3,2,1,1,2
458070474,5,1,4,2,4,3,2,4,4
458070475,4,1,4,4,1,1,1,1,4
458070476,1,1,3,4,2,2,1,1,3
458070477,3,2,4,3,2,2,2,2,2
458070478,2,1,1,2,2,1,2,1,1
458070479,4,1,5,4,3,2,1,2,5
458070480,5,1,3,2,1,2,2,3,4
458070481,4,2,4,3,4,4,2,2,4
458070482,2,1,3,3,2,2,2,2,2
458070483,3,2,1,2,2,3,2,1,2
458070484,3,2,2,5,3,2,2,2,2
458070485,2,2,3,4,2,2,2,2,2
458070486,2,2,3,3,2,3,2,2,3
458070487,3,1,4,5,2,1,2,2,2
458070488,1,1,3,5,5,1,1,2,2
458070489,3,1,2,4,2,1,2,2,4
458070490,2,1,2,2,1,2,2,1,1
458070491,3,1,3,3,3,1,2,3,2
458070492,1,1,2,2,1,2,4,2,3
458070493,3,1,4,3,3,3,1,2,2
458070494,3,1,4,4,4,2,1,2,3
458070495,1,1,2,3,3,4,2,3,3
458070496,5,2,4,3,5,2,2,2,4
458070497,4,4,2,3,3,2,2,2,4
458070498,5,1,3,5,2,2,1,2,3
458070499,2,1,4,5,1,1,5,2,3
458070500,3,1,5,5,5,3,5,4,5
458070501,3,1,4,5,2,2,1,2,3
458070502,4,1,5,3,2,1,1,2,1
458070503,5,1,5,5,5,1,1,2,5
458070504,2,2,2,3,4,2,1,1,1
458070505,1,3,3,1,1,1,1,1,5
458070506,1,1,4,5,4,1,1,4,4
458070507,3,2,2,2,1,1,1,3,4
458070508,4,1,4,2,3,2,4,3,2
458070509,3,1,2,2,1,3,1,1,2
458070510,5,1,5,2,5,4,2,3,1
458070511,2,1,1,1,2,2,2,1,1
458070512,5,1,5,5,2,2,1,1,3
458070513,3,2,3,3,3,2,2,2,2
458070514,4,2,2,3,3,3,2,2,4
458070515,4,1,4,3,3,1,2,2,2
458070516,2,2,3,3,2,2,2,2,3
458070517,3,2,3,4,3,2,4,2,3
458070518,2,1,3,5,2,2,2,2,3
458070519,4,2,2,3,3,2,2,2,4
458070520,5,2,3,3,3,3,3,2,4
458070521,2,1,4,3,3,2,3,4,4
458070522,5,2,4,4,4,3,2,2,4
458070523,2,2,3,4,4,3,3,2,2
458070524,1,2,1,2,2,1,1,2,1
458070525,3,1,4,3,3,1,4,2,5
458070526,1,1,3,5,1,1,1,1,1
458070527,2,2,3,4,3,2,3,3,3
458070528,3,1,3,1,3,2,2,2,4
458070529,4,1,3,4,3,2,1,2,3
458070530,3,1,5,1,3,2,3,3,4
458070531,5,2,3,2,3,4,2,2,3
458070532,1,1,2,3,4,3,2,1,1
458070533,3,1,3,3,3,1,2,3,3
458070534,2,2,5,3,3,2,1,1,1
458070535,3,1,4,5,3,2,3,2,2
458070536,5,1,4,3,2,1,1,3,4
458070537,3,3,4,3,5,2,2,3,4
458070538,3,4,4,3,3,1,3,3,5
458070539,1,1,2,2,1,1,2,1,1
458070540,3,2,3,2,3,2,2,3,5
458070541,1,1,2,5,1,2,2,1,2
458070542,3,1,4,3,5,1,4,4,5
458070543,4,1,3,5,2,2,2,2,2
458070544,3,2,2,4,4,2,2,3,3
458070545,4,3,4,5,4,3,1,3,3
458070546,3,1,3,2,4,1,2,2,2
458070547,3,1,4,4,4,2,4,2,2
458070548,3,1,3,5,4,1,1,1,4
458070549,3,2,3,2,2,3,3,3,3
458070550,2,2,3,3,2,2,4,3,3
458070551,3,1,3,2,2,2,2,2,2
458070552,3,2,4,4,3,2,2,2,2
458070553,2,2,3,3,4,4,3,3,3
458070554,3,1,4,2,3,1,1,2,2
458070555,3,1,4,3,2,2,2,2,2
458070556,2,3,2,3,2,2,3,3,2
458070557,2,1,3,5,3,3,4,2,2
458070558,5,1,3,1,5,3,4,3,4
458070559,3,3,3,3,3,2,2,3,3
458070560,4,1,4,2,4,2,2,4,5
458070561,3,2,3,4,3,2,3,3,3
458070562,2,1,2,3,3,2,2,2,2
458070563,4,1,4,4,4,2,1,4,2
458070564,1,3,5,1,2,1,2,2,3
458070565,2,2,3,3,3,3,2,2,2
458070566,4,1,5,3,2,1,1,1,2
458070567,5,2,3,2,5,3,1,3,2
458070568,3,1,3,3,3,3,2,2,3
458070569,3,2,3,2,2,2,3,2,2
458070570,3,2,3,3,3,2,3,2,3
458070571,4,2,3,4,4,2,2,2,3
458070572,5,4,3,3,4,2,4,2,2
458070573,3,2,3,3,3,3,3,3,3
458070574,4,1,2,3,1,1,1,1,4
458070575,2,2,3,4,2,2,2,2,2
458070576,4,1,4,2,3,2,2,3,3
458070577,4,1,2,5,4,1,3,4,5
458070578,4,1,3,3,4,2,2,2,3
458070579,4,2,3,3,3,2,2,2,2
458070580,4,2,4,3,4,3,3,3,3
458070581,3,1,3,5,3,3,1,1,2
458070582,4,2,3,2,3,2,2,1,4
458070583,2,3,3,2,3,3,2,3,3
458070584,2,2,3,3,3,3,2,2,2
458070585,3,1,3,3,3,3,1,2,2
458070586,5,2,4,3,5,3,2,2,3
458070587,4,1,4,3,5,1,4,4,2
458070588,5,5,5,5,3,2,1,5,3
458070589,5,5,3,4,3,1,1,1,3
458070590,5,1,4,3,2,1,1,2,5
458070591,5,2,5,2,5,3,1,2,5
458070592,3,2,2,2,2,2,2,2,3
458070593,4,1,4,3,4,1,1,1,2
458070594,5,1,1,3,5,1,5,5,3
458070595,2,1,3,5,3,1,1,2,5
458070596,2,1,3,3,5,4,5,2,2
458070597,3,2,4,3,2,2,1,1,2
458070598,3,2,3,3,3,2,3,3,4
458070599,5,2,4,3,2,1,4,2,4
458070600,4,2,2,3,4,1,2,2,3
458070601,3,1,4,5,1,2,3,2,2
458070602,4,1,3,3,3,2,2,2,2
458070603,3,1,5,3,2,2,2,1,3
458070604,3,2,3,5,3,1,3,2,3
458070605,2,1,3,3,1,1,2,1,2
458070606,4,2,4,3,3,2,4,2,3
458070607,3,2,4,2,2,1,1,1,1
458070608,3,1,4,3,2,1,1,2,2
458070609,4,4,3,2,4,4,4,4,4
458070610,3,1,3,5,3,1,3,3,3
458070611,3,2,4,5,4,2,5,3,3
458070612,2,1,4,4,3,2,2,2,2
458070613,3,3,3,3,3,3,3,3,3
458070614,2,1,2,3,3,2,3,3,4
458070615,4,1,3,2,3,2,3,2,2
458070616,5,2,4,5,5,3,5,4,5
458070617,4,1,3,3,3,4,1,2,4
458070618,4,1,1,3,1,1,1,1,1
458070619,4,2,4,3,3,3,4,2,3
458070620,3,3,3,3,3,3,3,3,3
458070621,3,2,4,2,2,2,4,2,2
458070622,3,1,3,3,3,3,1,2,3
458070623,4,2,3,3,4,2,2,2,4
458070624,4,3,3,3,2,3,5,2,3
458070625,1,1,5,5,1,1,5,1,2
458070626,5,1,3,5,5,1,3,3,3
458070627,1,2,2,3,2,2,2,2,3
458070628,4,2,4,5,5,1,3,2,5
458070629,2,3,4,3,2,3,3,4,3
458070630,3,3,2,3,3,4,2,2,4
458070631,3,2,3,3,3,1,1,1,1
458070632,4,1,2,3,4,1,1,1,4
458070633,3,1,3,3,3,2,2,2,1
458070634,3,1,3,3,2,1,1,1,3
458070635,3,1,3,4,3,3,4,3,3
458070636,1,1,5,2,2,1,1,2,4
458070637,3,1,4,5,3,1,2,2,4
458070638,3,1,2,5,2,1,1,1,4
458070639,4,1,5,4,2,2,2,2,4
458070640,1,1,2,5,3,1,1,3,2
458070641,4,1,4,2,3,2,2,2,3
458070642,1,2,1,1,2,2,1,2,2
458070643,3,2,4,5,2,2,4,3,2
458070644,1,1,2,4,2,1,1,1,2
458070645,3,1,4,5,3,1,1,2,3
458070646,1,1,1,1,1,1,1,1,1
458070647,1,1,1,2,2,1,1,1,2
458070648,4,2,4,3,3,2,3,2,1
458070649,5,1,1,2,3,1,1,2,2
458070650,2,1,4,5,2,1,4,2,2
458070651,3,2,4,4,3,2,2,2,2
458070652,3,3,3,3,3,3,3,3,3
458070653,3,1,4,2,2,1,1,1,4
458070654,2,1,2,5,2,2,2,2,1
458070655,4,1,2,3,2,2,2,2,2
458070656,5,1,4,3,4,2,2,3,4
458070657,2,1,2,4,4,1,4,2,1
458070658,3,1,3,4,3,2,4,1,1
458070659,3,1,2,2,3,3,2,2,3
458070660,2,3,1,3,3,2,2,1,2
458070661,3,1,3,5,1,1,1,1,1
458070662,4,1,3,3,3,1,3,1,2
458070663,2,2,2,4,2,3,2,3,2
458070664,5,1,3,3,2,1,3,1,3
458070665,3,4,4,5,3,2,2,3,2
458070666,1,2,1,5,2,2,2,2,3
458070667,1,1,3,5,2,1,1,2,2
458070668,3,1,2,5,3,1,2,3,5
458070669,2,4,1,4,2,3,5,2,3
458070670,3,1,2,2,2,1,2,2,2
458070671,2,2,2,2,2,2,2,2,2
458070672,2,2,3,5,2,1,1,2,2
458070673,3,2,2,1,2,3,2,2,2
458070674,1,4,2,3,2,2,2,4,3
458070675,1,2,3,3,2,2,3,3,2
458070676,1,1,2,5,3,3,2,2,3
458070677,3,2,4,4,1,1,2,1,2
458070678,5,1,4,3,2,1,1,2,2
458070679,5,1,5,3,5,1,3,5,5
458070680,2,1,4,3,2,2,4,2,1
458070681,5,1,2,2,4,2,1,3,5
458070682,2,3,4,5,3,2,2,3,3
458070683,2,1,4,4,1,1,1,1,1
458070684,3,2,3,3,2,2,2,2,3
458070685,4,3,3,3,4,4,2,3,3
458070686,2,3,3,2,2,2,3,3,2
458070687,5,1,4,3,3,2,2,2,2
458070688,5,1,2,3,3,2,1,3,1
458070689,3,1,2,3,4,1,2,4,1
458070690,2,2,1,2,1,1,1,1,2
458070691,1,1,2,3,2,2,1,2,1
458070692,2,2,3,1,1,2,3,1,2
458070693,3,3,3,3,3,3,2,2,3
458070694,4,4,4,3,2,2,2,2,4
458070695,3,1,3,5,3,1,3,1,3
458070696,4,3,3,4,2,2,2,2,2
458070697,3,1,3,4,2,2,1,1,3
458070698,1,1,2,1,1,2,2,1,1
458070699,5,2,4,3,4,2,3,4,5
458070700,2,1,2,3,2,3,3,2,3
458070701,3,1,2,2,2,2,2,2,2
458070702,3,1,4,3,3,2,4,1,4
458070703,4,2,4,2,4,2,1,4,4
458070704,3,1,3,3,4,2,1,3,3
458070705,4,1,5,5,2,1,5,2,4
458070706,4,2,4,5,2,1,2,2,4
458070707,3,1,3,5,2,1,1,1,2
458070708,3,1,3,4,4,2,1,3,4
458070709,2,3,3,2,2,2,2,2,3
458070710,4,2,3,4,4,2,2,2,2
458070711,3,2,3,3,2,2,2,2,2
458070712,4,1,4,4,1,1,2,1,1
458070713,2,2,2,2,2,2,2,2,2
458070714,3,3,3,4,3,3,2,3,3
458070715,3,2,2,2,4,2,4,4,1
458070716,4,4,4,2,3,3,3,3,3
458070717,3,2,4,2,3,1,1,3,3
458070718,1,1,1,3,4,1,1,1,3
458070719,1,1,3,5,3,3,1,1,3
458070720,2,2,4,3,2,2,2,2,4
458070721,2,2,3,3,2,2,2,3,3
458070722,5,1,2,3,5,3,5,2,4
458070723,3,3,5,3,2,2,4,2,2
458070724,3,2,4,2,3,2,2,2,3
458070725,4,2,3,3,2,2,2,3,3
458070726,4,4,4,2,3,1,2,2,2
458070727,5,1,5,2,3,3,3,3,5
458070728,2,1,4,2,4,1,1,2,4
458070729,4,2,3,3,4,2,3,3,3
458070730,3,2,4,3,3,3,2,2,4
458070731,2,1,2,5,4,3,2,3,4
458070732,2,1,3,5,2,2,2,2,4
458070733,5,2,5,5,5,2,2,2,5
458070734,2,1,2,3,2,2,1,1,2
458070735,2,1,3,5,2,1,2,1,2
458070736,2,1,2,4,2,2,2,2,2
458070737,4,2,4,3,3,2,2,2,3
458070738,1,1,1,3,2,1,1,3,4
458070739,3,1,3,3,4,4,4,3,4
458070740,5,2,4,3,3,2,2,2,4
458070741,5,1,5,1,4,1,2,4,5
458070742,4,1,4,4,4,1,1,2,4
458070743,3,2,3,3,2,3,1,2,2
458070744,2,1,4,5,3,2,2,3,4
458070745,1,2,1,1,2,2,2,1,1
458070746,3,3,3,3,3,2,2,3,2
458070747,4,2,3,5,3,1,3,2,3
458070748,3,2,2,3,2,2,2,2,2
458070749,4,3,4,3,3,3,3,3,3
458070750,1,1,5,1,3,1,1,3,1
458070751,2,2,2,2,2,2,2,2,2
458070752,2,2,3,3,3,2,3,3,2
458070753,5,1,5,2,5,1,1,2,3
458070754,2,3,2,2,2,2,3,3,3
458070755,1,1,2,3,4,2,1,2,2
458070756,1,1,3,5,1,1,1,4,1
458070757,5,3,4,3,3,2,2,3,4
458070758,3,1,2,5,3,2,2,1,2
458070759,3,1,5,3,4,2,2,2,4
458070760,3,3,3,3,3,3,3,3,3
458070761,1,1,1,5,5,1,1,1,2
458070762,3,1,3,4,3,2,3,3,3
458070763,5,1,4,5,1,1,3,2,2
458070764,2,1,4,5,2,1,2,2,2
458070765,1,2,2,1,2,2,2,3,2
458070766,3,3,3,3,3,3,3,3,3
458070767,2,1,2,3,2,2,2,2,2
458070768,2,2,3,5,3,2,2,2,3
458070769,1,1,2,5,2,2,1,3,3
458070770,1,2,2,2,4,2,1,1,1
458070771,1,1,5,2,2,1,5,2,2
458070772,3,1,4,3,4,2,4,2,4
458070773,3,2,4,5,2,2,1,2,4
458070774,2,1,2,2,1,2,2,2,1
458070775,5,2,5,5,5,5,1,1,1
458070776,2,1,3,5,3,1,1,2,4
458070777,1,1,1,1,1,1,1,1,1
458070778,3,1,4,5,2,2,5,1,4
458070779,4,1,3,3,2,1,4,1,4
458070780,5,2,5,3,1,2,1,1,2
458070781,1,1,4,3,3,1,3,1,3
458070782,2,2,4,4,2,2,2,2,2
458070783,1,2,4,4,2,2,2,1,2
458070784,1,2,3,2,1,2,3,2,1
458070785,1,1,4,3,2,1,1,1,4
458070786,2,2,3,4,5,1,2,5,4
458070787,3,2,4,3,2,2,2,2,4
458070788,1,1,2,4,4,1,2,2,2
458070789,1,1,2,5,3,1,1,1,1
458070790,2,3,2,1,2,2,2,1,1
458070791,5,1,3,3,3,2,2,1,3
458070792,3,1,2,5,1,1,1,1,2
458070793,3,1,2,5,3,1,1,1,3
458070794,1,1,2,3,1,1,1,1,2
458070795,2,1,3,2,2,2,1,1,4
458070796,3,1,5,4,3,1,1,2,3
458070797,1,1,3,5,1,1,3,1,2
458070798,1,1,2,5,1,1,1,2,1
458070799,2,1,4,4,2,2,5,2,2
458070800,1,1,1,5,2,3,2,2,3
458070801,1,1,4,5,3,1,4,3,2
458070802,1,1,3,4,1,1,2,1,2
458070803,2,1,2,3,2,1,1,1,2
458070804,2,1,4,5,2,1,4,1,2
458070805,3,2,4,5,4,1,4,4,3
458070806,5,5,5,5,2,3,4,2,3
458070807,3,3,3,3,3,3,3,3,3
458070808,5,1,4,1,4,2,4,5,4
458070809,3,1,4,3,3,1,1,2,2
458070810,2,1,4,5,1,1,2,1,2
458070811,4,2,4,3,2,1,2,1,3
458070812,3,2,3,4,3,2,3,2,3
458070813,4,1,3,5,3,2,1,1,2
458070814,1,2,3,5,5,1,2,2,2
458070815,5,1,3,1,5,2,3,2,3
458070816,4,1,3,5,3,3,5,2,3
458070817,3,1,4,5,2,1,1,1,4
458070818,2,1,3,1,2,2,5,3,3
458070819,2,1,4,5,4,2,3,2,3
458070820,1,1,4,4,2,2,2,1,1
458070821,4,3,4,3,2,1,2,4,4
458070822,1,1,1,5,1,1,1,1,4
458070823,2,2,3,5,2,1,3,3,2
458070824,3,1,5,2,3,1,3,4,3
458070825,3,1,4,3,2,2,3,2,3
458070826,2,2,3,4,3,3,4,3,4
458070827,2,1,4,5,1,1,2,1,1
458070828,1,2,3,5,1,1,2,1,3
458070829,5,1,5,1,5,1,5,5,5
458070830,2,2,3,3,3,2,3,3,4
458070831,1,1,1,1,1,2,1,1,2
458070832,1,1,3,5,1,1,2,2,3
458070833,2,1,2,4,2,2,1,1,2
458070834,2,1,4,4,2,2,2,1,2
458070835,4,1,4,5,3,1,1,2,3
458070836,3,2,4,4,2,2,2,2,3
458070837,3,2,3,5,3,1,1,3,3
458070838,3,2,2,3,4,3,2,1,2
458070839,3,1,5,5,2,1,1,1,3
458070840,3,2,4,3,2,3,2,2,2
458070841,1,1,1,5,2,2,1,1,2
458070842,2,1,3,5,2,2,2,2,1
458070843,5,1,5,5,3,3,1,1,1
458070844,1,2,4,3,1,1,4,3,4
458070845,2,2,2,4,3,1,1,2,3
458070846,2,1,4,5,2,2,3,2,3
458070847,4,1,3,3,2,1,1,2,4
458070848,3,3,3,3,3,3,3,3,3
458070849,3,2,2,4,2,2,3,3,2
458070850,2,1,2,4,2,2,2,2,2
458070851,5,1,2,5,3,1,1,2,1
458070852,1,1,3,5,1,1,1,1,3
458070853,1,1,3,5,1,1,2,1,3
458070854,1,1,1,5,2,1,1,1,3
458070855,4,1,3,5,2,3,3,1,2
458070856,3,1,1,5,1,1,1,1,3
458070857,1,2,3,5,2,2,2,2,4
458070858,1,1,3,5,1,1,2,1,1
458070859,3,2,3,3,3,1,1,1,3
458070860,4,1,4,3,1,1,1,1,2
458070861,1,1,5,5,2,2,2,2,3
458070862,3,1,5,3,3,1,3,3,4
458070863,4,2,3,3,4,2,2,2,3
458070864,4,2,3,3,2,1,2,3,2
458070865,1,1,1,5,2,1,1,1,2
458070866,5,1,5,4,4,2,3,1,5
458070867,2,2,2,2,2,2,2,2,2
458070868,2,1,3,3,3,1,4,5,4
458070869,3,1,3,5,3,2,1,1,2
458070870,3,1,3,5,2,2,1,1,1
458070871,1,1,2,5,3,1,2,2,3
458070872,3,2,1,4,2,2,2,1,1
458070873,2,1,3,5,2,2,2,2,2
458070874,4,2,4,4,2,2,2,2,2
458070875,1,1,1,5,2,1,5,4,4
458070876,1,1,4,5,1,1,1,1,1
458070877,3,1,4,3,3,2,4,2,3
458070878,3,1,5,5,5,3,3,3,3
458070879,2,1,4,5,3,2,1,2,2
458070880,3,3,3,3,3,3,3,3,3
458070881,2,2,3,5,2,1,4,2,4
458070882,5,2,4,3,3,2,2,2,4
458070883,5,1,4,5,3,1,1,2,2
458070884,2,2,2,2,2,2,2,2,2
458070885,3,1,5,5,3,1,3,1,1
458070886,5,2,4,4,4,3,2,3,5
458070887,2,2,2,2,2,2,2,2,2
458070888,3,3,3,3,3,3,3,3,3
458070889,2,3,2,3,2,3,2,3,2
458070890,1,1,5,5,2,1,1,1,1
458070891,2,1,2,5,2,2,1,2,2
458070892,3,3,4,3,2,1,2,1,2
458070893,2,2,2,4,4,3,2,2,2
458070894,2,1,3,4,2,3,2,2,2
458070895,5,2,3,1,5,2,3,1,3
458070896,2,1,4,5,1,1,1,1,2
458070897,2,1,4,3,3,2,2,2,3
458070898,2,2,2,2,1,2,1,3,2
458070899,1,1,3,5,3,2,2,1,2
458070900,1,1,1,2,2,1,1,1,1
458070901,4,1,3,2,5,1,1,2,2
458070902,4,1,4,3,5,1,1,2,3
458070903,3,2,2,5,2,2,2,2,2
458070904,3,2,4,2,3,2,1,2,4
458070905,1,2,2,2,2,2,2,2,2
458070906,3,2,5,3,2,1,1,1,4
458070907,2,1,3,5,2,2,2,2,3
458070908,1,2,2,4,2,2,1,2,4
458070909,3,1,4,3,3,2,3,3,3
458070910,2,1,4,5,4,3,2,2,2
458070911,2,2,2,5,3,2,2,2,2
458070912,3,4,4,3,2,2,3,2,2
458070913,1,1,1,4,1,5,1,1,5
458070914,1,1,3,4,3,2,3,2,1
458070915,4,5,4,5,2,1,2,3,4
458070916,1,1,3,4,2,2,1,1,4
458070917,2,1,2,5,3,2,1,1,2
458070918,1,1,5,5,2,2,2,2,2
458070919,3,1,3,2,2,2,3,3,2
458070920,2,1,3,3,3,3,3,3,3
458070921,1,1,3,5,2,1,1,2,4
458070922,2,2,4,4,3,2,2,2,2
458070923,1,1,2,5,2,2,3,2,3
458070924,3,1,3,1,2,1,4,2,4
458070925,2,1,1,4,2,2,1,1,2
458070926,3,1,3,3,3,2,2,2,3
458070927,5,3,5,3,3,2,2,2,4
458070928,3,2,3,5,3,1,2,1,2
458070929,5,3,4,2,5,3,3,3,3
458070930,1,2,3,2,2,1,1,2,3
458070931,3,1,5,5,3,2,2,3,1
458070932,4,3,4,3,3,2,3,2,4
458070933,3,1,3,5,2,1,2,2,3
458070934,4,2,3,3,2,2,3,3,3
458070935,4,1,3,4,2,1,2,1,4
458070936,1,1,1,1,1,1,1,1,2
458070937,4,1,4,4,2,2,1,2,4
458070938,2,1,3,4,1,2,3,2,2
458070939,2,2,3,4,2,2,3,2,3
458070940,2,2,3,4,2,2,2,2,2
458070941,4,2,2,5,2,2,1,1,3
458070942,1,1,2,5,3,2,2,3,3
458070943,2,1,2,5,4,1,2,3,4
458070944,5,1,3,1,5,2,1,3,5
458070945,2,1,3,5,1,1,1,1,1
458070946,2,2,4,4,2,2,2,2,2
458070947,2,2,4,2,4,2,4,4,4
458070948,2,2,3,4,3,3,4,3,4
458070949,1,1,1,5,5,2,1,1,4
458070950,2,2,3,3,3,2,3,3,3
458070951,1,2,2,4,1,2,1,2,2
458070952,2,2,3,5,2,1,3,2,2
458070953,1,1,4,3,1,2,2,2,2
458070954,1,1,2,5,1,4,1,1,4
458070955,4,1,5,2,2,1,1,3,5
458070956,3,1,4,4,4,1,4,1,1
458070957,1,1,2,3,2,1,2,1,1
458070958,3,2,4,3,4,1,3,3,5
458070959,1,1,5,5,3,1,3,2,1
458070960,1,1,2,4,2,2,1,1,4
458070961,3,1,2,3,3,1,2,1,3
458070962,3,1,5,3,5,1,1,3,4
458070963,1,1,3,5,3,1,1,1,2
458070964,2,1,3,5,1,1,1,1,1
458070965,5,1,5,1,5,1,1,1,1
458070966,3,2,3,3,3,2,2,2,3
458070967,4,2,4,3,4,2,2,2,2
458070968,3,1,4,2,2,1,2,2,3
458070969,1,1,2,2,2,2,1,2,1
458070970,3,1,3,5,1,1,1,1,3
458070971,4,1,5,5,5,2,2,5,3
458070972,3,1,5,3,3,2,1,2,3
458070973,5,1,5,5,4,1,1,1,4
458070974,2,1,1,2,1,1,1,1,2
458070975,3,3,3,3,3,3,3,3,3
458070976,1,2,1,3,4,2,4,1,5
458070977,1,1,1,4,1,1,1,1,1
458070978,1,1,3,4,1,1,1,1,1
458070979,4,1,3,5,4,1,1,2,1
458070980,1,1,3,3,2,1,1,1,1
458070981,1,1,2,3,2,2,3,3,3
458070982,2,1,2,2,1,2,2,2,2
458070983,1,1,3,2,3,1,1,1,3
458070984,3,1,2,3,2,1,1,2,4
458070985,3,1,2,4,1,1,1,1,2
458070986,3,4,4,5,2,2,1,1,4
458070987,2,1,3,5,3,1,1,2,1
458070988,4,1,4,4,4,4,3,1,1
458070989,4,1,4,3,1,1,3,1,4
458070990,3,3,4,4,4,2,2,2,2
458070991,4,1,3,3,3,3,1,2,2
458070992,4,1,4,2,2,2,3,4,5
458070993,1,1,4,4,2,1,2,2,2
458070994,1,2,1,1,1,1,3,1,1
458070995,4,1,4,2,4,2,3,4,5
458070996,2,1,3,5,1,1,1,1,3
458070997,1,1,5,5,1,1,1,1,1
458070998,3,1,4,5,5,2,2,2,4
458070999,1,1,2,4,4,2,2,2,3
458071000,1,1,1,5,1,1,1,1,1
458071001,5,5,5,1,5,2,3,1,2
458071002,4,1,4,5,1,1,2,2,2
458071003,4,2,2,3,3,2,2,2,2
458071004,4,1,5,5,1,1,1,1,5
458071005,1,1,3,3,4,4,1,1,1
458071006,3,2,3,3,2,3,2,2,2
458071007,4,1,4,4,4,4,4,2,4
458071008,2,2,2,5,2,2,1,2,2
458071009,3,2,4,4,3,1,3,2,4
458071010,5,2,2,2,2,2,5,2,3
458071011,2,1,3,4,3,2,2,2,2
458071012,2,1,4,5,1,1,2,2,3
458071013,5,1,3,2,3,1,1,1,1
458071014,1,1,2,3,2,2,1,2,2
458071015,1,1,3,5,1,1,2,1,2
458071016,4,2,4,3,2,2,2,1,1
458071017,1,1,3,5,1,1,1,1,1
458071018,2,3,3,2,1,2,3,2,3
458071019,1,1,3,3,2,1,3,3,4
458071020,3,3,3,3,3,3,3,3,3
458071021,4,2,3,3,4,2,3,3,4
458071022,3,1,3,4,4,1,1,3,4
458071023,1,1,1,2,1,2,1,2,2
458071024,4,1,3,5,3,1,2,2,1
458071025,5,1,4,4,2,1,1,1,3
458071026,2,1,2,5,2,1,2,2,3
458071027,4,1,2,4,4,2,3,3,2
458071028,3,2,3,5,3,2,4,2,4
458071029,5,1,4,2,4,1,2,2,2
458071030,2,1,2,5,3,2,2,1,1
458071031,2,3,4,4,4,3,2,2,2
458071032,3,1,3,3,3,1,1,1,4
458071033,3,2,3,4,2,2,2,2,4
458071034,2,1,3,4,2,1,2,1,3
458071035,4,1,4,5,1,1,2,1,1
458071036,2,2,3,4,3,1,3,2,3
458071037,2,2,3,5,3,2,2,1,3
458071038,2,1,3,5,5,2,2,3,3
458071039,1,1,3,5,1,3,3,1,2
458071040,2,1,2,4,2,2,2,2,2
458071041,4,5,5,2,3,3,2,3,5
458071042,3,1,3,3,3,3,2,2,4
458071043,4,1,5,4,4,1,1,2,1
458071044,3,1,3,3,3,3,4,4,5
458071045,3,1,4,5,2,1,2,2,1
458071046,5,1,5,3,1,1,3,2,4
458071047,3,1,4,5,1,1,1,1,3
458071048,1,1,1,5,2,1,1,5,4
458071049,3,2,3,4,2,2,3,2,2
458071050,5,5,5,1,2,1,1,1,4
458071051,2,1,4,4,1,1,3,1,4
458071052,1,1,2,2,1,1,1,1,1
458071053,4,1,2,2,3,1,4,2,4
458071054,4,3,5,5,3,3,2,3,4
458071055,3,1,4,5,3,2,2,1,3
458071056,5,2,4,3,3,2,2,3,4
458071057,3,1,2,3,2,2,1,2,1
458071058,3,4,3,2,3,2,2,3,3
458071059,2,2,4,4,4,1,4,2,2
458071060,2,1,4,5,3,1,3,3,3
458071061,3,1,4,5,1,3,1,1,3
458071062,3,3,3,3,3,3,3,3,3
458071063,5,1,5,5,1,1,1,1,1
458071064,4,1,4,1,3,2,1,3,3
458071065,2,1,3,5,3,1,1,1,3
458071066,2,3,3,3,2,2,2,2,2
458071067,1,1,2,2,3,3,2,2,1
458071068,3,3,3,4,2,2,2,2,3
458071069,3,1,3,3,3,3,2,2,4
458071070,4,1,2,3,4,1,1,1,1
458071071,1,1,3,5,2,2,1,2,1
458071072,4,1,3,4,2,1,1,1,1
458071073,5,1,5,5,3,1,3,2,3
458071074,4,2,3,4,3,2,1,2,3
458071075,3,1,5,5,2,1,1,1,4
458071076,2,1,3,5,3,3,1,1,3
458071077,2,5,5,4,4,4,2,2,4
458071078,1,1,2,4,1,1,1,1,1
458071079,4,2,2,4,2,1,1,2,3
458071080,2,1,5,5,1,1,4,2,2
458071081,4,2,3,3,3,2,2,2,4
458071082,1,1,3,5,2,1,2,1,1
458071083,1,1,3,5,2,2,2,1,1
458071084,4,2,2,5,4,2,2,2,4
458071085,1,1,4,5,1,1,1,1,4
458071086,4,1,4,2,4,2,3,2,2
458071087,3,1,3,5,2,2,3,2,2
458071088,2,1,3,5,2,2,1,2,2
458071089,3,1,2,5,1,2,5,1,3
458071090,4,1,3,5,3,2,3,4,3
458071091,3,3,3,3,3,3,3,3,3
458071092,4,2,4,4,2,1,4,1,1
458071093,2,1,3,4,2,2,4,3,2
458071094,2,2,4,5,1,1,4,2,2
458071095,3,1,4,5,3,2,4,3,3
458071096,2,1,4,3,3,2,4,4,3
458071097,3,1,3,2,2,1,1,1,3
458071098,2,1,2,5,2,2,1,1,2
458071099,2,1,4,5,1,4,1,1,2
458071100,1,1,5,5,2,1,2,2,4
458071101,1,1,2,5,5,1,1,1,1
458071102,3,3,3,3,3,3,3,3,3
458071103,4,1,4,5,3,2,2,2,4
458071104,1,2,1,2,1,2,1,2,2
458071105,2,1,1,3,2,2,1,2,3
458071106,2,3,4,4,3,2,3,3,2
458071107,5,1,5,3,2,2,2,2,3
458071108,2,2,4,5,4,1,1,3,1
458071109,5,2,3,3,4,2,2,3,3
458071110,2,1,2,5,2,1,4,2,2
458071111,5,1,4,5,2,1,1,1,4
458071112,3,3,2,3,2,2,2,2,2
458071113,4,1,3,4,1,1,3,1,1
458071114,5,5,5,3,3,1,1,3,5
458071115,4,1,3,5,3,1,1,1,2
458071116,3,1,4,4,2,2,2,2,1
458071117,1,1,2,5,3,1,1,1,1
458071118,3,1,4,5,2,2,4,2,4
458071119,4,1,4,3,3,2,1,1,4
458071120,3,3,3,3,3,3,3,3,3
458071121,4,1,4,3,3,2,2,3,2
458071122,1,1,1,1,1,1,1,1,1
458071123,2,1,5,5,2,1,3,2,2
458071124,2,1,3,4,4,2,2,2,2
458071125,3,1,3,4,1,1,1,1,1
458071126,4,1,4,5,2,1,2,1,4
458071127,4,2,3,4,4,2,3,4,4
458071128,4,1,2,4,3,1,1,2,4
458071129,3,2,3,4,3,2,4,2,2
458071130,2,1,2,3,2,2,3,2,1
458071131,3,1,4,5,3,2,1,2,3
458071132,4,1,4,4,2,1,1,1,4
458071133,4,1,3,4,5,1,2,3,5
458071134,1,1,1,5,1,1,1,2,1
458071135,4,1,4,4,1,1,1,1,5
458071136,2,1,4,5,2,2,4,3,2
458071137,2,2,2,4,4,3,2,2,2
458071138,1,1,3,5,1,1,4,2,2
458071139,1,1,3,1,1,1,1,1,1
458071140,2,1,3,5,2,1,2,1,2
458071141,3,2,4,5,4,2,3,3,3
458071142,2,2,3,2,3,2,2,2,4
458071143,5,1,3,5,3,2,5,2,5
458071144,4,1,4,5,5,2,2,4,2
458071145,2,1,3,4,2,1,2,2,1
458071146,2,1,2,5,2,3,1,1,4
458071147,4,1,4,2,2,1,1,1,3
458071148,3,1,3,4,1,1,1,1,1
458071149,4,2,4,5,2,3,5,3,4
458071150,1,1,3,5,2,1,1,1,4
458071151,5,1,2,3,4,2,4,4,2
458071152,4,2,4,3,2,2,2,2,2
458071153,2,1,3,5,2,1,2,2,3
458071154,3,2,2,3,2,3,2,3,3
458071155,4,1,3,4,2,2,2,2,2
458071156,3,1,3,3,3,1,3,2,3
458071157,1,1,2,3,1,1,5,1,2
458071158,5,1,4,5,2,1,4,1,4
458071159,5,3,5,3,4,3,4,3,4
458071160,5,1,2,3,1,1,1,1,1
458071161,4,1,3,5,3,3,2,1,4
458071162,2,2,2,4,2,2,1,2,2
458071163,1,1,2,4,1,3,2,1,3
458071164,2,1,4,4,3,3,2,3,2
458071165,4,2,4,2,4,2,1,2,2
458071166,4,2,4,5,2,2,4,2,3
458071167,2,1,2,3,2,1,1,1,1
458071168,3,2,3,5,3,1,2,2,2
458071169,4,1,2,5,2,1,1,1,1
458071170,1,1,1,1,1,1,1,1,1
458071171,1,1,3,4,2,1,2,1,1
458071172,4,1,4,1,2,2,2,1,4
458071173,4,2,4,5,3,1,1,3,4
458071174,5,2,4,3,3,2,1,2,2
458071175,1,1,1,3,1,2,2,2,5
458071176,4,1,3,5,1,1,1,1,1
458071177,3,2,3,4,2,2,3,2,4
458071178,2,1,4,4,2,2,2,2,4
458071179,3,2,4,3,2,4,3,2,3
458071180,3,1,3,3,3,1,2,2,4
458071181,1,1,2,1,1,1,1,1,2
458071182,3,1,5,3,2,1,1,1,1
458071183,2,1,3,3,2,1,3,2,2
458071184,1,1,4,4,3,1,1,3,4
458071185,4,2,4,5,2,1,2,2,5
458071186,1,1,2,1,3,2,1,1,2
458071187,2,1,3,5,3,1,1,2,2
458071188,2,2,3,2,3,2,2,3,3
458071189,5,1,3,4,3,2,3,4,4
458071190,1,2,3,3,3,2,2,1,2
458071191,2,1,4,4,3,2,3,2,4
458071192,3,1,3,3,3,2,2,3,3
458071193,4,1,4,4,4,2,2,2,2
458071194,2,2,4,4,2,2,2,2,2
458071195,2,1,4,3,4,2,2,2,2
458071196,5,1,5,3,3,1,2,3,4
458071197,4,1,3,3,1,2,5,3,3
458071198,1,1,3,5,3,1,2,3,3
458071199,3,3,3,3,3,3,3,3,3
458071200,1,4,3,5,3,2,4,4,4
458071201,5,1,5,3,2,1,3,1,3
458071202,1,1,2,3,2,1,2,1,4
458071203,2,1,4,3,3,1,3,2,5
458071204,4,2,5,5,4,2,2,2,4
458071205,3,1,4,5,3,1,1,1,5
458071206,1,1,4,5,2,1,3,1,2
458071207,4,1,3,5,5,1,1,1,3
458071208,2,1,5,5,2,1,2,2,3
458071209,5,1,4,2,3,1,1,3,2
458071210,2,1,3,3,3,1,1,3,3
458071211,3,1,3,5,3,1,1,1,3
458071212,5,1,3,5,2,2,2,2,3
458071213,5,1,5,5,2,2,2,3,3
458071214,5,1,4,5,2,1,1,2,3
458071215,3,1,3,5,4,1,2,2,2
458071216,2,1,4,1,4,2,2,1,4
458071217,5,3,3,3,3,1,2,3,4
458071218,3,2,4,5,4,1,1,1,4
458071219,2,2,2,4,3,2,2,2,2
458071220,1,1,3,5,3,1,1,1,5
458071221,3,1,3,2,3,1,1,2,2
458071222,4,2,4,2,4,4,1,4,4
458071223,3,1,3,4,3,2,2,2,3
458071224,3,2,2,5,3,1,2,1,2
458071225,3,1,3,3,3,3,3,3,3
458071226,3,1,3,4,1,1,2,1,2
458071227,3,1,2,3,3,2,2,3,2
458071228,2,1,2,5,5,2,3,4,2
458071229,1,1,5,5,4,1,1,1,5
458071230,1,1,2,5,3,2,1,2,5
458071231,5,1,3,3,1,1,1,2,4
458071232,2,1,3,5,1,1,1,1,2
458071233,2,1,3,3,1,4,2,1,1
458071234,2,2,5,3,2,1,2,2,3
458071235,5,1,4,3,3,2,4,3,3
458071236,3,1,3,5,3,1,2,3,4
458071237,1,1,1,1,1,1,1,1,1
458071238,4,1,4,5,4,1,2,1,2
458071239,2,1,3,5,1,1,2,2,3
458071240,5,1,3,5,2,1,2,1,4
458071241,3,1,3,4,3,1,2,3,3
458071242,1,1,2,5,3,1,2,1,4
458071243,5,1,2,5,3,1,2,2,4
458071244,4,1,2,5,2,1,1,1,1
458071245,5,1,4,4,2,1,2,2,3
458071246,3,2,4,4,3,2,1,2,4
458071247,3,1,3,3,1,1,2,2,1
458071248,2,2,2,4,2,3,2,2,2
458071249,3,1,4,5,3,3,2,2,3
458071250,1,1,2,5,3,3,1,2,1
458071251,2,3,2,3,2,2,2,2,2
458071252,2,2,3,5,1,1,4,2,2
458071253,5,3,5,2,5,4,5,5,5
458071254,5,1,2,5,5,1,4,1,3
458071255,4,1,3,5,1,1,2,1,1
458071256,4,2,4,3,3,1,1,1,3
458071257,1,1,4,4,2,1,1,2,4
458071258,3,1,4,5,2,2,2,3,2
458071259,3,1,4,5,2,1,2,2,2
458071260,2,1,4,5,2,2,1,2,2
458071261,2,1,2,5,5,1,2,3,2
458071262,3,1,3,5,4,1,1,1,3
458071263,2,1,3,3,3,1,1,1,1
458071264,2,2,3,4,1,1,2,2,2
458071265,3,1,5,5,4,1,1,3,2
458071266,2,1,2,5,2,2,4,3,5
458071267,4,1,3,4,1,1,1,1,1
458071268,1,1,2,5,2,2,1,2,4
458071269,4,1,2,2,5,1,5,4,5
458071270,2,1,3,4,4,1,3,2,2
458071271,5,1,4,1,2,2,3,2,3
458071272,1,1,3,5,3,1,1,1,2
458071273,4,1,1,1,2,1,1,2,3
458071274,5,1,4,5,4,2,2,2,4
458071275,5,2,4,5,3,1,2,2,2
458071276,2,2,3,5,3,1,1,2,3
458071277,2,1,2,3,2,1,1,1,3
458071278,3,1,4,5,3,1,2,1,1
458071279,4,2,4,2,2,2,4,2,2
458071280,4,1,3,5,4,1,4,4,4
458071281,2,1,2,5,3,1,1,2,2
458071282,2,1,4,5,1,2,1,2,1
458071283,2,1,1,5,1,1,1,1,1
458071284,2,2,3,5,2,3,2,2,3
458071285,2,1,2,1,2,2,1,2,2
458071286,4,3,3,3,3,3,2,3,2
458071287,2,1,3,5,3,2,3,3,3
458071288,3,1,4,5,3,2,3,2,3
458071289,2,1,4,3,4,3,2,2,2
458071290,5,1,3,3,5,1,3,3,4
458071291,3,1,2,5,3,2,2,3,2
458071292,2,3,2,3,4,2,2,2,2
458071293,5,1,4,2,5,1,1,1,1
458071294,1,1,3,5,1,1,3,1,2
458071295,2,1,5,5,4,1,3,2,4
458071296,4,1,2,5,2,1,1,1,2
458071297,3,1,3,5,2,2,1,2,3
458071298,3,1,4,1,5,1,4,1,4
458071299,3,3,3,4,2,2,2,2,2
458071300,3,3,4,4,2,2,1,2,3
458071301,3,3,3,3,3,3,3,3,3
458071302,1,5,4,3,4,2,1,2,5
458071303,2,1,4,5,2,2,4,2,1
458071304,1,1,1,5,2,2,1,1,2
458071305,3,1,4,5,2,1,1,1,1
458071306,3,1,2,5,2,2,1,1,2
458071307,5,2,5,1,4,1,1,1,4
458071308,3,1,4,3,4,2,1,3,4
458071309,4,3,4,4,2,1,1,1,4
458071310,3,1,5,3,4,1,2,1,4
458071311,3,2,2,2,3,2,2,2,4
458071312,3,1,5,5,3,1,1,1,2
458071313,2,1,1,5,1,2,2,2,2
