D_INTERVIEW,Q132,Q133,Q134,Q135,Q136,Q137,Q138
484070001,1.0,1.0,4.0,4.0,4.0,4.0,4.0
484070002,4.0,3.0,4.0,4.0,3.0,2.0,3.0
484070003,1.0,1.0,1.0,2.0,1.0,4.0,4.0
484070004,2.0,2.0,4.0,4.0,3.0,4.0,4.0
484070005,1.0,1.0,3.0,4.0,4.0,4.0,3.0
484070006,1.0,1.0,3.0,4.0,4.0,4.0,1.0
484070007,3.0,3.0,4.0,3.0,3.0,3.0,3.0
484070008,2.0,2.0,4.0,4.0,4.0,4.0,4.0
484070009,2.0,3.0,4.0,2.0,2.0,4.0,4.0
484070010,2.0,4.0,4.0,4.0,4.0,4.0,4.0
484070011,2.0,1.0,2.0,2.0,4.0,2.0,4.0
484070012,1.0,3.0,4.0,1.0,4.0,4.0,4.0
484070013,1.0,3.0,4.0,4.0,1.0,1.0,3.0
484070014,4.0,3.0,3.0,4.0,1.0,3.0,4.0
484070015,2.0,3.0,4.0,4.0,4.0,1.0,4.0
484070016,3.0,3.0,3.0,3.0,3.0,2.0,3.0
484070017,2.0,3.0,2.0,4.0,3.0,1.0,1.0
484070018,3.0,3.0,3.0,3.0,1.0,3.0,3.0
484070019,3.0,1.0,4.0,3.0,2.0,3.0,3.0
484070020,2.0,1.0,4.0,4.0,3.0,1.0,2.0
484070021,2.0,2.0,3.0,3.0,2.0,2.0,4.0
484070022,2.0,3.0,4.0,4.0,2.0,4.0,4.0
484070023,3.0,3.0,3.0,4.0,4.0,4.0,2.0
484070024,2.0,3.0,2.0,2.0,2.0,1.0,1.0
484070025,3.0,2.0,4.0,4.0,4.0,4.0,4.0
484070026,2.0,2.0,4.0,4.0,4.0,4.0,4.0
484070027,3.0,3.0,4.0,4.0,4.0,4.0,4.0
484070028,3.0,3.0,3.0,3.0,3.0,3.0,3.0
484070029,3.0,3.0,4.0,4.0,3.0,3.0,3.0
484070030,1.0,3.0,4.0,3.0,2.0,2.0,4.0
484070031,3.0,3.0,4.0,4.0,4.0,4.0,4.0
484070032,2.0,2.0,4.0,4.0,2.0,2.0,2.0
484070033,2.0,1.0,-1.0,-1.0,3.0,3.0,3.0
484070034,3.0,4.0,-1.0,-1.0,4.0,4.0,4.0
484070035,2.0,3.0,4.0,1.0,1.0,1.0,4.0
484070036,3.0,2.0,4.0,4.0,4.0,3.0,4.0
484070037,3.0,3.0,4.0,4.0,4.0,3.0,3.0
484070038,2.0,1.0,4.0,4.0,1.0,3.0,1.0
484070039,1.0,1.0,2.0,2.0,1.0,1.0,1.0
484070040,1.0,1.0,1.0,4.0,1.0,1.0,1.0
484070041,2.0,3.0,3.0,3.0,3.0,3.0,3.0
484070042,4.0,2.0,4.0,4.0,-1.0,3.0,4.0
484070043,3.0,1.0,3.0,3.0,3.0,3.0,3.0
484070044,3.0,1.0,3.0,3.0,3.0,3.0,4.0
484070045,3.0,2.0,4.0,4.0,2.0,2.0,4.0
484070046,3.0,2.0,4.0,4.0,4.0,4.0,4.0
484070047,4.0,3.0,4.0,4.0,4.0,4.0,4.0
484070048,3.0,2.0,2.0,4.0,3.0,3.0,4.0
484070049,3.0,1.0,1.0,3.0,3.0,3.0,3.0
484070050,2.0,2.0,3.0,4.0,4.0,4.0,4.0
484070051,1.0,1.0,2.0,3.0,1.0,3.0,3.0
484070052,4.0,3.0,4.0,4.0,4.0,2.0,4.0
484070053,1.0,2.0,4.0,4.0,2.0,3.0,2.0
484070054,1.0,1.0,3.0,3.0,1.0,1.0,3.0
484070055,2.0,4.0,3.0,4.0,4.0,4.0,4.0
484070056,4.0,4.0,4.0,4.0,4.0,4.0,4.0
484070057,3.0,3.0,4.0,4.0,1.0,1.0,3.0
484070058,2.0,1.0,3.0,3.0,1.0,1.0,1.0
484070059,2.0,3.0,4.0,4.0,4.0,4.0,4.0
484070060,3.0,4.0,4.0,4.0,4.0,4.0,4.0
484070061,2.0,1.0,3.0,3.0,2.0,2.0,1.0
484070062,1.0,1.0,2.0,3.0,1.0,1.0,1.0
484070063,1.0,2.0,3.0,4.0,1.0,2.0,1.0
484070064,1.0,1.0,4.0,4.0,1.0,1.0,2.0
484070065,3.0,4.0,4.0,4.0,4.0,4.0,4.0
484070066,1.0,3.0,4.0,4.0,1.0,4.0,4.0
484070067,1.0,2.0,3.0,4.0,1.0,1.0,3.0
484070068,2.0,4.0,4.0,4.0,4.0,3.0,4.0
484070069,2.0,1.0,1.0,4.0,1.0,1.0,1.0
484070070,1.0,1.0,4.0,4.0,2.0,1.0,4.0
484070071,3.0,3.0,4.0,3.0,2.0,3.0,3.0
484070072,1.0,2.0,4.0,4.0,2.0,3.0,3.0
484070073,1.0,1.0,3.0,3.0,1.0,3.0,3.0
484070074,2.0,1.0,4.0,4.0,1.0,1.0,4.0
484070075,3.0,2.0,4.0,4.0,4.0,3.0,4.0
484070076,1.0,1.0,1.0,1.0,1.0,1.0,1.0
484070077,1.0,1.0,1.0,1.0,1.0,1.0,1.0
484070078,2.0,2.0,4.0,4.0,2.0,2.0,2.0
484070079,2.0,3.0,4.0,4.0,3.0,4.0,4.0
484070080,2.0,1.0,4.0,4.0,3.0,3.0,3.0
484070081,1.0,1.0,3.0,2.0,2.0,1.0,1.0
484070082,2.0,1.0,4.0,4.0,1.0,3.0,1.0
484070083,2.0,1.0,1.0,3.0,1.0,1.0,2.0
484070084,1.0,1.0,3.0,4.0,1.0,4.0,-1.0
484070085,1.0,1.0,1.0,1.0,1.0,1.0,3.0
484070086,2.0,1.0,3.0,1.0,1.0,1.0,1.0
484070087,1.0,1.0,4.0,4.0,1.0,3.0,4.0
484070088,1.0,1.0,4.0,3.0,1.0,1.0,1.0
484070089,3.0,3.0,4.0,4.0,4.0,2.0,4.0
484070090,1.0,4.0,4.0,4.0,4.0,4.0,4.0
484070091,1.0,1.0,3.0,4.0,2.0,4.0,4.0
484070092,2.0,2.0,3.0,4.0,1.0,3.0,2.0
484070093,3.0,2.0,4.0,4.0,4.0,4.0,4.0
484070094,1.0,3.0,3.0,3.0,4.0,4.0,4.0
484070095,1.0,1.0,2.0,2.0,2.0,3.0,3.0
484070096,2.0,1.0,4.0,4.0,2.0,4.0,4.0
484070097,1.0,1.0,1.0,1.0,2.0,2.0,3.0
484070098,1.0,2.0,4.0,4.0,1.0,1.0,3.0
484070099,2.0,1.0,3.0,4.0,1.0,2.0,4.0
484070100,4.0,2.0,4.0,4.0,4.0,4.0,2.0
484070101,1.0,1.0,4.0,4.0,1.0,1.0,3.0
484070102,1.0,1.0,1.0,4.0,4.0,3.0,4.0
484070103,1.0,1.0,4.0,2.0,1.0,1.0,2.0
484070104,1.0,1.0,3.0,3.0,1.0,1.0,1.0
484070105,3.0,2.0,-1.0,4.0,1.0,1.0,2.0
484070106,1.0,1.0,3.0,4.0,1.0,1.0,2.0
484070107,1.0,1.0,2.0,3.0,1.0,1.0,1.0
484070108,1.0,1.0,4.0,1.0,1.0,1.0,1.0
484070109,3.0,1.0,1.0,3.0,3.0,3.0,3.0
484070110,3.0,1.0,3.0,2.0,1.0,3.0,3.0
484070111,2.0,1.0,4.0,4.0,3.0,3.0,4.0
484070112,3.0,1.0,4.0,4.0,2.0,2.0,2.0
484070113,1.0,1.0,2.0,2.0,1.0,1.0,2.0
484070114,1.0,1.0,1.0,1.0,1.0,1.0,1.0
484070115,1.0,1.0,2.0,2.0,1.0,1.0,2.0
484070116,1.0,1.0,3.0,2.0,1.0,2.0,2.0
484070117,2.0,1.0,2.0,4.0,2.0,2.0,3.0
484070118,1.0,2.0,4.0,1.0,2.0,1.0,1.0
484070119,1.0,1.0,2.0,1.0,1.0,2.0,2.0
484070120,1.0,1.0,4.0,2.0,1.0,2.0,1.0
484070121,3.0,2.0,4.0,4.0,4.0,4.0,4.0
484070122,4.0,3.0,4.0,4.0,4.0,4.0,4.0
484070123,2.0,1.0,1.0,4.0,2.0,1.0,1.0
484070124,2.0,2.0,4.0,4.0,4.0,4.0,4.0
484070125,3.0,1.0,3.0,3.0,1.0,1.0,4.0
484070126,2.0,3.0,1.0,3.0,1.0,1.0,2.0
484070127,2.0,3.0,3.0,3.0,3.0,3.0,3.0
484070128,2.0,1.0,4.0,4.0,3.0,3.0,3.0
484070129,2.0,2.0,3.0,2.0,2.0,2.0,3.0
484070130,2.0,2.0,4.0,4.0,2.0,3.0,4.0
484070131,2.0,3.0,4.0,3.0,2.0,2.0,4.0
484070132,2.0,3.0,3.0,4.0,3.0,4.0,4.0
484070133,1.0,1.0,4.0,1.0,1.0,1.0,4.0
484070134,1.0,1.0,1.0,4.0,2.0,2.0,-1.0
484070135,2.0,1.0,1.0,1.0,4.0,2.0,4.0
484070136,1.0,1.0,3.0,1.0,1.0,1.0,3.0
484070137,2.0,2.0,3.0,3.0,2.0,2.0,2.0
484070138,2.0,2.0,4.0,3.0,1.0,1.0,4.0
484070139,2.0,2.0,4.0,4.0,3.0,3.0,4.0
484070140,2.0,2.0,4.0,2.0,2.0,2.0,3.0
484070141,2.0,2.0,2.0,2.0,2.0,2.0,2.0
484070142,1.0,1.0,4.0,3.0,2.0,2.0,3.0
484070143,1.0,1.0,3.0,4.0,1.0,2.0,4.0
484070144,2.0,2.0,4.0,4.0,2.0,2.0,3.0
484070145,2.0,2.0,3.0,2.0,2.0,2.0,2.0
484070146,2.0,1.0,3.0,4.0,2.0,2.0,3.0
484070147,3.0,2.0,4.0,4.0,2.0,3.0,3.0
484070148,3.0,3.0,3.0,4.0,3.0,3.0,3.0
484070149,1.0,3.0,3.0,4.0,3.0,3.0,3.0
484070150,2.0,3.0,4.0,4.0,4.0,4.0,2.0
484070151,1.0,1.0,4.0,4.0,4.0,4.0,4.0
484070152,2.0,2.0,3.0,4.0,4.0,4.0,4.0
484070153,2.0,2.0,2.0,3.0,2.0,2.0,2.0
484070154,3.0,3.0,3.0,3.0,3.0,3.0,3.0
484070155,2.0,1.0,3.0,4.0,2.0,2.0,2.0
484070156,1.0,1.0,4.0,4.0,1.0,4.0,4.0
484070157,3.0,2.0,1.0,1.0,1.0,1.0,2.0
484070158,2.0,1.0,1.0,1.0,3.0,2.0,1.0
484070159,2.0,1.0,2.0,2.0,2.0,1.0,2.0
484070160,1.0,1.0,4.0,4.0,1.0,1.0,1.0
484070161,1.0,1.0,1.0,2.0,1.0,1.0,1.0
484070162,1.0,1.0,2.0,3.0,1.0,1.0,1.0
484070163,2.0,1.0,4.0,-1.0,3.0,2.0,2.0
484070164,1.0,1.0,3.0,3.0,1.0,1.0,1.0
484070165,1.0,2.0,3.0,3.0,4.0,1.0,1.0
484070166,2.0,2.0,2.0,2.0,2.0,2.0,2.0
484070167,1.0,1.0,2.0,2.0,1.0,1.0,1.0
484070168,2.0,1.0,4.0,4.0,1.0,1.0,2.0
484070169,2.0,2.0,2.0,2.0,2.0,2.0,2.0
484070170,3.0,2.0,2.0,3.0,3.0,1.0,1.0
484070171,2.0,1.0,4.0,4.0,1.0,2.0,4.0
484070172,4.0,1.0,4.0,4.0,1.0,4.0,4.0
484070173,3.0,4.0,4.0,4.0,4.0,4.0,4.0
484070174,3.0,3.0,4.0,4.0,4.0,3.0,4.0
484070175,4.0,4.0,4.0,4.0,4.0,4.0,4.0
484070176,1.0,2.0,4.0,4.0,4.0,4.0,4.0
484070177,2.0,2.0,3.0,2.0,3.0,2.0,3.0
484070178,1.0,1.0,4.0,4.0,2.0,1.0,1.0
484070179,3.0,3.0,4.0,4.0,4.0,3.0,4.0
484070180,3.0,2.0,1.0,2.0,3.0,2.0,2.0
484070181,1.0,1.0,4.0,4.0,-1.0,4.0,4.0
484070182,1.0,1.0,4.0,4.0,1.0,1.0,3.0
484070183,2.0,1.0,3.0,2.0,2.0,1.0,2.0
484070184,2.0,1.0,1.0,1.0,2.0,1.0,1.0
484070185,4.0,4.0,4.0,4.0,4.0,4.0,4.0
484070186,1.0,1.0,1.0,1.0,1.0,1.0,1.0
484070187,1.0,1.0,1.0,1.0,1.0,1.0,2.0
484070188,3.0,3.0,4.0,4.0,4.0,4.0,4.0
484070189,1.0,1.0,4.0,4.0,-1.0,3.0,4.0
484070190,1.0,1.0,4.0,4.0,1.0,2.0,2.0
484070191,2.0,2.0,2.0,2.0,2.0,2.0,2.0
484070192,3.0,2.0,1.0,3.0,2.0,1.0,3.0
484070193,1.0,1.0,3.0,4.0,2.0,1.0,1.0
484070194,1.0,1.0,3.0,4.0,1.0,1.0,4.0
484070195,1.0,1.0,2.0,4.0,1.0,1.0,4.0
484070196,2.0,2.0,3.0,3.0,2.0,4.0,4.0
484070197,3.0,3.0,4.0,4.0,4.0,4.0,4.0
484070198,3.0,4.0,3.0,2.0,4.0,4.0,4.0
484070199,2.0,4.0,4.0,4.0,3.0,4.0,4.0
484070200,4.0,3.0,4.0,4.0,3.0,3.0,3.0
484070201,1.0,2.0,4.0,3.0,1.0,1.0,4.0
484070202,3.0,3.0,2.0,4.0,4.0,4.0,4.0
484070203,2.0,1.0,3.0,3.0,1.0,1.0,4.0
484070204,3.0,2.0,3.0,3.0,2.0,3.0,3.0
484070205,2.0,2.0,4.0,3.0,2.0,3.0,3.0
484070206,2.0,3.0,4.0,3.0,3.0,3.0,2.0
484070207,2.0,3.0,4.0,3.0,3.0,3.0,3.0
484070208,2.0,2.0,4.0,3.0,3.0,3.0,3.0
484070209,3.0,3.0,4.0,4.0,3.0,3.0,3.0
484070210,2.0,1.0,3.0,4.0,3.0,3.0,4.0
484070211,2.0,2.0,3.0,4.0,3.0,3.0,3.0
484070212,2.0,1.0,3.0,3.0,1.0,1.0,3.0
484070213,3.0,3.0,3.0,3.0,3.0,2.0,3.0
484070214,3.0,3.0,3.0,3.0,3.0,3.0,4.0
484070215,2.0,1.0,4.0,4.0,4.0,3.0,4.0
484070216,2.0,2.0,2.0,1.0,1.0,1.0,1.0
484070217,2.0,1.0,4.0,4.0,4.0,3.0,3.0
484070218,2.0,4.0,4.0,4.0,4.0,4.0,4.0
484070219,3.0,3.0,3.0,3.0,2.0,3.0,3.0
484070220,2.0,1.0,2.0,4.0,2.0,2.0,4.0
484070221,2.0,2.0,3.0,3.0,4.0,2.0,3.0
484070222,3.0,3.0,3.0,4.0,4.0,4.0,4.0
484070223,4.0,4.0,4.0,4.0,4.0,4.0,4.0
484070224,3.0,1.0,3.0,4.0,1.0,4.0,3.0
484070225,3.0,1.0,2.0,4.0,1.0,2.0,2.0
484070226,1.0,1.0,2.0,3.0,1.0,1.0,1.0
484070227,2.0,2.0,2.0,3.0,3.0,3.0,3.0
484070228,1.0,1.0,4.0,4.0,1.0,1.0,4.0
484070229,4.0,2.0,4.0,4.0,4.0,4.0,4.0
484070230,3.0,1.0,4.0,4.0,3.0,4.0,4.0
484070231,3.0,3.0,3.0,3.0,3.0,3.0,3.0
484070232,3.0,2.0,2.0,4.0,3.0,3.0,4.0
484070233,3.0,2.0,4.0,4.0,4.0,4.0,4.0
484070234,3.0,3.0,4.0,4.0,4.0,4.0,4.0
484070235,3.0,3.0,3.0,3.0,3.0,3.0,3.0
484070236,4.0,3.0,4.0,4.0,4.0,4.0,4.0
484070237,1.0,1.0,4.0,2.0,2.0,1.0,2.0
484070238,1.0,1.0,1.0,3.0,3.0,3.0,3.0
484070239,2.0,1.0,4.0,4.0,3.0,3.0,2.0
484070240,3.0,1.0,3.0,3.0,4.0,4.0,2.0
484070241,2.0,2.0,4.0,4.0,4.0,4.0,4.0
484070242,4.0,4.0,4.0,4.0,4.0,3.0,4.0
484070243,2.0,3.0,3.0,3.0,2.0,4.0,4.0
484070244,2.0,2.0,4.0,4.0,4.0,4.0,4.0
484070245,3.0,2.0,4.0,4.0,4.0,4.0,4.0
484070246,3.0,2.0,1.0,3.0,1.0,1.0,3.0
484070247,2.0,3.0,1.0,3.0,4.0,3.0,1.0
484070248,1.0,1.0,3.0,3.0,2.0,1.0,3.0
484070249,2.0,2.0,4.0,4.0,2.0,4.0,4.0
484070250,3.0,2.0,4.0,4.0,4.0,3.0,4.0
484070251,2.0,2.0,4.0,4.0,2.0,4.0,4.0
484070252,2.0,3.0,4.0,1.0,3.0,2.0,4.0
484070253,1.0,2.0,3.0,3.0,1.0,1.0,2.0
484070254,1.0,1.0,4.0,4.0,1.0,4.0,4.0
484070255,1.0,3.0,3.0,4.0,4.0,4.0,4.0
484070256,3.0,1.0,4.0,4.0,1.0,1.0,4.0
484070257,2.0,1.0,4.0,4.0,1.0,3.0,4.0
484070258,3.0,3.0,4.0,4.0,4.0,4.0,4.0
484070259,4.0,1.0,3.0,3.0,3.0,3.0,3.0
484070260,3.0,1.0,3.0,3.0,3.0,3.0,3.0
484070261,3.0,3.0,4.0,4.0,4.0,4.0,4.0
484070262,3.0,1.0,4.0,4.0,3.0,3.0,3.0
484070263,1.0,3.0,3.0,4.0,3.0,4.0,4.0
484070264,1.0,1.0,4.0,4.0,1.0,1.0,4.0
484070265,1.0,1.0,3.0,3.0,1.0,3.0,1.0
484070266,1.0,1.0,1.0,2.0,2.0,2.0,2.0
484070267,3.0,4.0,4.0,2.0,1.0,1.0,2.0
484070268,2.0,2.0,4.0,4.0,3.0,3.0,3.0
484070269,2.0,1.0,1.0,3.0,1.0,2.0,4.0
484070270,3.0,1.0,4.0,4.0,3.0,2.0,4.0
484070271,2.0,1.0,4.0,4.0,1.0,2.0,3.0
484070272,1.0,1.0,3.0,3.0,1.0,3.0,2.0
484070273,1.0,1.0,3.0,3.0,4.0,3.0,3.0
484070274,3.0,3.0,4.0,4.0,4.0,2.0,4.0
484070275,3.0,2.0,4.0,4.0,4.0,4.0,4.0
484070276,4.0,4.0,3.0,4.0,4.0,4.0,4.0
484070277,1.0,1.0,4.0,3.0,1.0,1.0,1.0
484070278,1.0,1.0,3.0,4.0,1.0,1.0,1.0
484070279,2.0,2.0,2.0,2.0,2.0,2.0,2.0
484070280,4.0,1.0,3.0,4.0,2.0,2.0,4.0
484070281,2.0,1.0,3.0,4.0,3.0,3.0,2.0
484070282,3.0,2.0,4.0,4.0,4.0,4.0,4.0
484070283,3.0,3.0,4.0,4.0,4.0,4.0,4.0
484070284,3.0,2.0,3.0,4.0,1.0,3.0,3.0
484070285,3.0,4.0,4.0,4.0,3.0,4.0,4.0
484070286,2.0,1.0,3.0,4.0,4.0,4.0,4.0
484070287,1.0,1.0,3.0,4.0,1.0,1.0,1.0
484070288,1.0,1.0,3.0,2.0,2.0,2.0,2.0
484070289,3.0,2.0,4.0,4.0,-1.0,3.0,4.0
484070290,1.0,1.0,3.0,3.0,1.0,1.0,1.0
484070291,3.0,2.0,4.0,4.0,3.0,3.0,4.0
484070292,2.0,1.0,2.0,4.0,3.0,2.0,1.0
484070293,2.0,3.0,4.0,3.0,3.0,3.0,3.0
484070294,2.0,2.0,3.0,4.0,2.0,1.0,1.0
484070295,3.0,3.0,4.0,3.0,3.0,3.0,3.0
484070296,2.0,1.0,2.0,3.0,3.0,3.0,3.0
484070297,3.0,3.0,3.0,4.0,4.0,4.0,4.0
484070298,1.0,1.0,4.0,4.0,1.0,1.0,1.0
484070299,2.0,1.0,3.0,4.0,4.0,4.0,4.0
484070300,3.0,3.0,3.0,4.0,4.0,4.0,4.0
484070301,2.0,2.0,1.0,1.0,1.0,1.0,4.0
484070302,3.0,2.0,3.0,3.0,2.0,3.0,3.0
484070303,1.0,1.0,1.0,1.0,1.0,1.0,1.0
484070304,4.0,1.0,2.0,4.0,1.0,2.0,4.0
484070305,4.0,2.0,4.0,4.0,4.0,4.0,4.0
484070306,3.0,3.0,4.0,4.0,4.0,4.0,4.0
484070307,3.0,2.0,4.0,4.0,3.0,4.0,4.0
484070308,3.0,3.0,4.0,3.0,3.0,3.0,4.0
484070309,3.0,2.0,4.0,3.0,2.0,3.0,3.0
484070310,1.0,1.0,1.0,1.0,1.0,1.0,1.0
484070311,1.0,1.0,3.0,3.0,1.0,2.0,1.0
484070312,1.0,1.0,2.0,2.0,2.0,2.0,2.0
484070313,1.0,1.0,4.0,3.0,2.0,1.0,3.0
484070314,3.0,3.0,4.0,4.0,4.0,4.0,3.0
484070315,2.0,1.0,4.0,4.0,2.0,4.0,4.0
484070316,2.0,2.0,4.0,3.0,2.0,1.0,3.0
484070317,1.0,1.0,3.0,4.0,1.0,1.0,2.0
484070318,3.0,2.0,3.0,4.0,3.0,3.0,3.0
484070319,3.0,3.0,4.0,4.0,4.0,4.0,4.0
484070320,3.0,3.0,4.0,4.0,4.0,4.0,4.0
484070321,2.0,1.0,3.0,3.0,3.0,2.0,3.0
484070322,2.0,1.0,4.0,4.0,1.0,2.0,3.0
484070323,1.0,2.0,4.0,4.0,3.0,3.0,4.0
484070324,2.0,2.0,2.0,2.0,2.0,2.0,2.0
484070325,4.0,4.0,4.0,4.0,4.0,4.0,4.0
484070326,4.0,4.0,4.0,4.0,4.0,4.0,4.0
484070327,2.0,1.0,2.0,3.0,3.0,4.0,4.0
484070328,2.0,2.0,2.0,4.0,4.0,4.0,4.0
484070329,3.0,4.0,4.0,4.0,4.0,4.0,4.0
484070330,4.0,4.0,4.0,4.0,4.0,4.0,4.0
484070331,2.0,2.0,3.0,4.0,4.0,3.0,3.0
484070332,2.0,3.0,3.0,3.0,4.0,4.0,4.0
484070333,4.0,2.0,2.0,4.0,4.0,2.0,2.0
484070334,4.0,1.0,3.0,4.0,4.0,1.0,4.0
484070335,2.0,1.0,4.0,4.0,4.0,2.0,4.0
484070336,3.0,1.0,4.0,4.0,4.0,3.0,4.0
484070337,1.0,1.0,3.0,3.0,1.0,3.0,2.0
484070338,1.0,1.0,1.0,4.0,1.0,1.0,2.0
484070339,2.0,1.0,2.0,3.0,1.0,1.0,2.0
484070340,1.0,1.0,1.0,2.0,1.0,1.0,1.0
484070341,3.0,3.0,4.0,4.0,3.0,3.0,3.0
484070342,1.0,3.0,4.0,2.0,4.0,2.0,2.0
484070343,2.0,2.0,3.0,3.0,4.0,4.0,4.0
484070344,3.0,1.0,3.0,1.0,1.0,1.0,1.0
484070345,1.0,3.0,3.0,3.0,1.0,2.0,2.0
484070346,2.0,2.0,1.0,4.0,1.0,4.0,4.0
484070347,1.0,1.0,4.0,4.0,3.0,2.0,2.0
484070348,3.0,3.0,3.0,3.0,2.0,2.0,3.0
484070349,1.0,2.0,3.0,4.0,2.0,2.0,2.0
484070350,1.0,1.0,4.0,4.0,1.0,3.0,4.0
484070351,3.0,3.0,3.0,3.0,2.0,3.0,3.0
484070352,2.0,2.0,3.0,4.0,2.0,2.0,2.0
484070353,1.0,1.0,4.0,4.0,2.0,3.0,2.0
484070354,1.0,1.0,3.0,4.0,1.0,1.0,1.0
484070355,3.0,4.0,2.0,4.0,4.0,4.0,4.0
484070356,1.0,1.0,4.0,4.0,4.0,1.0,4.0
484070357,2.0,1.0,4.0,4.0,1.0,1.0,2.0
484070358,3.0,3.0,3.0,4.0,3.0,3.0,3.0
484070359,2.0,3.0,4.0,3.0,3.0,3.0,3.0
484070360,3.0,3.0,4.0,4.0,4.0,4.0,3.0
484070361,3.0,3.0,4.0,3.0,2.0,2.0,2.0
484070362,2.0,3.0,4.0,4.0,4.0,4.0,4.0
484070363,3.0,2.0,2.0,3.0,4.0,4.0,4.0
484070364,3.0,3.0,4.0,4.0,3.0,4.0,3.0
484070365,1.0,1.0,1.0,1.0,4.0,4.0,4.0
484070366,2.0,1.0,1.0,1.0,3.0,4.0,4.0
484070367,3.0,2.0,4.0,4.0,4.0,4.0,4.0
484070368,3.0,1.0,4.0,4.0,1.0,2.0,4.0
484070369,2.0,2.0,4.0,4.0,2.0,4.0,4.0
484070370,3.0,2.0,3.0,3.0,3.0,3.0,2.0
484070371,3.0,3.0,4.0,4.0,3.0,3.0,3.0
484070372,3.0,1.0,4.0,2.0,2.0,2.0,2.0
484070373,1.0,1.0,4.0,4.0,2.0,2.0,2.0
484070374,2.0,3.0,2.0,3.0,3.0,3.0,2.0
484070375,1.0,1.0,1.0,2.0,1.0,2.0,2.0
484070376,3.0,2.0,3.0,3.0,3.0,2.0,2.0
484070377,2.0,2.0,2.0,3.0,2.0,2.0,2.0
484070378,1.0,2.0,3.0,3.0,2.0,1.0,2.0
484070379,2.0,2.0,4.0,4.0,3.0,3.0,3.0
484070380,1.0,1.0,1.0,1.0,1.0,1.0,1.0
484070381,1.0,1.0,1.0,1.0,1.0,1.0,1.0
484070382,1.0,1.0,1.0,4.0,1.0,1.0,1.0
484070383,2.0,1.0,3.0,4.0,4.0,1.0,1.0
484070384,1.0,3.0,4.0,4.0,3.0,3.0,3.0
484070385,1.0,1.0,2.0,3.0,1.0,1.0,1.0
484070386,2.0,3.0,4.0,4.0,4.0,3.0,4.0
484070387,1.0,1.0,2.0,1.0,2.0,1.0,1.0
484070388,1.0,1.0,4.0,1.0,1.0,1.0,1.0
484070389,1.0,1.0,1.0,2.0,1.0,1.0,1.0
484070390,1.0,1.0,2.0,2.0,1.0,1.0,1.0
484070391,2.0,2.0,4.0,3.0,3.0,2.0,3.0
484070392,3.0,3.0,3.0,3.0,4.0,3.0,2.0
484070393,3.0,3.0,3.0,3.0,3.0,3.0,3.0
484070394,2.0,2.0,1.0,2.0,1.0,1.0,1.0
484070395,1.0,2.0,4.0,4.0,1.0,3.0,3.0
484070396,1.0,1.0,2.0,4.0,2.0,1.0,4.0
484070397,1.0,1.0,4.0,4.0,1.0,2.0,2.0
484070398,3.0,2.0,3.0,4.0,4.0,3.0,4.0
484070399,3.0,1.0,3.0,4.0,4.0,3.0,4.0
484070400,3.0,2.0,4.0,4.0,4.0,2.0,4.0
484070401,3.0,3.0,4.0,4.0,3.0,4.0,4.0
484070402,3.0,4.0,4.0,1.0,3.0,3.0,1.0
484070403,3.0,2.0,2.0,3.0,4.0,3.0,4.0
484070404,1.0,1.0,4.0,4.0,1.0,1.0,2.0
484070405,1.0,2.0,3.0,4.0,2.0,3.0,3.0
484070406,1.0,1.0,3.0,3.0,2.0,1.0,3.0
484070407,4.0,2.0,4.0,4.0,4.0,4.0,4.0
484070408,4.0,3.0,4.0,4.0,4.0,4.0,4.0
484070409,4.0,4.0,2.0,4.0,4.0,4.0,4.0
484070410,3.0,1.0,4.0,4.0,1.0,3.0,4.0
484070411,4.0,2.0,4.0,4.0,4.0,4.0,4.0
484070412,1.0,1.0,4.0,2.0,2.0,1.0,4.0
484070413,2.0,2.0,4.0,4.0,1.0,1.0,1.0
484070414,1.0,1.0,3.0,4.0,3.0,2.0,4.0
484070415,3.0,3.0,3.0,3.0,3.0,3.0,3.0
484070416,3.0,2.0,4.0,4.0,1.0,1.0,1.0
484070417,1.0,1.0,1.0,2.0,1.0,1.0,1.0
484070418,1.0,1.0,4.0,4.0,1.0,1.0,4.0
484070419,3.0,1.0,4.0,4.0,2.0,1.0,1.0
484070420,2.0,2.0,2.0,4.0,3.0,2.0,2.0
484070421,1.0,1.0,4.0,1.0,4.0,3.0,1.0
484070422,3.0,3.0,3.0,2.0,4.0,4.0,4.0
484070423,2.0,2.0,2.0,2.0,2.0,2.0,2.0
484070424,3.0,2.0,4.0,3.0,3.0,4.0,4.0
484070425,3.0,2.0,4.0,4.0,-1.0,4.0,-1.0
484070426,1.0,1.0,1.0,1.0,1.0,1.0,1.0
484070427,2.0,1.0,4.0,2.0,1.0,3.0,3.0
484070428,3.0,1.0,4.0,4.0,2.0,1.0,1.0
484070429,2.0,2.0,2.0,4.0,3.0,2.0,2.0
484070430,1.0,1.0,1.0,4.0,1.0,4.0,3.0
484070431,1.0,1.0,4.0,2.0,1.0,1.0,2.0
484070432,1.0,1.0,1.0,3.0,1.0,1.0,1.0
484070433,2.0,2.0,4.0,-1.0,-1.0,3.0,-1.0
484070434,2.0,2.0,2.0,3.0,1.0,2.0,2.0
484070435,2.0,2.0,1.0,2.0,1.0,1.0,3.0
484070436,2.0,2.0,3.0,4.0,-1.0,-1.0,2.0
484070437,2.0,3.0,3.0,3.0,2.0,2.0,3.0
484070438,2.0,3.0,3.0,1.0,1.0,1.0,1.0
484070439,1.0,1.0,1.0,3.0,1.0,1.0,1.0
484070440,2.0,3.0,1.0,2.0,1.0,2.0,2.0
484070441,1.0,1.0,1.0,4.0,1.0,1.0,1.0
484070442,1.0,1.0,1.0,1.0,1.0,1.0,1.0
484070443,1.0,1.0,1.0,2.0,2.0,1.0,2.0
484070444,1.0,1.0,1.0,4.0,1.0,1.0,1.0
484070445,1.0,1.0,1.0,3.0,1.0,1.0,1.0
484070446,3.0,3.0,2.0,2.0,4.0,4.0,4.0
484070447,1.0,1.0,2.0,2.0,1.0,1.0,1.0
484070448,1.0,1.0,1.0,1.0,1.0,1.0,1.0
484070449,2.0,2.0,2.0,3.0,3.0,2.0,1.0
484070450,1.0,2.0,4.0,2.0,2.0,2.0,3.0
484070451,2.0,1.0,1.0,3.0,1.0,2.0,4.0
484070452,3.0,1.0,4.0,4.0,3.0,2.0,4.0
484070453,2.0,1.0,4.0,4.0,1.0,2.0,3.0
484070454,1.0,1.0,3.0,3.0,1.0,3.0,2.0
484070455,1.0,1.0,1.0,4.0,1.0,1.0,2.0
484070456,2.0,1.0,2.0,3.0,1.0,1.0,2.0
484070457,1.0,1.0,1.0,2.0,1.0,1.0,1.0
484070458,1.0,1.0,4.0,3.0,2.0,2.0,2.0
484070459,2.0,1.0,2.0,4.0,2.0,3.0,1.0
484070460,1.0,1.0,1.0,1.0,1.0,1.0,2.0
484070461,1.0,3.0,4.0,4.0,2.0,1.0,3.0
484070462,2.0,2.0,3.0,4.0,2.0,3.0,3.0
484070463,1.0,1.0,4.0,4.0,2.0,2.0,3.0
484070464,2.0,1.0,4.0,4.0,3.0,4.0,3.0
484070465,3.0,1.0,3.0,2.0,2.0,3.0,3.0
484070466,2.0,1.0,4.0,3.0,1.0,3.0,3.0
484070467,3.0,2.0,2.0,4.0,1.0,2.0,4.0
484070468,3.0,2.0,3.0,3.0,3.0,3.0,3.0
484070469,2.0,1.0,4.0,4.0,4.0,3.0,3.0
484070470,4.0,3.0,3.0,4.0,4.0,4.0,4.0
484070471,4.0,3.0,2.0,4.0,4.0,4.0,4.0
484070472,3.0,1.0,3.0,4.0,1.0,4.0,4.0
484070473,2.0,3.0,4.0,4.0,4.0,4.0,4.0
484070474,1.0,1.0,3.0,3.0,4.0,3.0,3.0
484070475,3.0,3.0,4.0,4.0,4.0,2.0,4.0
484070476,3.0,2.0,4.0,4.0,4.0,4.0,4.0
484070477,4.0,4.0,3.0,4.0,4.0,4.0,4.0
484070478,4.0,4.0,3.0,3.0,3.0,3.0,3.0
484070479,1.0,1.0,3.0,3.0,1.0,1.0,1.0
484070480,2.0,1.0,4.0,4.0,3.0,4.0,4.0
484070481,4.0,1.0,3.0,4.0,-1.0,4.0,4.0
484070482,1.0,1.0,4.0,3.0,1.0,1.0,1.0
484070483,2.0,2.0,4.0,4.0,1.0,1.0,2.0
484070484,3.0,3.0,4.0,4.0,4.0,4.0,4.0
484070485,3.0,4.0,4.0,4.0,4.0,4.0,3.0
484070486,2.0,1.0,3.0,3.0,2.0,3.0,3.0
484070487,3.0,2.0,3.0,3.0,2.0,2.0,2.0
484070488,4.0,2.0,2.0,4.0,4.0,4.0,2.0
484070489,3.0,1.0,3.0,4.0,4.0,2.0,4.0
484070490,3.0,2.0,4.0,3.0,3.0,3.0,3.0
484070491,3.0,2.0,4.0,4.0,3.0,3.0,1.0
484070492,4.0,4.0,4.0,4.0,4.0,4.0,4.0
484070493,3.0,1.0,3.0,1.0,1.0,3.0,3.0
484070494,1.0,3.0,4.0,1.0,4.0,3.0,1.0
484070495,3.0,1.0,4.0,4.0,1.0,1.0,3.0
484070496,3.0,3.0,4.0,4.0,2.0,2.0,3.0
484070497,1.0,1.0,4.0,4.0,1.0,1.0,2.0
484070498,1.0,1.0,3.0,4.0,3.0,1.0,1.0
484070499,1.0,1.0,3.0,3.0,3.0,2.0,3.0
484070500,2.0,3.0,3.0,4.0,2.0,3.0,2.0
484070501,3.0,3.0,4.0,4.0,3.0,3.0,4.0
484070502,1.0,2.0,4.0,4.0,-1.0,3.0,-1.0
484070503,1.0,1.0,3.0,3.0,1.0,1.0,4.0
484070504,1.0,1.0,4.0,4.0,2.0,2.0,4.0
484070505,2.0,1.0,3.0,4.0,1.0,4.0,3.0
484070506,4.0,3.0,4.0,4.0,4.0,4.0,3.0
484070507,3.0,2.0,2.0,2.0,3.0,3.0,3.0
484070508,3.0,3.0,4.0,4.0,4.0,4.0,4.0
484070509,3.0,2.0,4.0,4.0,3.0,3.0,4.0
484070510,1.0,1.0,4.0,4.0,1.0,1.0,4.0
484070511,1.0,2.0,4.0,4.0,3.0,2.0,3.0
484070512,1.0,4.0,4.0,4.0,4.0,4.0,4.0
484070513,4.0,2.0,4.0,4.0,4.0,4.0,4.0
484070514,4.0,4.0,4.0,4.0,4.0,4.0,4.0
484070515,1.0,1.0,1.0,3.0,1.0,1.0,3.0
484070516,3.0,1.0,4.0,4.0,4.0,1.0,3.0
484070517,2.0,2.0,3.0,3.0,1.0,1.0,1.0
484070518,1.0,1.0,3.0,4.0,1.0,1.0,1.0
484070519,3.0,3.0,4.0,4.0,4.0,4.0,4.0
484070520,1.0,2.0,4.0,4.0,2.0,4.0,4.0
484070521,2.0,3.0,3.0,4.0,-1.0,4.0,4.0
484070522,2.0,2.0,2.0,2.0,4.0,4.0,4.0
484070523,4.0,3.0,4.0,3.0,3.0,4.0,4.0
484070524,4.0,4.0,4.0,4.0,4.0,4.0,4.0
484070525,2.0,3.0,4.0,4.0,3.0,3.0,3.0
484070526,1.0,1.0,2.0,3.0,2.0,2.0,3.0
484070527,2.0,2.0,2.0,4.0,2.0,4.0,4.0
484070528,2.0,1.0,2.0,3.0,1.0,3.0,4.0
484070529,1.0,1.0,4.0,2.0,1.0,1.0,3.0
484070530,3.0,1.0,3.0,3.0,1.0,2.0,2.0
484070531,1.0,1.0,3.0,4.0,1.0,1.0,4.0
484070532,1.0,1.0,1.0,1.0,1.0,1.0,1.0
484070533,1.0,2.0,3.0,1.0,3.0,3.0,2.0
484070534,2.0,2.0,3.0,2.0,2.0,2.0,2.0
484070535,1.0,1.0,2.0,2.0,3.0,3.0,1.0
484070536,2.0,1.0,4.0,2.0,1.0,2.0,-1.0
484070537,2.0,2.0,4.0,4.0,3.0,4.0,4.0
484070538,3.0,2.0,3.0,1.0,1.0,3.0,4.0
484070539,2.0,3.0,4.0,4.0,4.0,4.0,4.0
484070540,1.0,1.0,3.0,3.0,1.0,1.0,1.0
484070541,2.0,3.0,4.0,4.0,2.0,3.0,4.0
484070542,1.0,1.0,4.0,4.0,2.0,2.0,1.0
484070543,3.0,2.0,4.0,4.0,4.0,3.0,4.0
484070544,1.0,1.0,4.0,2.0,1.0,1.0,1.0
484070545,3.0,1.0,4.0,4.0,4.0,4.0,4.0
484070546,2.0,2.0,3.0,3.0,2.0,2.0,3.0
484070547,2.0,2.0,3.0,3.0,3.0,3.0,3.0
484070548,1.0,1.0,3.0,3.0,1.0,2.0,3.0
484070549,1.0,1.0,3.0,4.0,1.0,2.0,4.0
484070550,1.0,1.0,1.0,3.0,1.0,3.0,3.0
484070551,1.0,2.0,3.0,3.0,3.0,3.0,3.0
484070552,1.0,1.0,4.0,4.0,3.0,1.0,1.0
484070553,3.0,2.0,4.0,4.0,4.0,4.0,4.0
484070554,2.0,3.0,4.0,4.0,1.0,2.0,2.0
484070555,1.0,2.0,3.0,3.0,1.0,3.0,1.0
484070556,2.0,2.0,3.0,3.0,3.0,3.0,3.0
484070557,2.0,1.0,4.0,3.0,1.0,1.0,4.0
484070558,4.0,2.0,3.0,2.0,3.0,3.0,4.0
484070559,3.0,2.0,4.0,4.0,2.0,3.0,4.0
484070560,1.0,1.0,4.0,4.0,3.0,1.0,4.0
484070561,2.0,2.0,4.0,4.0,4.0,4.0,4.0
484070562,3.0,3.0,4.0,4.0,4.0,4.0,4.0
484070563,4.0,4.0,4.0,4.0,4.0,4.0,4.0
484070564,2.0,3.0,4.0,4.0,3.0,3.0,4.0
484070565,3.0,2.0,4.0,4.0,2.0,4.0,3.0
484070566,4.0,3.0,4.0,4.0,4.0,4.0,4.0
484070567,1.0,2.0,4.0,4.0,1.0,1.0,4.0
484070568,1.0,1.0,4.0,4.0,1.0,1.0,1.0
484070569,2.0,2.0,3.0,3.0,2.0,2.0,3.0
484070570,3.0,2.0,4.0,4.0,4.0,4.0,4.0
484070571,2.0,2.0,4.0,4.0,3.0,2.0,4.0
484070572,2.0,2.0,3.0,2.0,1.0,1.0,2.0
484070573,2.0,1.0,3.0,3.0,1.0,2.0,3.0
484070574,4.0,2.0,4.0,4.0,3.0,3.0,4.0
484070575,4.0,3.0,4.0,4.0,4.0,3.0,4.0
484070576,2.0,2.0,3.0,4.0,4.0,4.0,4.0
484070577,2.0,2.0,2.0,3.0,2.0,2.0,2.0
484070578,2.0,1.0,4.0,4.0,1.0,1.0,4.0
484070579,4.0,1.0,2.0,4.0,2.0,2.0,4.0
484070580,3.0,2.0,4.0,-1.0,-1.0,4.0,4.0
484070581,3.0,1.0,4.0,4.0,4.0,4.0,4.0
484070582,3.0,3.0,4.0,4.0,3.0,4.0,4.0
484070583,3.0,2.0,-1.0,-2.0,-2.0,-1.0,4.0
484070584,3.0,2.0,4.0,3.0,3.0,4.0,4.0
484070585,4.0,4.0,4.0,4.0,4.0,4.0,4.0
484070586,2.0,2.0,1.0,4.0,2.0,3.0,2.0
484070587,1.0,1.0,4.0,4.0,1.0,1.0,4.0
484070588,3.0,2.0,1.0,4.0,1.0,4.0,1.0
484070589,2.0,2.0,4.0,4.0,4.0,4.0,4.0
484070590,4.0,1.0,4.0,4.0,1.0,2.0,4.0
484070591,2.0,1.0,4.0,4.0,4.0,1.0,4.0
484070592,3.0,3.0,4.0,3.0,3.0,3.0,3.0
484070593,2.0,2.0,4.0,4.0,4.0,4.0,4.0
484070594,1.0,1.0,1.0,1.0,1.0,1.0,1.0
484070595,1.0,1.0,1.0,2.0,2.0,2.0,2.0
484070596,1.0,3.0,4.0,2.0,2.0,2.0,2.0
484070597,1.0,1.0,3.0,3.0,1.0,1.0,1.0
484070598,2.0,1.0,3.0,3.0,1.0,1.0,3.0
484070599,2.0,2.0,3.0,3.0,2.0,2.0,2.0
484070600,2.0,2.0,3.0,3.0,2.0,2.0,3.0
484070601,1.0,1.0,1.0,1.0,1.0,1.0,1.0
484070602,2.0,2.0,2.0,2.0,2.0,2.0,2.0
484070603,3.0,2.0,4.0,4.0,3.0,2.0,2.0
484070604,1.0,1.0,1.0,2.0,1.0,1.0,1.0
484070605,2.0,3.0,4.0,4.0,4.0,3.0,4.0
484070606,2.0,1.0,3.0,4.0,1.0,1.0,4.0
484070607,4.0,1.0,4.0,4.0,4.0,1.0,4.0
484070608,4.0,1.0,4.0,4.0,4.0,4.0,4.0
484070609,4.0,1.0,1.0,4.0,1.0,1.0,3.0
484070610,2.0,1.0,3.0,4.0,2.0,2.0,4.0
484070611,3.0,1.0,3.0,4.0,2.0,2.0,4.0
484070612,1.0,1.0,2.0,4.0,2.0,2.0,2.0
484070613,1.0,3.0,4.0,4.0,4.0,4.0,4.0
484070614,1.0,1.0,1.0,1.0,1.0,1.0,1.0
484070615,3.0,1.0,4.0,4.0,4.0,3.0,4.0
484070616,2.0,1.0,3.0,3.0,1.0,2.0,2.0
484070617,1.0,2.0,2.0,4.0,2.0,2.0,2.0
484070618,1.0,1.0,1.0,3.0,3.0,1.0,1.0
484070619,2.0,2.0,2.0,2.0,2.0,2.0,2.0
484070620,1.0,2.0,3.0,3.0,1.0,1.0,1.0
484070621,3.0,3.0,3.0,4.0,3.0,4.0,4.0
484070622,3.0,3.0,4.0,4.0,4.0,4.0,4.0
484070623,3.0,4.0,4.0,4.0,4.0,4.0,4.0
484070624,2.0,1.0,4.0,4.0,2.0,4.0,4.0
484070625,1.0,1.0,2.0,2.0,2.0,2.0,2.0
484070626,1.0,1.0,2.0,2.0,3.0,3.0,3.0
484070627,1.0,3.0,4.0,4.0,4.0,4.0,4.0
484070628,2.0,1.0,4.0,3.0,2.0,2.0,3.0
484070629,3.0,1.0,3.0,4.0,4.0,4.0,4.0
484070630,1.0,1.0,3.0,4.0,1.0,3.0,4.0
484070631,3.0,3.0,3.0,3.0,4.0,4.0,4.0
484070632,4.0,4.0,4.0,4.0,4.0,4.0,4.0
484070633,1.0,3.0,4.0,3.0,4.0,4.0,4.0
484070634,2.0,1.0,4.0,3.0,2.0,3.0,3.0
484070635,1.0,1.0,3.0,3.0,4.0,4.0,4.0
484070636,2.0,3.0,3.0,4.0,2.0,4.0,4.0
484070637,2.0,3.0,2.0,4.0,2.0,3.0,4.0
484070638,4.0,4.0,4.0,4.0,4.0,4.0,4.0
484070639,3.0,3.0,4.0,4.0,3.0,4.0,4.0
484070640,3.0,1.0,3.0,4.0,1.0,1.0,3.0
484070641,2.0,2.0,4.0,4.0,1.0,1.0,4.0
484070642,1.0,1.0,4.0,1.0,3.0,3.0,3.0
484070643,1.0,1.0,4.0,4.0,1.0,1.0,1.0
484070644,1.0,2.0,3.0,4.0,2.0,2.0,2.0
484070645,1.0,1.0,1.0,3.0,1.0,1.0,1.0
484070646,1.0,1.0,1.0,1.0,1.0,1.0,1.0
484070647,1.0,1.0,1.0,1.0,1.0,1.0,1.0
484070648,3.0,1.0,3.0,3.0,1.0,2.0,3.0
484070649,1.0,2.0,4.0,4.0,1.0,4.0,4.0
484070650,2.0,1.0,4.0,4.0,1.0,2.0,2.0
484070651,1.0,1.0,1.0,3.0,1.0,1.0,1.0
484070652,1.0,2.0,3.0,4.0,3.0,3.0,4.0
484070653,2.0,2.0,4.0,4.0,2.0,4.0,4.0
484070654,2.0,1.0,4.0,4.0,4.0,2.0,4.0
484070655,1.0,1.0,3.0,3.0,1.0,1.0,1.0
484070656,2.0,1.0,1.0,1.0,2.0,2.0,1.0
484070657,3.0,1.0,3.0,4.0,1.0,1.0,4.0
484070658,3.0,2.0,4.0,4.0,4.0,3.0,4.0
484070659,1.0,1.0,1.0,4.0,3.0,3.0,3.0
484070660,2.0,1.0,3.0,3.0,1.0,3.0,2.0
484070661,2.0,1.0,4.0,3.0,2.0,2.0,3.0
484070662,3.0,1.0,4.0,2.0,3.0,2.0,3.0
484070663,1.0,1.0,4.0,4.0,1.0,3.0,4.0
484070664,1.0,1.0,4.0,4.0,1.0,1.0,4.0
484070665,2.0,1.0,1.0,3.0,1.0,2.0,2.0
484070666,1.0,1.0,3.0,3.0,1.0,1.0,1.0
484070667,1.0,1.0,2.0,3.0,1.0,1.0,3.0
484070668,2.0,2.0,4.0,4.0,4.0,4.0,4.0
484070669,3.0,3.0,4.0,3.0,1.0,4.0,4.0
484070670,3.0,2.0,3.0,4.0,2.0,3.0,3.0
484070671,3.0,2.0,3.0,3.0,3.0,4.0,3.0
484070672,3.0,1.0,3.0,4.0,3.0,3.0,3.0
484070673,3.0,2.0,3.0,3.0,4.0,3.0,3.0
484070674,3.0,2.0,4.0,4.0,3.0,3.0,3.0
484070675,3.0,2.0,4.0,4.0,4.0,4.0,4.0
484070676,3.0,2.0,3.0,4.0,3.0,3.0,3.0
484070677,2.0,1.0,3.0,3.0,3.0,2.0,4.0
484070678,4.0,4.0,4.0,4.0,4.0,4.0,4.0
484070679,4.0,2.0,4.0,4.0,4.0,4.0,4.0
484070680,1.0,2.0,4.0,2.0,4.0,3.0,3.0
484070681,3.0,2.0,4.0,4.0,4.0,3.0,4.0
484070682,4.0,1.0,4.0,3.0,1.0,3.0,3.0
484070683,3.0,3.0,4.0,4.0,4.0,4.0,3.0
484070684,3.0,3.0,3.0,3.0,3.0,4.0,2.0
484070685,2.0,4.0,3.0,4.0,4.0,4.0,4.0
484070686,2.0,2.0,3.0,4.0,2.0,2.0,4.0
484070687,3.0,1.0,4.0,4.0,3.0,3.0,3.0
484070688,2.0,2.0,3.0,3.0,2.0,2.0,2.0
484070689,2.0,2.0,4.0,3.0,2.0,3.0,2.0
484070690,4.0,4.0,4.0,4.0,4.0,4.0,4.0
484070691,3.0,1.0,1.0,4.0,1.0,1.0,2.0
484070692,1.0,1.0,2.0,1.0,1.0,1.0,1.0
484070693,2.0,2.0,3.0,4.0,3.0,3.0,4.0
484070694,4.0,2.0,4.0,4.0,4.0,3.0,4.0
484070695,4.0,2.0,4.0,4.0,4.0,3.0,4.0
484070696,1.0,1.0,4.0,4.0,1.0,1.0,3.0
484070697,1.0,1.0,1.0,4.0,4.0,3.0,4.0
484070698,3.0,4.0,4.0,4.0,2.0,3.0,3.0
484070699,2.0,1.0,4.0,4.0,2.0,2.0,4.0
484070700,4.0,3.0,2.0,4.0,4.0,4.0,4.0
484070701,4.0,1.0,4.0,4.0,4.0,4.0,4.0
484070702,1.0,1.0,4.0,4.0,1.0,4.0,1.0
484070703,4.0,4.0,4.0,4.0,4.0,4.0,4.0
484070704,2.0,1.0,3.0,4.0,4.0,4.0,4.0
484070705,2.0,1.0,4.0,3.0,1.0,1.0,1.0
484070706,3.0,4.0,4.0,4.0,4.0,4.0,4.0
484070707,2.0,3.0,4.0,3.0,2.0,1.0,3.0
484070708,1.0,1.0,2.0,2.0,1.0,1.0,1.0
484070709,2.0,1.0,4.0,4.0,4.0,4.0,4.0
484070710,3.0,4.0,4.0,4.0,4.0,4.0,4.0
484070711,3.0,4.0,3.0,2.0,4.0,4.0,4.0
484070712,3.0,1.0,4.0,4.0,3.0,3.0,3.0
484070713,2.0,3.0,3.0,4.0,3.0,3.0,3.0
484070714,3.0,1.0,2.0,4.0,3.0,4.0,4.0
484070715,4.0,4.0,4.0,4.0,4.0,4.0,4.0
484070716,2.0,2.0,3.0,3.0,3.0,3.0,3.0
484070717,3.0,1.0,3.0,3.0,4.0,3.0,3.0
484070718,3.0,1.0,4.0,4.0,1.0,1.0,4.0
484070719,2.0,2.0,3.0,3.0,2.0,3.0,2.0
484070720,3.0,1.0,3.0,3.0,2.0,3.0,2.0
484070721,2.0,1.0,2.0,3.0,4.0,4.0,1.0
484070722,2.0,2.0,3.0,4.0,4.0,4.0,2.0
484070723,2.0,1.0,3.0,4.0,3.0,3.0,3.0
484070724,3.0,2.0,1.0,3.0,3.0,3.0,3.0
484070725,3.0,2.0,1.0,2.0,2.0,1.0,3.0
484070726,2.0,2.0,2.0,4.0,2.0,2.0,4.0
484070727,1.0,1.0,2.0,2.0,1.0,1.0,1.0
484070728,4.0,3.0,4.0,4.0,3.0,3.0,4.0
484070729,4.0,2.0,4.0,4.0,3.0,3.0,4.0
484070730,3.0,3.0,4.0,4.0,4.0,4.0,4.0
484070731,3.0,4.0,4.0,4.0,4.0,4.0,4.0
484070732,1.0,1.0,4.0,4.0,1.0,1.0,1.0
484070733,1.0,1.0,3.0,4.0,2.0,2.0,2.0
484070734,3.0,1.0,4.0,4.0,1.0,1.0,4.0
484070735,3.0,1.0,1.0,4.0,1.0,1.0,2.0
484070736,3.0,2.0,2.0,4.0,4.0,4.0,4.0
484070737,2.0,1.0,4.0,4.0,2.0,2.0,4.0
484070738,2.0,2.0,2.0,2.0,2.0,2.0,2.0
484070739,1.0,1.0,2.0,2.0,1.0,2.0,2.0
484070740,3.0,3.0,3.0,3.0,3.0,3.0,3.0
484070741,3.0,2.0,2.0,3.0,3.0,3.0,3.0
484070742,3.0,2.0,3.0,3.0,3.0,3.0,3.0
484070743,3.0,3.0,4.0,4.0,3.0,3.0,3.0
484070744,3.0,3.0,3.0,3.0,3.0,3.0,3.0
484070745,4.0,4.0,4.0,4.0,4.0,4.0,4.0
484070746,3.0,3.0,4.0,4.0,3.0,3.0,4.0
484070747,2.0,1.0,4.0,4.0,2.0,2.0,4.0
484070748,3.0,1.0,4.0,4.0,3.0,2.0,3.0
484070749,1.0,1.0,2.0,2.0,2.0,4.0,4.0
484070750,2.0,3.0,2.0,3.0,2.0,2.0,3.0
484070751,3.0,4.0,3.0,3.0,2.0,3.0,2.0
484070752,2.0,3.0,3.0,4.0,2.0,1.0,-1.0
484070753,3.0,3.0,4.0,4.0,4.0,4.0,4.0
484070754,4.0,4.0,4.0,4.0,4.0,4.0,4.0
484070755,2.0,1.0,4.0,4.0,2.0,2.0,3.0
484070756,3.0,1.0,2.0,2.0,1.0,1.0,1.0
484070757,2.0,1.0,4.0,2.0,1.0,1.0,2.0
484070758,4.0,1.0,1.0,2.0,4.0,4.0,4.0
484070759,4.0,1.0,4.0,4.0,4.0,4.0,4.0
484070760,3.0,1.0,3.0,3.0,3.0,3.0,3.0
484070761,3.0,3.0,3.0,3.0,1.0,4.0,3.0
484070762,3.0,1.0,4.0,4.0,3.0,3.0,4.0
484070763,1.0,1.0,4.0,1.0,3.0,3.0,2.0
484070764,1.0,1.0,4.0,4.0,4.0,4.0,4.0
484070765,3.0,3.0,4.0,4.0,4.0,4.0,4.0
484070766,2.0,1.0,4.0,4.0,3.0,3.0,4.0
484070767,2.0,1.0,4.0,4.0,2.0,3.0,4.0
484070768,2.0,1.0,3.0,2.0,2.0,2.0,3.0
484070769,2.0,1.0,3.0,3.0,2.0,3.0,3.0
484070770,4.0,1.0,4.0,4.0,4.0,2.0,4.0
484070771,3.0,3.0,4.0,4.0,4.0,4.0,4.0
484070772,2.0,1.0,3.0,3.0,3.0,3.0,3.0
484070773,3.0,1.0,2.0,4.0,1.0,1.0,4.0
484070774,4.0,2.0,-1.0,4.0,4.0,4.0,4.0
484070775,1.0,1.0,3.0,2.0,1.0,1.0,1.0
484070776,2.0,1.0,3.0,3.0,2.0,2.0,3.0
484070777,3.0,1.0,4.0,4.0,4.0,3.0,1.0
484070778,3.0,1.0,3.0,3.0,1.0,1.0,3.0
484070779,3.0,1.0,3.0,4.0,4.0,2.0,4.0
484070780,2.0,1.0,4.0,4.0,2.0,3.0,3.0
484070781,1.0,1.0,3.0,2.0,2.0,2.0,2.0
484070782,2.0,1.0,2.0,3.0,1.0,2.0,2.0
484070783,2.0,1.0,3.0,4.0,2.0,1.0,2.0
484070784,3.0,1.0,1.0,2.0,1.0,1.0,3.0
484070785,4.0,4.0,4.0,4.0,4.0,4.0,4.0
484070786,2.0,1.0,3.0,3.0,2.0,3.0,3.0
484070787,1.0,1.0,1.0,1.0,1.0,1.0,1.0
484070788,1.0,1.0,2.0,1.0,2.0,2.0,1.0
484070789,3.0,3.0,4.0,4.0,3.0,4.0,4.0
484070790,2.0,3.0,4.0,3.0,4.0,4.0,3.0
484070791,1.0,1.0,3.0,3.0,1.0,1.0,1.0
484070792,1.0,1.0,1.0,4.0,1.0,1.0,1.0
484070793,2.0,2.0,1.0,2.0,1.0,1.0,2.0
484070794,1.0,2.0,4.0,2.0,3.0,2.0,4.0
484070795,1.0,1.0,4.0,4.0,3.0,2.0,4.0
484070796,1.0,1.0,2.0,1.0,1.0,1.0,2.0
484070797,2.0,1.0,1.0,2.0,2.0,2.0,3.0
484070798,2.0,2.0,2.0,2.0,4.0,4.0,2.0
484070799,1.0,1.0,1.0,1.0,1.0,1.0,1.0
484070800,1.0,1.0,1.0,1.0,1.0,1.0,1.0
484070801,2.0,2.0,4.0,4.0,3.0,4.0,4.0
484070802,2.0,3.0,3.0,2.0,1.0,1.0,1.0
484070803,1.0,1.0,2.0,3.0,2.0,2.0,3.0
484070804,2.0,3.0,4.0,4.0,4.0,4.0,4.0
484070805,1.0,1.0,1.0,1.0,3.0,3.0,1.0
484070806,1.0,1.0,4.0,3.0,4.0,3.0,4.0
484070807,1.0,1.0,1.0,1.0,1.0,1.0,1.0
484070808,1.0,1.0,4.0,4.0,1.0,1.0,1.0
484070809,1.0,1.0,1.0,2.0,1.0,1.0,1.0
484070810,2.0,4.0,4.0,4.0,4.0,4.0,4.0
484070811,3.0,2.0,1.0,1.0,2.0,3.0,3.0
484070812,1.0,1.0,1.0,4.0,1.0,1.0,1.0
484070813,1.0,1.0,3.0,1.0,1.0,1.0,1.0
484070814,1.0,1.0,1.0,3.0,4.0,4.0,1.0
484070815,4.0,1.0,4.0,4.0,4.0,4.0,4.0
484070816,4.0,2.0,4.0,4.0,1.0,3.0,4.0
484070817,3.0,1.0,1.0,4.0,1.0,1.0,1.0
484070818,3.0,2.0,3.0,4.0,2.0,2.0,4.0
484070819,2.0,2.0,4.0,4.0,-1.0,2.0,4.0
484070820,3.0,4.0,1.0,3.0,3.0,4.0,4.0
484070821,3.0,2.0,4.0,4.0,2.0,3.0,4.0
484070822,4.0,1.0,4.0,4.0,1.0,3.0,4.0
484070823,1.0,1.0,3.0,4.0,1.0,1.0,2.0
484070824,3.0,2.0,4.0,4.0,1.0,3.0,1.0
484070825,3.0,2.0,4.0,4.0,1.0,1.0,3.0
484070826,3.0,1.0,3.0,1.0,2.0,3.0,3.0
484070827,3.0,2.0,4.0,4.0,4.0,4.0,4.0
484070828,2.0,2.0,3.0,4.0,4.0,2.0,2.0
484070829,4.0,1.0,3.0,4.0,4.0,4.0,4.0
484070830,2.0,4.0,4.0,4.0,4.0,3.0,3.0
484070831,3.0,3.0,4.0,4.0,2.0,2.0,-1.0
484070832,3.0,1.0,4.0,3.0,1.0,3.0,3.0
484070833,1.0,1.0,3.0,4.0,1.0,1.0,2.0
484070834,2.0,3.0,3.0,2.0,2.0,3.0,3.0
484070835,2.0,2.0,2.0,2.0,2.0,2.0,2.0
484070836,3.0,3.0,2.0,2.0,3.0,3.0,3.0
484070837,2.0,2.0,3.0,2.0,2.0,2.0,2.0
484070838,1.0,1.0,2.0,2.0,2.0,1.0,2.0
484070839,2.0,2.0,3.0,4.0,3.0,2.0,2.0
484070840,2.0,1.0,3.0,2.0,2.0,3.0,2.0
484070841,3.0,2.0,2.0,3.0,2.0,2.0,2.0
484070842,1.0,2.0,4.0,4.0,4.0,2.0,4.0
484070843,2.0,4.0,4.0,4.0,4.0,4.0,4.0
484070844,2.0,2.0,3.0,3.0,1.0,1.0,-1.0
484070845,2.0,2.0,3.0,4.0,4.0,3.0,4.0
484070846,2.0,1.0,4.0,4.0,4.0,4.0,4.0
484070847,3.0,3.0,3.0,3.0,3.0,4.0,4.0
484070848,2.0,1.0,4.0,3.0,3.0,2.0,2.0
484070849,3.0,3.0,4.0,4.0,4.0,4.0,4.0
484070850,3.0,3.0,3.0,3.0,3.0,3.0,3.0
484070851,1.0,1.0,4.0,4.0,1.0,2.0,4.0
484070852,2.0,1.0,3.0,4.0,1.0,1.0,2.0
484070853,4.0,4.0,4.0,4.0,4.0,4.0,4.0
484070854,1.0,1.0,4.0,4.0,1.0,4.0,2.0
484070855,2.0,2.0,3.0,4.0,2.0,2.0,4.0
484070856,1.0,1.0,4.0,4.0,1.0,1.0,2.0
484070857,3.0,2.0,4.0,4.0,4.0,4.0,4.0
484070858,3.0,3.0,3.0,2.0,4.0,3.0,3.0
484070859,1.0,1.0,1.0,4.0,3.0,3.0,3.0
484070860,2.0,2.0,4.0,4.0,1.0,1.0,1.0
484070861,1.0,1.0,1.0,1.0,1.0,1.0,1.0
484070862,1.0,1.0,1.0,1.0,1.0,1.0,1.0
484070863,1.0,2.0,1.0,2.0,2.0,1.0,1.0
484070864,4.0,2.0,4.0,2.0,4.0,1.0,1.0
484070865,1.0,4.0,4.0,1.0,1.0,4.0,4.0
484070866,3.0,3.0,4.0,4.0,3.0,2.0,4.0
484070867,1.0,1.0,4.0,3.0,1.0,1.0,3.0
484070868,1.0,1.0,1.0,4.0,1.0,1.0,2.0
484070869,2.0,1.0,1.0,3.0,1.0,2.0,4.0
484070870,2.0,2.0,3.0,2.0,2.0,1.0,2.0
484070871,2.0,2.0,2.0,3.0,2.0,1.0,2.0
484070872,1.0,1.0,4.0,2.0,4.0,1.0,1.0
484070873,1.0,1.0,4.0,4.0,-1.0,3.0,4.0
484070874,2.0,1.0,2.0,3.0,2.0,3.0,2.0
484070875,1.0,2.0,4.0,3.0,2.0,1.0,1.0
484070876,3.0,1.0,4.0,4.0,2.0,1.0,4.0
484070877,2.0,2.0,4.0,4.0,3.0,3.0,3.0
484070878,1.0,2.0,3.0,2.0,3.0,1.0,1.0
484070879,1.0,1.0,1.0,2.0,3.0,2.0,1.0
484070880,2.0,1.0,4.0,4.0,1.0,2.0,4.0
484070881,1.0,2.0,4.0,4.0,3.0,3.0,3.0
484070882,1.0,1.0,1.0,1.0,1.0,1.0,1.0
484070883,1.0,2.0,2.0,1.0,2.0,3.0,3.0
484070884,1.0,2.0,4.0,3.0,3.0,2.0,2.0
484070885,2.0,2.0,4.0,4.0,3.0,2.0,4.0
484070886,2.0,1.0,4.0,4.0,4.0,2.0,4.0
484070887,2.0,1.0,4.0,4.0,4.0,1.0,2.0
484070888,2.0,2.0,4.0,3.0,4.0,4.0,3.0
484070889,3.0,1.0,3.0,4.0,3.0,4.0,4.0
484070890,1.0,1.0,2.0,1.0,2.0,1.0,1.0
484070891,1.0,2.0,2.0,2.0,1.0,1.0,1.0
484070892,2.0,2.0,4.0,3.0,2.0,3.0,4.0
484070893,1.0,1.0,3.0,1.0,1.0,1.0,1.0
484070894,2.0,1.0,2.0,2.0,1.0,1.0,1.0
484070895,2.0,2.0,3.0,4.0,3.0,3.0,3.0
484070896,2.0,3.0,4.0,4.0,1.0,1.0,1.0
484070897,1.0,1.0,1.0,1.0,1.0,1.0,1.0
484070898,2.0,2.0,4.0,3.0,2.0,2.0,2.0
484070899,2.0,2.0,2.0,2.0,1.0,2.0,1.0
484070900,2.0,2.0,2.0,4.0,3.0,2.0,4.0
484070901,2.0,3.0,3.0,4.0,3.0,3.0,3.0
484070902,2.0,1.0,3.0,3.0,4.0,4.0,3.0
484070903,1.0,1.0,1.0,1.0,1.0,1.0,1.0
484070904,3.0,3.0,3.0,4.0,4.0,4.0,4.0
484070905,2.0,1.0,2.0,2.0,2.0,2.0,2.0
484070906,1.0,1.0,4.0,4.0,4.0,4.0,4.0
484070907,3.0,2.0,4.0,4.0,-1.0,3.0,3.0
484070908,1.0,1.0,3.0,4.0,2.0,3.0,4.0
484070909,1.0,2.0,3.0,3.0,-1.0,4.0,2.0
484070910,3.0,4.0,3.0,2.0,1.0,1.0,2.0
484070911,1.0,1.0,1.0,1.0,1.0,1.0,1.0
484070912,2.0,3.0,4.0,3.0,4.0,3.0,4.0
484070913,1.0,2.0,1.0,2.0,3.0,2.0,2.0
484070914,1.0,2.0,2.0,1.0,1.0,1.0,1.0
484070915,1.0,2.0,1.0,1.0,1.0,2.0,1.0
484070916,2.0,2.0,3.0,3.0,2.0,2.0,3.0
484070917,2.0,3.0,4.0,4.0,4.0,4.0,4.0
484070918,2.0,1.0,4.0,4.0,1.0,3.0,4.0
484070919,3.0,1.0,4.0,1.0,1.0,4.0,4.0
484070920,2.0,2.0,4.0,2.0,1.0,2.0,1.0
484070921,1.0,1.0,4.0,4.0,2.0,4.0,3.0
484070922,4.0,3.0,4.0,1.0,4.0,4.0,4.0
484070923,3.0,-1.0,3.0,3.0,-1.0,3.0,4.0
484070924,1.0,1.0,3.0,3.0,4.0,3.0,4.0
484070925,2.0,1.0,1.0,1.0,1.0,2.0,4.0
484070926,2.0,4.0,1.0,4.0,1.0,4.0,3.0
484070927,2.0,2.0,1.0,1.0,1.0,2.0,2.0
484070928,3.0,3.0,3.0,4.0,4.0,4.0,4.0
484070929,4.0,1.0,4.0,4.0,3.0,3.0,4.0
484070930,2.0,2.0,2.0,2.0,2.0,2.0,2.0
484070931,3.0,3.0,3.0,3.0,3.0,3.0,3.0
484070932,4.0,4.0,4.0,4.0,4.0,4.0,4.0
484070933,2.0,2.0,2.0,1.0,2.0,2.0,2.0
484070934,3.0,1.0,4.0,4.0,1.0,3.0,4.0
484070935,4.0,3.0,4.0,4.0,4.0,4.0,4.0
484070936,3.0,1.0,1.0,4.0,1.0,1.0,3.0
484070937,2.0,1.0,3.0,4.0,3.0,4.0,4.0
484070938,2.0,3.0,2.0,1.0,2.0,4.0,4.0
484070939,3.0,3.0,3.0,3.0,3.0,3.0,3.0
484070940,1.0,2.0,2.0,4.0,2.0,2.0,4.0
484070941,3.0,3.0,4.0,4.0,3.0,3.0,3.0
484070942,2.0,1.0,1.0,1.0,2.0,2.0,1.0
484070943,3.0,2.0,4.0,4.0,4.0,3.0,2.0
484070944,4.0,3.0,4.0,4.0,3.0,4.0,3.0
484070945,2.0,2.0,4.0,4.0,2.0,3.0,4.0
484070946,2.0,1.0,3.0,3.0,2.0,1.0,4.0
484070947,3.0,4.0,3.0,4.0,4.0,3.0,4.0
484070948,3.0,3.0,4.0,3.0,3.0,3.0,3.0
484070949,3.0,1.0,1.0,3.0,2.0,2.0,3.0
484070950,2.0,3.0,4.0,4.0,4.0,4.0,4.0
484070951,2.0,2.0,2.0,4.0,2.0,2.0,4.0
484070952,4.0,3.0,4.0,3.0,4.0,3.0,3.0
484070953,2.0,1.0,3.0,4.0,3.0,2.0,4.0
484070954,3.0,1.0,3.0,4.0,-1.0,-1.0,-1.0
484070955,4.0,3.0,4.0,4.0,1.0,4.0,4.0
484070956,3.0,1.0,4.0,4.0,1.0,1.0,1.0
484070957,2.0,2.0,2.0,2.0,2.0,2.0,-1.0
484070958,2.0,2.0,4.0,2.0,3.0,2.0,3.0
484070959,2.0,3.0,3.0,4.0,4.0,4.0,4.0
484070960,3.0,3.0,4.0,4.0,4.0,4.0,4.0
484070961,3.0,2.0,4.0,4.0,4.0,4.0,4.0
484070962,4.0,3.0,4.0,4.0,4.0,3.0,4.0
484070963,3.0,2.0,3.0,3.0,3.0,3.0,3.0
484070964,3.0,1.0,3.0,3.0,3.0,3.0,3.0
484070965,3.0,1.0,3.0,4.0,1.0,3.0,4.0
484070966,3.0,3.0,4.0,4.0,4.0,3.0,-1.0
484070967,2.0,2.0,4.0,4.0,3.0,2.0,2.0
484070968,2.0,3.0,3.0,4.0,3.0,4.0,4.0
484070969,1.0,3.0,3.0,3.0,4.0,3.0,3.0
484070970,1.0,4.0,4.0,4.0,4.0,4.0,4.0
484070971,1.0,1.0,4.0,2.0,1.0,1.0,1.0
484070972,2.0,3.0,4.0,4.0,4.0,4.0,4.0
484070973,1.0,-1.0,-1.0,-1.0,-1.0,-1.0,4.0
484070974,1.0,1.0,4.0,4.0,4.0,4.0,4.0
484070975,1.0,1.0,4.0,4.0,4.0,2.0,4.0
484070976,2.0,1.0,3.0,2.0,1.0,1.0,-1.0
484070977,1.0,1.0,4.0,4.0,3.0,3.0,3.0
484070978,4.0,3.0,4.0,4.0,4.0,4.0,4.0
484070979,1.0,3.0,4.0,4.0,4.0,1.0,4.0
484070980,3.0,3.0,4.0,4.0,4.0,4.0,4.0
484070981,1.0,1.0,3.0,1.0,1.0,1.0,1.0
484070982,1.0,2.0,4.0,2.0,4.0,2.0,1.0
484070983,3.0,4.0,4.0,4.0,4.0,4.0,4.0
484070984,3.0,1.0,4.0,3.0,1.0,3.0,3.0
484070985,4.0,1.0,4.0,4.0,2.0,3.0,3.0
484070986,1.0,3.0,1.0,2.0,4.0,4.0,2.0
484070987,1.0,1.0,3.0,4.0,1.0,1.0,1.0
484070988,2.0,1.0,4.0,4.0,2.0,3.0,4.0
484070989,2.0,3.0,4.0,4.0,2.0,4.0,4.0
484070990,3.0,3.0,4.0,4.0,4.0,4.0,4.0
484070991,3.0,3.0,4.0,4.0,4.0,4.0,4.0
484070992,3.0,3.0,4.0,4.0,4.0,4.0,4.0
484070993,3.0,2.0,4.0,4.0,4.0,4.0,4.0
484070994,3.0,3.0,3.0,3.0,3.0,3.0,3.0
484070995,3.0,2.0,3.0,2.0,3.0,2.0,1.0
484070996,3.0,2.0,4.0,4.0,4.0,4.0,4.0
484070997,3.0,1.0,4.0,4.0,4.0,4.0,4.0
484070998,2.0,1.0,4.0,4.0,2.0,3.0,4.0
484070999,2.0,1.0,4.0,4.0,4.0,2.0,4.0
484071000,3.0,1.0,4.0,4.0,1.0,3.0,3.0
484071001,4.0,3.0,4.0,4.0,4.0,4.0,4.0
484071002,1.0,1.0,2.0,2.0,2.0,3.0,3.0
484071003,2.0,1.0,2.0,1.0,1.0,1.0,1.0
484071004,1.0,1.0,3.0,3.0,3.0,3.0,3.0
484071005,1.0,1.0,1.0,1.0,1.0,1.0,3.0
484071006,3.0,4.0,4.0,4.0,4.0,4.0,4.0
484071007,1.0,1.0,3.0,4.0,1.0,3.0,4.0
484071008,1.0,1.0,2.0,4.0,1.0,3.0,3.0
484071009,2.0,1.0,4.0,4.0,2.0,4.0,4.0
484071010,4.0,3.0,4.0,4.0,3.0,3.0,4.0
484071011,1.0,2.0,3.0,4.0,-1.0,3.0,4.0
484071012,1.0,1.0,3.0,3.0,1.0,1.0,-1.0
484071013,3.0,1.0,3.0,4.0,3.0,1.0,3.0
484071014,2.0,2.0,4.0,2.0,1.0,2.0,2.0
484071015,4.0,2.0,4.0,4.0,4.0,4.0,4.0
484071016,4.0,4.0,4.0,4.0,2.0,4.0,4.0
484071017,3.0,2.0,4.0,4.0,4.0,3.0,4.0
484071018,1.0,1.0,1.0,1.0,1.0,2.0,3.0
484071019,2.0,3.0,4.0,2.0,1.0,1.0,1.0
484071020,3.0,2.0,1.0,1.0,1.0,1.0,1.0
484071021,1.0,1.0,1.0,1.0,1.0,1.0,1.0
484071022,2.0,1.0,1.0,2.0,2.0,1.0,1.0
484071023,3.0,3.0,2.0,3.0,4.0,3.0,4.0
484071024,3.0,2.0,4.0,3.0,2.0,4.0,4.0
484071025,2.0,3.0,2.0,1.0,1.0,1.0,1.0
484071026,2.0,2.0,4.0,4.0,3.0,2.0,2.0
484071027,1.0,1.0,4.0,4.0,2.0,3.0,4.0
484071028,3.0,3.0,4.0,3.0,3.0,3.0,3.0
484071029,2.0,1.0,4.0,4.0,1.0,1.0,1.0
484071030,3.0,2.0,4.0,4.0,4.0,4.0,4.0
484071031,4.0,3.0,4.0,4.0,2.0,2.0,4.0
484071032,4.0,4.0,4.0,4.0,4.0,4.0,4.0
484071033,1.0,1.0,4.0,4.0,2.0,2.0,4.0
484071034,2.0,3.0,4.0,4.0,2.0,4.0,4.0
484071035,2.0,2.0,3.0,3.0,2.0,3.0,3.0
484071036,1.0,1.0,4.0,2.0,-1.0,-1.0,-1.0
484071037,2.0,1.0,3.0,4.0,1.0,3.0,1.0
484071038,3.0,3.0,3.0,3.0,2.0,1.0,1.0
484071039,2.0,1.0,2.0,2.0,3.0,4.0,4.0
484071040,-1.0,4.0,4.0,4.0,4.0,4.0,4.0
484071041,3.0,3.0,4.0,4.0,4.0,4.0,4.0
484071042,1.0,4.0,4.0,4.0,4.0,4.0,4.0
484071043,2.0,4.0,4.0,4.0,4.0,4.0,4.0
484071044,3.0,4.0,4.0,4.0,4.0,4.0,4.0
484071045,3.0,4.0,4.0,4.0,4.0,4.0,4.0
484071046,3.0,4.0,4.0,4.0,1.0,3.0,2.0
484071047,1.0,1.0,1.0,1.0,1.0,1.0,1.0
484071048,3.0,1.0,3.0,2.0,4.0,3.0,3.0
484071049,4.0,2.0,4.0,4.0,4.0,4.0,4.0
484071050,4.0,3.0,4.0,4.0,4.0,4.0,4.0
484071051,1.0,3.0,4.0,2.0,4.0,1.0,3.0
484071052,4.0,3.0,4.0,4.0,4.0,4.0,4.0
484071053,4.0,2.0,4.0,4.0,4.0,4.0,4.0
484071054,2.0,4.0,3.0,4.0,4.0,4.0,4.0
484071055,4.0,4.0,4.0,-1.0,-1.0,-1.0,-1.0
484071056,2.0,4.0,4.0,4.0,4.0,2.0,4.0
484071057,-1.0,1.0,-1.0,-1.0,2.0,1.0,1.0
484071058,3.0,3.0,3.0,3.0,3.0,3.0,3.0
484071059,4.0,4.0,4.0,4.0,4.0,4.0,4.0
484071060,3.0,2.0,4.0,1.0,4.0,4.0,4.0
484071061,3.0,1.0,3.0,4.0,3.0,3.0,3.0
484071062,3.0,3.0,4.0,4.0,3.0,4.0,4.0
484071063,3.0,3.0,4.0,4.0,4.0,4.0,4.0
484071064,3.0,2.0,4.0,4.0,4.0,3.0,4.0
484071065,3.0,3.0,4.0,4.0,4.0,4.0,4.0
484071066,4.0,4.0,4.0,4.0,4.0,4.0,4.0
484071067,1.0,2.0,4.0,1.0,1.0,1.0,1.0
484071068,1.0,1.0,3.0,-1.0,1.0,1.0,1.0
484071069,1.0,1.0,3.0,2.0,1.0,1.0,2.0
484071070,3.0,4.0,4.0,4.0,4.0,4.0,4.0
484071071,2.0,3.0,4.0,4.0,4.0,4.0,4.0
484071072,1.0,1.0,2.0,4.0,1.0,3.0,2.0
484071073,2.0,2.0,2.0,4.0,4.0,4.0,4.0
484071074,2.0,3.0,2.0,3.0,3.0,3.0,3.0
484071075,1.0,2.0,2.0,3.0,3.0,3.0,3.0
484071076,2.0,2.0,2.0,2.0,2.0,4.0,4.0
484071077,1.0,2.0,2.0,3.0,3.0,3.0,4.0
484071078,1.0,1.0,2.0,2.0,3.0,1.0,4.0
484071079,2.0,1.0,4.0,-1.0,1.0,1.0,2.0
484071080,2.0,2.0,4.0,4.0,2.0,3.0,3.0
484071081,1.0,1.0,4.0,4.0,1.0,1.0,1.0
484071082,4.0,3.0,4.0,4.0,4.0,4.0,4.0
484071083,2.0,2.0,4.0,2.0,2.0,2.0,2.0
484071084,2.0,2.0,2.0,2.0,1.0,1.0,1.0
484071085,1.0,1.0,2.0,1.0,1.0,1.0,1.0
484071086,3.0,1.0,4.0,4.0,4.0,4.0,4.0
484071087,3.0,2.0,4.0,4.0,4.0,4.0,4.0
484071088,2.0,4.0,4.0,4.0,4.0,4.0,4.0
484071089,4.0,4.0,4.0,3.0,4.0,4.0,4.0
484071090,4.0,1.0,4.0,4.0,3.0,2.0,3.0
484071091,4.0,3.0,4.0,4.0,4.0,4.0,4.0
484071092,3.0,4.0,4.0,4.0,4.0,4.0,4.0
484071093,1.0,1.0,3.0,1.0,2.0,1.0,4.0
484071094,3.0,1.0,1.0,3.0,1.0,1.0,3.0
484071095,3.0,3.0,4.0,4.0,4.0,4.0,4.0
484071096,2.0,2.0,4.0,4.0,2.0,2.0,2.0
484071097,2.0,3.0,3.0,4.0,1.0,2.0,3.0
484071098,1.0,1.0,3.0,2.0,1.0,1.0,3.0
484071099,1.0,1.0,3.0,2.0,2.0,1.0,2.0
484071100,1.0,1.0,4.0,4.0,1.0,1.0,3.0
484071101,1.0,2.0,4.0,2.0,1.0,1.0,2.0
484071102,1.0,1.0,3.0,2.0,1.0,1.0,1.0
484071103,1.0,1.0,3.0,2.0,1.0,1.0,3.0
484071104,2.0,2.0,4.0,4.0,2.0,2.0,2.0
484071105,1.0,1.0,3.0,2.0,1.0,1.0,1.0
484071106,1.0,1.0,3.0,2.0,1.0,1.0,1.0
484071107,1.0,1.0,3.0,2.0,2.0,1.0,2.0
484071108,1.0,1.0,3.0,2.0,1.0,1.0,3.0
484071109,1.0,1.0,3.0,2.0,1.0,1.0,1.0
484071110,3.0,2.0,2.0,2.0,1.0,3.0,1.0
484071111,1.0,1.0,1.0,1.0,1.0,1.0,2.0
484071112,1.0,1.0,4.0,4.0,2.0,2.0,3.0
484071113,2.0,1.0,2.0,4.0,3.0,2.0,2.0
484071114,1.0,1.0,4.0,1.0,4.0,4.0,4.0
484071115,1.0,1.0,4.0,4.0,4.0,4.0,4.0
484071116,2.0,2.0,4.0,3.0,2.0,4.0,2.0
484071117,2.0,2.0,4.0,4.0,4.0,3.0,4.0
484071118,1.0,1.0,4.0,4.0,1.0,4.0,4.0
484071119,1.0,4.0,4.0,4.0,2.0,4.0,4.0
484071120,4.0,3.0,4.0,4.0,4.0,4.0,4.0
484071121,1.0,1.0,1.0,4.0,1.0,1.0,1.0
484071122,1.0,2.0,3.0,3.0,4.0,3.0,3.0
484071123,3.0,1.0,1.0,2.0,1.0,3.0,3.0
484071124,3.0,2.0,4.0,4.0,4.0,4.0,4.0
484071125,2.0,1.0,4.0,3.0,3.0,2.0,4.0
484071126,1.0,1.0,4.0,4.0,4.0,4.0,4.0
484071127,2.0,2.0,4.0,4.0,2.0,3.0,3.0
484071128,4.0,2.0,4.0,4.0,4.0,4.0,4.0
484071129,2.0,2.0,4.0,2.0,1.0,1.0,1.0
484071130,4.0,3.0,4.0,4.0,4.0,4.0,4.0
484071131,3.0,1.0,1.0,3.0,3.0,3.0,3.0
484071132,1.0,2.0,2.0,1.0,2.0,2.0,2.0
484071133,1.0,1.0,4.0,4.0,1.0,4.0,4.0
484071134,3.0,1.0,1.0,2.0,3.0,3.0,3.0
484071135,2.0,2.0,2.0,4.0,1.0,2.0,4.0
484071136,4.0,1.0,4.0,4.0,4.0,4.0,4.0
484071137,4.0,1.0,4.0,4.0,4.0,4.0,4.0
484071138,3.0,3.0,4.0,4.0,4.0,4.0,4.0
484071139,4.0,1.0,4.0,4.0,1.0,3.0,4.0
484071140,1.0,1.0,1.0,4.0,1.0,4.0,1.0
484071141,2.0,2.0,4.0,4.0,1.0,1.0,1.0
484071142,2.0,2.0,4.0,4.0,4.0,2.0,2.0
484071143,1.0,1.0,1.0,2.0,2.0,1.0,2.0
484071144,3.0,4.0,4.0,4.0,4.0,4.0,4.0
484071145,2.0,4.0,4.0,2.0,2.0,4.0,4.0
484071146,2.0,2.0,2.0,2.0,2.0,2.0,2.0
484071147,2.0,1.0,1.0,3.0,1.0,1.0,3.0
484071148,1.0,1.0,4.0,2.0,2.0,2.0,4.0
484071149,1.0,1.0,1.0,1.0,1.0,1.0,4.0
484071150,1.0,1.0,1.0,1.0,1.0,1.0,1.0
484071151,1.0,1.0,1.0,1.0,1.0,1.0,1.0
484071152,4.0,2.0,4.0,4.0,2.0,2.0,4.0
484071153,1.0,1.0,4.0,4.0,4.0,4.0,4.0
484071154,2.0,2.0,2.0,2.0,2.0,2.0,2.0
484071155,3.0,3.0,3.0,3.0,3.0,3.0,3.0
484071156,2.0,2.0,2.0,2.0,2.0,2.0,2.0
484071157,2.0,2.0,3.0,2.0,2.0,3.0,2.0
484071158,1.0,1.0,1.0,1.0,1.0,1.0,1.0
484071159,2.0,2.0,4.0,4.0,2.0,2.0,2.0
484071160,1.0,3.0,1.0,1.0,2.0,1.0,4.0
484071161,3.0,4.0,4.0,3.0,3.0,4.0,3.0
484071162,2.0,2.0,4.0,4.0,2.0,3.0,2.0
484071163,1.0,1.0,1.0,1.0,1.0,1.0,1.0
484071164,1.0,1.0,1.0,1.0,1.0,1.0,1.0
484071165,1.0,1.0,2.0,4.0,2.0,3.0,2.0
484071166,3.0,2.0,2.0,2.0,2.0,3.0,4.0
484071167,4.0,1.0,4.0,4.0,4.0,4.0,4.0
484071168,1.0,1.0,4.0,4.0,2.0,4.0,4.0
484071169,2.0,2.0,4.0,3.0,3.0,3.0,2.0
484071170,2.0,1.0,2.0,1.0,2.0,2.0,1.0
484071171,1.0,1.0,4.0,4.0,-1.0,-1.0,2.0
484071172,1.0,1.0,1.0,2.0,1.0,1.0,1.0
484071173,2.0,1.0,4.0,3.0,1.0,2.0,3.0
484071174,2.0,2.0,2.0,3.0,2.0,3.0,3.0
484071175,2.0,2.0,2.0,2.0,2.0,2.0,2.0
484071176,1.0,1.0,2.0,1.0,1.0,1.0,1.0
484071177,1.0,2.0,4.0,3.0,2.0,2.0,3.0
484071178,1.0,3.0,4.0,4.0,3.0,3.0,3.0
484071179,1.0,1.0,4.0,3.0,2.0,2.0,4.0
484071180,3.0,4.0,2.0,3.0,2.0,3.0,3.0
484071181,2.0,1.0,4.0,1.0,3.0,2.0,2.0
484071182,2.0,3.0,4.0,4.0,2.0,3.0,2.0
484071183,2.0,3.0,2.0,3.0,4.0,4.0,4.0
484071184,1.0,1.0,3.0,4.0,-1.0,-1.0,-1.0
484071185,2.0,3.0,4.0,4.0,1.0,2.0,4.0
484071186,1.0,1.0,3.0,3.0,1.0,1.0,1.0
484071187,1.0,1.0,3.0,3.0,2.0,1.0,3.0
484071188,2.0,1.0,3.0,2.0,2.0,2.0,2.0
484071189,1.0,1.0,2.0,4.0,1.0,1.0,1.0
484071190,3.0,2.0,-1.0,3.0,-1.0,3.0,3.0
484071191,2.0,2.0,4.0,4.0,4.0,4.0,4.0
484071192,2.0,2.0,3.0,4.0,2.0,1.0,2.0
484071193,2.0,1.0,3.0,2.0,-1.0,2.0,2.0
484071194,3.0,1.0,3.0,4.0,4.0,3.0,3.0
484071195,3.0,4.0,4.0,4.0,1.0,3.0,4.0
484071196,1.0,1.0,3.0,4.0,4.0,4.0,1.0
484071197,2.0,2.0,3.0,3.0,3.0,4.0,2.0
484071198,3.0,1.0,3.0,3.0,4.0,4.0,4.0
484071199,2.0,3.0,3.0,3.0,3.0,3.0,3.0
484071200,1.0,1.0,3.0,3.0,3.0,3.0,2.0
484071201,2.0,2.0,4.0,4.0,3.0,3.0,3.0
484071202,4.0,3.0,4.0,4.0,4.0,4.0,4.0
484071203,4.0,4.0,4.0,4.0,4.0,4.0,4.0
484071204,3.0,1.0,3.0,4.0,4.0,4.0,4.0
484071205,1.0,1.0,4.0,4.0,1.0,1.0,4.0
484071206,2.0,2.0,3.0,4.0,3.0,4.0,4.0
484071207,1.0,3.0,3.0,4.0,4.0,3.0,4.0
484071208,1.0,1.0,4.0,4.0,1.0,1.0,3.0
484071209,3.0,3.0,4.0,4.0,4.0,4.0,4.0
484071210,2.0,1.0,3.0,3.0,2.0,3.0,4.0
484071211,1.0,1.0,3.0,1.0,1.0,1.0,3.0
484071212,1.0,1.0,2.0,4.0,1.0,1.0,2.0
484071213,1.0,1.0,1.0,1.0,1.0,1.0,1.0
484071214,3.0,1.0,3.0,2.0,3.0,3.0,3.0
484071215,2.0,3.0,3.0,2.0,2.0,3.0,3.0
484071216,1.0,1.0,1.0,1.0,1.0,1.0,1.0
484071217,1.0,1.0,3.0,1.0,1.0,1.0,1.0
484071218,2.0,2.0,2.0,2.0,2.0,2.0,3.0
484071219,3.0,2.0,2.0,2.0,2.0,2.0,2.0
484071220,3.0,4.0,4.0,4.0,1.0,3.0,3.0
484071221,2.0,2.0,3.0,3.0,-1.0,3.0,3.0
484071222,2.0,2.0,4.0,4.0,4.0,4.0,4.0
484071223,2.0,2.0,3.0,1.0,2.0,2.0,1.0
484071224,2.0,2.0,4.0,3.0,3.0,3.0,4.0
484071225,1.0,1.0,4.0,4.0,2.0,2.0,4.0
484071226,3.0,2.0,3.0,3.0,4.0,3.0,3.0
484071227,2.0,1.0,4.0,4.0,4.0,4.0,4.0
484071228,1.0,2.0,4.0,4.0,4.0,4.0,4.0
484071229,3.0,1.0,2.0,2.0,2.0,3.0,4.0
484071230,3.0,2.0,4.0,3.0,-1.0,3.0,2.0
484071231,1.0,2.0,4.0,3.0,4.0,4.0,4.0
484071232,1.0,1.0,4.0,4.0,4.0,3.0,4.0
484071233,4.0,2.0,4.0,4.0,4.0,2.0,4.0
484071234,1.0,1.0,3.0,3.0,-1.0,2.0,2.0
484071235,4.0,2.0,2.0,1.0,4.0,4.0,4.0
484071236,4.0,1.0,4.0,4.0,4.0,4.0,4.0
484071237,1.0,1.0,2.0,4.0,4.0,2.0,2.0
484071238,4.0,3.0,4.0,4.0,4.0,2.0,2.0
484071239,3.0,4.0,4.0,4.0,4.0,4.0,4.0
484071240,3.0,4.0,4.0,4.0,4.0,4.0,4.0
484071241,1.0,3.0,3.0,3.0,1.0,1.0,2.0
484071242,3.0,2.0,3.0,3.0,2.0,3.0,3.0
484071243,1.0,3.0,3.0,4.0,1.0,3.0,4.0
484071244,3.0,1.0,4.0,4.0,1.0,4.0,4.0
484071245,2.0,2.0,4.0,4.0,1.0,1.0,4.0
484071246,2.0,4.0,4.0,4.0,2.0,4.0,4.0
484071247,3.0,3.0,3.0,4.0,4.0,3.0,4.0
484071248,3.0,1.0,3.0,4.0,3.0,1.0,3.0
484071249,3.0,1.0,4.0,4.0,3.0,2.0,3.0
484071250,2.0,1.0,3.0,3.0,2.0,2.0,3.0
484071251,2.0,2.0,3.0,3.0,2.0,2.0,2.0
484071252,2.0,2.0,3.0,3.0,2.0,2.0,3.0
484071253,1.0,1.0,3.0,3.0,4.0,4.0,4.0
484071254,1.0,3.0,4.0,1.0,4.0,3.0,4.0
484071255,1.0,4.0,4.0,4.0,3.0,4.0,4.0
484071256,1.0,1.0,4.0,3.0,1.0,1.0,1.0
484071257,2.0,2.0,4.0,4.0,4.0,1.0,4.0
484071258,1.0,1.0,4.0,1.0,1.0,1.0,3.0
484071259,3.0,2.0,4.0,4.0,4.0,4.0,4.0
484071260,3.0,1.0,4.0,4.0,4.0,4.0,4.0
484071261,2.0,2.0,4.0,4.0,3.0,3.0,4.0
484071262,1.0,1.0,1.0,1.0,1.0,1.0,3.0
484071263,3.0,1.0,3.0,3.0,3.0,3.0,3.0
484071264,3.0,3.0,3.0,4.0,4.0,4.0,4.0
484071265,1.0,1.0,2.0,4.0,1.0,3.0,1.0
484071266,1.0,1.0,4.0,3.0,3.0,3.0,3.0
484071267,2.0,2.0,4.0,4.0,4.0,4.0,4.0
484071268,2.0,2.0,3.0,4.0,2.0,2.0,2.0
484071269,2.0,2.0,4.0,3.0,2.0,2.0,3.0
484071270,1.0,1.0,4.0,4.0,1.0,1.0,3.0
484071271,1.0,2.0,4.0,4.0,2.0,2.0,2.0
484071272,2.0,2.0,2.0,2.0,2.0,2.0,2.0
484071273,2.0,2.0,3.0,3.0,2.0,2.0,3.0
484071274,1.0,1.0,4.0,4.0,1.0,4.0,1.0
484071275,2.0,1.0,4.0,1.0,4.0,1.0,2.0
484071276,2.0,2.0,4.0,4.0,3.0,3.0,3.0
484071277,3.0,4.0,4.0,4.0,4.0,4.0,1.0
484071278,2.0,2.0,2.0,2.0,1.0,1.0,3.0
484071279,3.0,3.0,3.0,3.0,3.0,3.0,3.0
484071280,4.0,4.0,4.0,3.0,1.0,1.0,4.0
484071281,1.0,1.0,3.0,4.0,1.0,1.0,2.0
484071282,1.0,1.0,1.0,4.0,1.0,1.0,3.0
484071283,3.0,2.0,3.0,3.0,2.0,2.0,3.0
484071284,2.0,2.0,4.0,4.0,3.0,2.0,2.0
484071285,2.0,1.0,2.0,3.0,3.0,2.0,3.0
484071286,1.0,1.0,1.0,4.0,1.0,2.0,3.0
484071287,3.0,2.0,3.0,1.0,3.0,2.0,2.0
484071288,3.0,3.0,4.0,2.0,1.0,3.0,2.0
484071289,3.0,2.0,4.0,4.0,3.0,2.0,3.0
484071290,2.0,2.0,3.0,2.0,4.0,4.0,4.0
484071291,1.0,2.0,1.0,3.0,4.0,2.0,4.0
484071292,3.0,3.0,2.0,1.0,3.0,2.0,1.0
484071293,2.0,3.0,2.0,2.0,2.0,2.0,4.0
484071294,3.0,3.0,1.0,3.0,1.0,1.0,3.0
484071295,2.0,2.0,2.0,3.0,2.0,2.0,3.0
484071296,2.0,2.0,4.0,3.0,1.0,1.0,3.0
484071297,3.0,2.0,4.0,4.0,2.0,2.0,4.0
484071298,2.0,2.0,3.0,3.0,2.0,2.0,2.0
484071299,2.0,2.0,4.0,3.0,2.0,2.0,4.0
484071300,2.0,2.0,4.0,4.0,1.0,1.0,4.0
484071301,3.0,2.0,4.0,4.0,3.0,4.0,4.0
484071302,1.0,3.0,4.0,4.0,4.0,3.0,4.0
484071303,3.0,1.0,4.0,4.0,3.0,3.0,4.0
484071304,2.0,2.0,4.0,3.0,3.0,4.0,4.0
484071305,3.0,4.0,3.0,4.0,4.0,4.0,4.0
484071306,2.0,1.0,4.0,4.0,4.0,4.0,4.0
484071307,1.0,1.0,1.0,1.0,1.0,1.0,1.0
484071308,2.0,2.0,4.0,4.0,4.0,4.0,1.0
484071309,1.0,1.0,3.0,1.0,1.0,1.0,2.0
484071310,2.0,1.0,4.0,4.0,3.0,4.0,4.0
484071311,3.0,1.0,4.0,3.0,4.0,2.0,4.0
484071312,3.0,2.0,4.0,3.0,2.0,3.0,3.0
484071313,1.0,1.0,4.0,4.0,1.0,1.0,4.0
484071314,2.0,1.0,3.0,3.0,-1.0,3.0,2.0
484071315,2.0,2.0,3.0,4.0,-1.0,-1.0,-1.0
484071316,2.0,1.0,-1.0,4.0,2.0,2.0,2.0
484071317,2.0,1.0,4.0,4.0,4.0,3.0,4.0
484071318,2.0,1.0,4.0,4.0,4.0,2.0,4.0
484071319,4.0,2.0,4.0,4.0,3.0,3.0,4.0
484071320,1.0,1.0,3.0,4.0,4.0,3.0,1.0
484071321,3.0,2.0,4.0,4.0,3.0,4.0,4.0
484071322,3.0,3.0,3.0,3.0,3.0,3.0,3.0
484071323,2.0,3.0,4.0,4.0,4.0,2.0,3.0
484071324,2.0,4.0,3.0,3.0,3.0,3.0,3.0
484071325,1.0,1.0,2.0,4.0,4.0,3.0,4.0
484071326,3.0,3.0,3.0,3.0,2.0,2.0,2.0
484071327,4.0,3.0,4.0,4.0,4.0,4.0,4.0
484071328,2.0,2.0,4.0,4.0,-1.0,-2.0,-2.0
484071329,4.0,4.0,4.0,4.0,4.0,4.0,4.0
484071330,2.0,3.0,4.0,4.0,4.0,3.0,4.0
484071331,4.0,4.0,4.0,4.0,4.0,4.0,4.0
484071332,4.0,2.0,4.0,4.0,4.0,4.0,4.0
484071333,4.0,2.0,4.0,4.0,3.0,4.0,4.0
484071334,1.0,1.0,3.0,3.0,1.0,2.0,1.0
484071335,2.0,4.0,4.0,4.0,4.0,4.0,4.0
484071336,1.0,4.0,4.0,4.0,4.0,2.0,4.0
484071337,3.0,1.0,3.0,4.0,1.0,3.0,4.0
484071338,3.0,1.0,3.0,4.0,1.0,2.0,3.0
484071339,1.0,1.0,1.0,4.0,1.0,1.0,4.0
484071340,1.0,3.0,3.0,3.0,1.0,1.0,2.0
484071341,3.0,2.0,3.0,3.0,2.0,3.0,3.0
484071342,1.0,3.0,3.0,4.0,1.0,3.0,4.0
484071343,2.0,2.0,2.0,3.0,2.0,2.0,3.0
484071344,2.0,3.0,3.0,2.0,3.0,3.0,2.0
484071345,4.0,2.0,4.0,4.0,4.0,4.0,4.0
484071346,3.0,3.0,2.0,3.0,1.0,3.0,4.0
484071347,1.0,1.0,2.0,4.0,1.0,1.0,3.0
484071348,2.0,2.0,2.0,3.0,2.0,2.0,2.0
484071349,2.0,2.0,3.0,3.0,2.0,2.0,3.0
484071350,1.0,1.0,4.0,4.0,2.0,1.0,2.0
484071351,3.0,1.0,4.0,3.0,3.0,3.0,3.0
484071352,1.0,1.0,4.0,4.0,1.0,1.0,1.0
484071353,1.0,2.0,2.0,1.0,1.0,1.0,1.0
484071354,2.0,2.0,2.0,2.0,2.0,2.0,2.0
484071355,1.0,1.0,4.0,4.0,2.0,1.0,1.0
484071356,1.0,1.0,3.0,4.0,1.0,1.0,2.0
484071357,3.0,3.0,4.0,3.0,3.0,3.0,3.0
484071358,1.0,1.0,2.0,2.0,1.0,1.0,2.0
484071359,1.0,1.0,2.0,2.0,2.0,2.0,1.0
484071360,2.0,1.0,3.0,3.0,2.0,2.0,3.0
484071361,1.0,2.0,4.0,3.0,2.0,4.0,4.0
484071362,1.0,2.0,4.0,4.0,1.0,1.0,3.0
484071363,2.0,2.0,3.0,3.0,3.0,2.0,2.0
484071364,3.0,3.0,4.0,4.0,3.0,4.0,4.0
484071365,3.0,1.0,4.0,4.0,4.0,3.0,3.0
484071366,3.0,2.0,4.0,4.0,4.0,4.0,4.0
484071367,2.0,1.0,4.0,4.0,3.0,4.0,3.0
484071368,1.0,1.0,3.0,3.0,4.0,2.0,4.0
484071369,2.0,1.0,4.0,4.0,2.0,3.0,3.0
484071370,1.0,1.0,1.0,2.0,1.0,1.0,1.0
484071371,2.0,2.0,2.0,2.0,3.0,2.0,2.0
484071372,1.0,3.0,4.0,4.0,4.0,3.0,4.0
484071373,2.0,2.0,2.0,3.0,2.0,2.0,3.0
484071374,2.0,1.0,1.0,4.0,1.0,1.0,1.0
484071375,1.0,2.0,2.0,4.0,1.0,4.0,3.0
484071376,1.0,4.0,1.0,4.0,1.0,1.0,1.0
484071377,1.0,1.0,4.0,4.0,4.0,4.0,4.0
484071378,1.0,4.0,4.0,4.0,4.0,4.0,4.0
484071379,3.0,1.0,4.0,4.0,1.0,1.0,1.0
484071380,2.0,1.0,3.0,3.0,3.0,3.0,3.0
484071381,2.0,1.0,1.0,4.0,4.0,4.0,2.0
484071382,3.0,2.0,4.0,4.0,3.0,3.0,4.0
484071383,2.0,1.0,1.0,2.0,2.0,3.0,3.0
484071384,4.0,1.0,4.0,4.0,4.0,2.0,4.0
484071385,2.0,2.0,4.0,4.0,-1.0,3.0,2.0
484071386,3.0,2.0,4.0,4.0,-1.0,-1.0,2.0
484071387,2.0,4.0,4.0,4.0,4.0,4.0,4.0
484071388,3.0,2.0,4.0,1.0,3.0,4.0,4.0
484071389,4.0,1.0,4.0,4.0,1.0,4.0,4.0
484071390,4.0,3.0,3.0,3.0,3.0,3.0,3.0
484071391,2.0,1.0,4.0,4.0,2.0,2.0,1.0
484071392,2.0,2.0,2.0,3.0,3.0,3.0,3.0
484071393,3.0,2.0,-1.0,4.0,-1.0,3.0,-1.0
484071394,4.0,1.0,4.0,4.0,1.0,1.0,1.0
484071395,1.0,1.0,4.0,4.0,1.0,1.0,4.0
484071396,3.0,2.0,-1.0,4.0,3.0,3.0,3.0
484071397,2.0,1.0,4.0,4.0,2.0,2.0,2.0
484071398,2.0,3.0,4.0,4.0,2.0,4.0,4.0
484071399,2.0,2.0,3.0,4.0,-1.0,3.0,-1.0
484071400,4.0,3.0,4.0,4.0,3.0,4.0,4.0
484071401,2.0,3.0,4.0,3.0,-1.0,3.0,-1.0
484071402,3.0,1.0,4.0,4.0,3.0,3.0,4.0
484071403,2.0,2.0,3.0,2.0,4.0,4.0,4.0
484071404,4.0,2.0,4.0,4.0,4.0,4.0,4.0
484071405,4.0,2.0,4.0,4.0,4.0,4.0,4.0
484071406,4.0,2.0,4.0,4.0,4.0,4.0,4.0
484071407,1.0,1.0,2.0,3.0,1.0,1.0,1.0
484071408,4.0,4.0,4.0,4.0,4.0,4.0,4.0
484071409,3.0,3.0,2.0,4.0,2.0,4.0,4.0
484071410,3.0,2.0,4.0,4.0,4.0,4.0,4.0
484071411,4.0,4.0,4.0,4.0,4.0,4.0,4.0
484071412,2.0,2.0,3.0,4.0,4.0,3.0,4.0
484071413,3.0,2.0,3.0,2.0,3.0,3.0,3.0
484071414,2.0,2.0,3.0,2.0,4.0,2.0,3.0
484071415,3.0,4.0,4.0,4.0,4.0,3.0,2.0
484071416,3.0,4.0,3.0,4.0,4.0,4.0,4.0
484071417,3.0,3.0,3.0,3.0,4.0,3.0,4.0
484071418,3.0,2.0,3.0,2.0,3.0,2.0,3.0
484071419,1.0,1.0,3.0,4.0,2.0,1.0,3.0
484071420,1.0,1.0,4.0,1.0,2.0,1.0,4.0
484071421,3.0,3.0,4.0,3.0,3.0,4.0,4.0
484071422,4.0,3.0,3.0,4.0,4.0,3.0,4.0
484071423,1.0,4.0,4.0,1.0,1.0,4.0,1.0
484071424,2.0,1.0,1.0,4.0,2.0,2.0,4.0
484071425,3.0,3.0,3.0,4.0,2.0,2.0,2.0
484071426,4.0,3.0,3.0,4.0,3.0,3.0,3.0
484071427,3.0,2.0,2.0,4.0,4.0,4.0,4.0
484071428,3.0,3.0,4.0,4.0,3.0,3.0,4.0
484071429,4.0,4.0,4.0,4.0,4.0,4.0,4.0
484071430,1.0,1.0,4.0,3.0,1.0,1.0,1.0
484071431,3.0,1.0,4.0,4.0,1.0,4.0,4.0
484071432,2.0,1.0,1.0,4.0,4.0,2.0,3.0
484071433,3.0,3.0,4.0,4.0,4.0,4.0,4.0
484071434,1.0,4.0,4.0,2.0,4.0,1.0,4.0
484071435,3.0,3.0,4.0,4.0,2.0,2.0,3.0
484071436,2.0,1.0,2.0,4.0,3.0,2.0,4.0
484071437,1.0,3.0,4.0,3.0,1.0,1.0,3.0
484071438,2.0,4.0,4.0,4.0,4.0,4.0,4.0
484071439,2.0,2.0,1.0,2.0,1.0,2.0,1.0
484071440,3.0,1.0,4.0,4.0,4.0,4.0,4.0
484071441,3.0,1.0,4.0,4.0,-1.0,4.0,4.0
484071442,2.0,1.0,1.0,1.0,1.0,1.0,1.0
484071443,3.0,3.0,3.0,3.0,1.0,3.0,3.0
484071444,2.0,1.0,3.0,4.0,1.0,4.0,4.0
484071445,4.0,4.0,4.0,4.0,4.0,4.0,4.0
484071446,4.0,4.0,4.0,4.0,4.0,4.0,4.0
484071447,1.0,1.0,1.0,4.0,2.0,4.0,1.0
484071448,1.0,2.0,4.0,4.0,4.0,4.0,4.0
484071449,4.0,2.0,4.0,4.0,4.0,3.0,4.0
484071450,3.0,2.0,4.0,3.0,2.0,2.0,4.0
484071451,3.0,1.0,2.0,1.0,2.0,2.0,1.0
484071452,2.0,3.0,4.0,3.0,4.0,4.0,4.0
484071453,2.0,1.0,3.0,3.0,1.0,1.0,4.0
484071454,2.0,2.0,4.0,4.0,2.0,2.0,4.0
484071455,2.0,2.0,3.0,3.0,2.0,2.0,2.0
484071456,1.0,1.0,4.0,2.0,1.0,1.0,1.0
484071457,3.0,1.0,2.0,4.0,4.0,2.0,2.0
484071458,1.0,1.0,3.0,2.0,-1.0,1.0,-1.0
484071459,1.0,4.0,4.0,4.0,4.0,4.0,4.0
484071460,1.0,1.0,4.0,3.0,1.0,3.0,2.0
484071461,1.0,1.0,4.0,4.0,1.0,1.0,2.0
484071462,2.0,1.0,1.0,2.0,1.0,3.0,3.0
484071463,2.0,2.0,4.0,3.0,2.0,1.0,1.0
484071464,3.0,2.0,3.0,2.0,3.0,3.0,2.0
484071465,2.0,1.0,2.0,2.0,3.0,2.0,1.0
484071466,3.0,3.0,3.0,3.0,3.0,3.0,3.0
484071467,4.0,4.0,4.0,4.0,4.0,4.0,4.0
484071468,4.0,4.0,4.0,4.0,4.0,4.0,4.0
484071469,3.0,3.0,4.0,4.0,4.0,4.0,4.0
484071470,3.0,3.0,3.0,3.0,4.0,4.0,4.0
484071471,3.0,3.0,3.0,3.0,3.0,3.0,3.0
484071472,4.0,4.0,4.0,4.0,4.0,4.0,4.0
484071473,2.0,2.0,1.0,2.0,2.0,1.0,2.0
484071474,4.0,4.0,4.0,4.0,4.0,4.0,4.0
484071475,3.0,1.0,3.0,3.0,3.0,3.0,3.0
484071476,3.0,4.0,4.0,4.0,4.0,3.0,4.0
484071477,2.0,4.0,4.0,3.0,3.0,4.0,2.0
484071478,1.0,1.0,1.0,1.0,1.0,1.0,1.0
484071479,2.0,2.0,4.0,4.0,4.0,4.0,4.0
484071480,3.0,3.0,3.0,3.0,3.0,3.0,3.0
484071481,3.0,3.0,3.0,3.0,2.0,3.0,3.0
484071482,4.0,4.0,4.0,4.0,4.0,4.0,4.0
484071483,2.0,4.0,2.0,4.0,4.0,4.0,4.0
484071484,3.0,2.0,4.0,3.0,4.0,3.0,2.0
484071485,2.0,2.0,3.0,3.0,1.0,1.0,4.0
484071486,1.0,1.0,4.0,4.0,3.0,3.0,4.0
484071487,2.0,2.0,2.0,-2.0,1.0,1.0,2.0
484071488,2.0,1.0,4.0,4.0,2.0,2.0,2.0
484071489,2.0,3.0,4.0,4.0,3.0,3.0,4.0
484071490,1.0,1.0,3.0,4.0,1.0,1.0,1.0
484071491,1.0,3.0,1.0,4.0,1.0,1.0,2.0
484071492,1.0,2.0,1.0,2.0,2.0,1.0,2.0
484071493,1.0,1.0,1.0,4.0,1.0,2.0,4.0
484071494,4.0,4.0,4.0,4.0,4.0,4.0,4.0
484071495,4.0,4.0,4.0,4.0,4.0,4.0,4.0
484071496,1.0,2.0,4.0,4.0,4.0,4.0,4.0
484071497,4.0,2.0,4.0,4.0,4.0,3.0,4.0
484071498,3.0,2.0,4.0,3.0,2.0,2.0,4.0
484071499,2.0,4.0,4.0,4.0,4.0,4.0,4.0
484071500,3.0,3.0,4.0,4.0,4.0,3.0,4.0
484071501,1.0,2.0,1.0,3.0,1.0,1.0,1.0
484071502,1.0,1.0,1.0,4.0,1.0,1.0,1.0
484071503,4.0,1.0,1.0,4.0,1.0,4.0,4.0
484071504,2.0,1.0,4.0,4.0,2.0,4.0,4.0
484071505,2.0,2.0,3.0,4.0,3.0,2.0,2.0
484071506,2.0,3.0,4.0,4.0,4.0,4.0,4.0
484071507,3.0,1.0,4.0,4.0,1.0,1.0,1.0
484071508,1.0,1.0,4.0,1.0,1.0,3.0,3.0
484071509,1.0,1.0,4.0,3.0,1.0,1.0,1.0
484071510,2.0,1.0,4.0,4.0,1.0,3.0,4.0
484071511,4.0,1.0,4.0,4.0,4.0,4.0,4.0
484071512,2.0,1.0,3.0,4.0,4.0,4.0,4.0
484071513,3.0,1.0,-1.0,-1.0,4.0,4.0,4.0
484071514,2.0,2.0,3.0,3.0,3.0,3.0,3.0
484071515,3.0,2.0,2.0,2.0,1.0,1.0,3.0
484071516,3.0,3.0,3.0,3.0,3.0,3.0,3.0
484071517,1.0,1.0,3.0,4.0,3.0,3.0,4.0
484071518,2.0,2.0,4.0,2.0,2.0,2.0,2.0
484071519,2.0,2.0,2.0,2.0,1.0,2.0,2.0
484071520,1.0,1.0,2.0,2.0,2.0,2.0,2.0
484071521,1.0,1.0,1.0,1.0,1.0,2.0,1.0
484071522,2.0,1.0,2.0,2.0,3.0,2.0,4.0
484071523,3.0,1.0,4.0,4.0,3.0,2.0,1.0
484071524,2.0,2.0,3.0,2.0,2.0,2.0,4.0
484071525,2.0,2.0,2.0,1.0,2.0,2.0,2.0
484071526,3.0,1.0,4.0,4.0,2.0,4.0,3.0
484071527,2.0,2.0,4.0,2.0,2.0,2.0,2.0
484071528,3.0,2.0,3.0,1.0,2.0,1.0,2.0
484071529,3.0,2.0,1.0,2.0,2.0,2.0,1.0
484071530,2.0,1.0,2.0,2.0,1.0,1.0,2.0
484071531,2.0,3.0,4.0,2.0,1.0,2.0,1.0
484071532,1.0,1.0,2.0,2.0,1.0,1.0,1.0
484071533,1.0,1.0,1.0,4.0,1.0,1.0,1.0
484071534,1.0,1.0,4.0,2.0,1.0,1.0,1.0
484071535,4.0,2.0,4.0,3.0,2.0,1.0,1.0
484071536,4.0,2.0,4.0,3.0,1.0,1.0,1.0
484071537,1.0,1.0,2.0,4.0,1.0,3.0,4.0
484071538,2.0,2.0,3.0,3.0,1.0,1.0,4.0
484071539,1.0,4.0,3.0,1.0,1.0,2.0,2.0
484071540,2.0,2.0,2.0,2.0,1.0,2.0,1.0
484071541,2.0,2.0,2.0,3.0,3.0,4.0,4.0
484071542,1.0,1.0,4.0,2.0,1.0,1.0,1.0
484071543,2.0,1.0,4.0,4.0,1.0,1.0,1.0
484071544,4.0,4.0,2.0,1.0,2.0,1.0,2.0
484071545,1.0,1.0,1.0,1.0,1.0,1.0,1.0
484071546,1.0,1.0,4.0,2.0,2.0,2.0,2.0
484071547,1.0,1.0,1.0,1.0,1.0,1.0,3.0
484071548,4.0,4.0,4.0,4.0,4.0,4.0,4.0
484071549,1.0,1.0,1.0,4.0,1.0,1.0,4.0
484071550,4.0,1.0,1.0,1.0,1.0,1.0,1.0
484071551,1.0,1.0,1.0,4.0,1.0,1.0,1.0
484071552,2.0,2.0,4.0,4.0,2.0,4.0,4.0
484071553,4.0,2.0,1.0,1.0,1.0,3.0,2.0
484071554,2.0,1.0,4.0,4.0,1.0,1.0,1.0
484071555,2.0,2.0,4.0,4.0,1.0,1.0,2.0
484071556,4.0,4.0,3.0,3.0,3.0,3.0,3.0
484071557,1.0,1.0,2.0,3.0,1.0,1.0,2.0
484071558,3.0,3.0,3.0,3.0,3.0,3.0,3.0
484071559,1.0,1.0,3.0,4.0,3.0,4.0,4.0
484071560,4.0,2.0,2.0,4.0,2.0,2.0,2.0
484071561,4.0,1.0,1.0,1.0,1.0,1.0,1.0
484071562,1.0,1.0,4.0,2.0,2.0,4.0,1.0
484071563,4.0,2.0,3.0,4.0,1.0,1.0,1.0
484071564,4.0,2.0,2.0,2.0,2.0,2.0,2.0
484071565,2.0,3.0,3.0,2.0,3.0,4.0,1.0
484071566,1.0,2.0,4.0,4.0,1.0,1.0,1.0
484071567,1.0,1.0,2.0,4.0,3.0,3.0,3.0
484071568,1.0,1.0,4.0,4.0,1.0,4.0,4.0
484071569,2.0,3.0,2.0,3.0,2.0,2.0,2.0
484071570,3.0,3.0,3.0,3.0,2.0,2.0,3.0
484071571,2.0,1.0,4.0,2.0,4.0,2.0,3.0
484071572,2.0,3.0,4.0,4.0,3.0,2.0,3.0
484071573,4.0,3.0,4.0,4.0,4.0,3.0,4.0
484071574,3.0,2.0,4.0,4.0,4.0,4.0,4.0
484071575,2.0,1.0,3.0,4.0,2.0,3.0,3.0
484071576,2.0,1.0,3.0,4.0,4.0,4.0,4.0
484071577,3.0,2.0,3.0,3.0,4.0,4.0,4.0
484071578,4.0,2.0,4.0,4.0,4.0,4.0,4.0
484071579,3.0,1.0,4.0,4.0,3.0,4.0,4.0
484071580,3.0,1.0,2.0,2.0,2.0,2.0,4.0
484071581,1.0,2.0,4.0,4.0,2.0,2.0,2.0
484071582,1.0,2.0,2.0,4.0,3.0,2.0,2.0
484071583,2.0,2.0,4.0,4.0,2.0,2.0,4.0
484071584,1.0,2.0,4.0,4.0,1.0,1.0,1.0
484071585,2.0,1.0,1.0,1.0,1.0,1.0,1.0
484071586,1.0,4.0,2.0,2.0,4.0,4.0,4.0
484071587,1.0,2.0,2.0,1.0,2.0,2.0,2.0
484071588,1.0,2.0,2.0,2.0,2.0,1.0,2.0
484071589,1.0,1.0,4.0,2.0,1.0,1.0,1.0
484071590,1.0,1.0,4.0,4.0,1.0,1.0,1.0
484071591,1.0,1.0,4.0,4.0,1.0,1.0,1.0
484071592,1.0,2.0,4.0,4.0,1.0,1.0,1.0
484071593,1.0,1.0,4.0,4.0,1.0,1.0,2.0
484071594,2.0,2.0,4.0,4.0,2.0,3.0,2.0
484071595,1.0,2.0,2.0,2.0,2.0,2.0,3.0
484071596,2.0,2.0,4.0,2.0,1.0,4.0,4.0
484071597,2.0,2.0,3.0,3.0,2.0,2.0,3.0
484071598,2.0,3.0,2.0,4.0,2.0,2.0,2.0
484071599,1.0,1.0,3.0,3.0,1.0,1.0,1.0
484071600,2.0,1.0,3.0,4.0,1.0,1.0,1.0
484071601,2.0,1.0,-1.0,4.0,2.0,4.0,4.0
484071602,1.0,2.0,4.0,4.0,-1.0,2.0,-1.0
484071603,1.0,1.0,1.0,1.0,1.0,1.0,2.0
484071604,4.0,4.0,2.0,1.0,1.0,1.0,1.0
484071605,3.0,3.0,3.0,2.0,3.0,3.0,2.0
484071606,2.0,1.0,1.0,2.0,1.0,1.0,1.0
484071607,4.0,3.0,4.0,4.0,4.0,4.0,4.0
484071608,2.0,1.0,1.0,2.0,2.0,1.0,1.0
484071609,2.0,1.0,4.0,4.0,1.0,1.0,1.0
484071610,2.0,2.0,3.0,3.0,2.0,3.0,2.0
484071611,1.0,1.0,3.0,3.0,1.0,1.0,3.0
484071612,3.0,3.0,3.0,4.0,2.0,4.0,4.0
484071613,2.0,1.0,3.0,4.0,4.0,4.0,4.0
484071614,1.0,1.0,4.0,4.0,1.0,1.0,1.0
484071615,4.0,1.0,4.0,4.0,4.0,4.0,4.0
484071616,1.0,1.0,2.0,2.0,4.0,4.0,4.0
484071617,2.0,1.0,4.0,4.0,2.0,2.0,2.0
484071618,2.0,1.0,4.0,4.0,4.0,4.0,4.0
484071619,3.0,1.0,3.0,2.0,4.0,3.0,4.0
484071620,3.0,1.0,4.0,4.0,4.0,4.0,4.0
484071621,1.0,2.0,4.0,4.0,3.0,2.0,4.0
484071622,2.0,1.0,3.0,3.0,2.0,1.0,2.0
484071623,3.0,1.0,4.0,2.0,1.0,1.0,3.0
484071624,1.0,1.0,4.0,1.0,1.0,1.0,1.0
484071625,3.0,1.0,4.0,4.0,1.0,1.0,1.0
484071626,3.0,1.0,4.0,4.0,4.0,4.0,4.0
484071627,1.0,1.0,4.0,4.0,3.0,2.0,2.0
484071628,1.0,1.0,4.0,4.0,3.0,2.0,2.0
484071629,3.0,3.0,3.0,3.0,2.0,2.0,3.0
484071630,1.0,2.0,3.0,4.0,2.0,2.0,2.0
484071631,1.0,1.0,4.0,4.0,1.0,3.0,4.0
484071632,3.0,3.0,3.0,3.0,2.0,3.0,3.0
484071633,2.0,2.0,3.0,4.0,2.0,2.0,2.0
484071634,1.0,1.0,4.0,4.0,2.0,3.0,2.0
484071635,1.0,1.0,3.0,4.0,1.0,1.0,1.0
484071636,3.0,4.0,2.0,4.0,4.0,4.0,4.0
484071637,2.0,1.0,4.0,2.0,4.0,2.0,4.0
484071638,1.0,1.0,2.0,1.0,1.0,1.0,1.0
484071639,4.0,3.0,4.0,4.0,2.0,4.0,4.0
484071640,3.0,3.0,4.0,4.0,4.0,4.0,4.0
484071641,4.0,4.0,4.0,4.0,4.0,4.0,4.0
484071642,2.0,3.0,4.0,4.0,4.0,4.0,4.0
484071643,4.0,4.0,4.0,4.0,4.0,4.0,4.0
484071644,3.0,1.0,2.0,4.0,1.0,1.0,4.0
484071645,4.0,4.0,4.0,4.0,4.0,4.0,4.0
484071646,1.0,1.0,2.0,2.0,1.0,1.0,2.0
484071647,1.0,1.0,4.0,4.0,2.0,2.0,4.0
484071648,2.0,2.0,3.0,3.0,2.0,3.0,3.0
484071649,1.0,1.0,1.0,2.0,1.0,1.0,1.0
484071650,3.0,4.0,4.0,4.0,4.0,4.0,4.0
484071651,2.0,2.0,4.0,4.0,2.0,2.0,3.0
484071652,2.0,1.0,3.0,4.0,4.0,4.0,4.0
484071653,4.0,3.0,4.0,3.0,4.0,4.0,4.0
484071654,4.0,4.0,4.0,4.0,4.0,4.0,4.0
484071655,1.0,1.0,4.0,4.0,4.0,1.0,4.0
484071656,2.0,1.0,4.0,4.0,1.0,1.0,2.0
484071657,1.0,1.0,1.0,1.0,1.0,1.0,1.0
484071658,1.0,1.0,2.0,1.0,2.0,2.0,1.0
484071659,3.0,3.0,4.0,4.0,3.0,4.0,4.0
484071660,2.0,3.0,4.0,3.0,4.0,4.0,3.0
484071661,1.0,1.0,3.0,3.0,1.0,1.0,1.0
484071662,1.0,1.0,1.0,4.0,1.0,1.0,1.0
484071663,2.0,2.0,1.0,2.0,1.0,1.0,2.0
484071664,3.0,3.0,2.0,4.0,2.0,2.0,1.0
484071665,1.0,1.0,4.0,4.0,3.0,1.0,4.0
484071666,2.0,2.0,4.0,4.0,3.0,2.0,2.0
484071667,1.0,3.0,1.0,3.0,1.0,1.0,1.0
484071668,1.0,2.0,4.0,4.0,2.0,1.0,3.0
484071669,2.0,1.0,3.0,2.0,2.0,2.0,1.0
484071670,1.0,1.0,4.0,1.0,1.0,1.0,1.0
484071671,1.0,1.0,4.0,1.0,1.0,1.0,1.0
484071672,1.0,1.0,3.0,4.0,-1.0,1.0,1.0
484071673,1.0,1.0,4.0,4.0,4.0,1.0,1.0
484071674,2.0,2.0,4.0,2.0,1.0,1.0,2.0
484071675,1.0,1.0,4.0,4.0,2.0,3.0,4.0
484071676,1.0,2.0,4.0,2.0,3.0,2.0,4.0
484071677,1.0,1.0,4.0,4.0,3.0,2.0,4.0
484071678,1.0,1.0,2.0,1.0,1.0,1.0,2.0
484071679,2.0,4.0,4.0,4.0,4.0,4.0,4.0
484071680,1.0,1.0,3.0,3.0,1.0,1.0,1.0
484071681,3.0,2.0,4.0,4.0,4.0,2.0,4.0
484071682,1.0,1.0,4.0,4.0,4.0,4.0,4.0
484071683,2.0,2.0,3.0,3.0,3.0,3.0,3.0
484071684,2.0,2.0,3.0,4.0,2.0,2.0,2.0
484071685,2.0,1.0,3.0,4.0,1.0,1.0,1.0
484071686,2.0,3.0,2.0,2.0,1.0,2.0,3.0
484071687,3.0,3.0,3.0,3.0,3.0,3.0,3.0
484071688,1.0,1.0,1.0,1.0,1.0,1.0,-1.0
484071689,2.0,1.0,4.0,4.0,2.0,2.0,2.0
484071690,3.0,1.0,4.0,4.0,4.0,2.0,2.0
484071691,2.0,2.0,3.0,2.0,2.0,2.0,4.0
484071692,4.0,4.0,2.0,4.0,4.0,4.0,4.0
484071693,2.0,4.0,3.0,3.0,4.0,4.0,4.0
484071694,1.0,4.0,3.0,3.0,4.0,3.0,4.0
484071695,2.0,1.0,4.0,4.0,4.0,4.0,4.0
484071696,1.0,1.0,4.0,1.0,4.0,4.0,4.0
484071697,2.0,2.0,4.0,4.0,3.0,4.0,4.0
484071698,2.0,1.0,2.0,4.0,1.0,2.0,4.0
484071699,1.0,1.0,4.0,4.0,1.0,1.0,4.0
484071700,2.0,1.0,1.0,2.0,1.0,1.0,1.0
484071701,2.0,1.0,4.0,4.0,1.0,1.0,1.0
484071702,1.0,1.0,1.0,1.0,1.0,1.0,1.0
484071703,2.0,3.0,3.0,3.0,3.0,3.0,4.0
484071704,2.0,3.0,2.0,2.0,2.0,3.0,3.0
484071705,1.0,3.0,4.0,3.0,3.0,3.0,3.0
484071706,1.0,1.0,2.0,4.0,1.0,4.0,4.0
484071707,3.0,1.0,3.0,3.0,1.0,1.0,1.0
484071708,4.0,2.0,4.0,4.0,4.0,4.0,4.0
484071709,3.0,3.0,4.0,4.0,4.0,3.0,3.0
484071710,3.0,3.0,3.0,2.0,1.0,1.0,1.0
484071711,2.0,2.0,4.0,4.0,3.0,3.0,3.0
484071712,1.0,4.0,3.0,3.0,1.0,3.0,3.0
484071713,1.0,1.0,3.0,3.0,1.0,1.0,2.0
484071714,-1.0,1.0,3.0,2.0,2.0,2.0,1.0
484071715,1.0,1.0,2.0,4.0,1.0,1.0,4.0
484071716,3.0,4.0,4.0,4.0,4.0,4.0,4.0
484071717,2.0,1.0,4.0,4.0,1.0,1.0,4.0
484071718,3.0,1.0,3.0,2.0,3.0,2.0,1.0
484071719,3.0,1.0,4.0,4.0,1.0,4.0,4.0
484071720,2.0,2.0,4.0,4.0,4.0,3.0,3.0
484071721,4.0,1.0,4.0,4.0,4.0,3.0,4.0
484071722,3.0,1.0,4.0,4.0,4.0,2.0,4.0
484071723,3.0,2.0,4.0,4.0,4.0,4.0,4.0
484071724,1.0,4.0,4.0,4.0,2.0,4.0,4.0
484071725,3.0,4.0,4.0,4.0,4.0,4.0,4.0
484071726,4.0,4.0,3.0,4.0,4.0,4.0,4.0
484071727,3.0,3.0,4.0,4.0,3.0,4.0,4.0
484071728,1.0,1.0,4.0,4.0,4.0,4.0,4.0
484071729,1.0,1.0,3.0,4.0,2.0,3.0,1.0
484071730,4.0,1.0,4.0,4.0,4.0,3.0,4.0
484071731,1.0,1.0,2.0,2.0,1.0,1.0,4.0
484071732,4.0,1.0,4.0,4.0,4.0,3.0,-1.0
484071733,3.0,3.0,3.0,4.0,-1.0,3.0,4.0
484071734,3.0,1.0,4.0,4.0,3.0,3.0,3.0
484071735,3.0,2.0,4.0,4.0,2.0,2.0,3.0
484071736,1.0,1.0,3.0,4.0,2.0,2.0,3.0
484071737,1.0,1.0,3.0,3.0,2.0,2.0,3.0
484071738,1.0,1.0,4.0,4.0,2.0,2.0,3.0
484071739,2.0,1.0,1.0,2.0,2.0,2.0,2.0
484071740,2.0,1.0,4.0,3.0,4.0,1.0,1.0
484071741,4.0,1.0,4.0,4.0,4.0,4.0,4.0
GPT-OSS_120B_baseline,3.0,2.0,2.0,3.0,3.0,2.0,2.0
LLAMA3_1_70B_baseline,2.0,2.0,2.0,2.0,2.0,3.0,1.0
LLAMA3_70B_baseline,2.0,2.0,2.0,4.0,1.0,3.0,2.0
PHI3_INSTRUCT_baseline,4.0,4.0,2.0,3.0,2.0,3.0,2.0
QWEN2_5VL_32B_baseline,3.0,3.0,3.0,3.0,3.0,3.0,3.0
QWEN2_5VL_72B_baseline,3.0,2.0,4.0,4.0,2.0,3.0,3.0
QWEN2_5VL_7B_baseline,3.0,3.0,3.0,3.0,3.0,3.0,3.0
QWEN3_32B_baseline,2.0,2.0,3.0,2.0,2.0,2.0,2.0
QWEN_7B_baseline,4.0,2.0,4.0,4.0,4.0,4.0,4.0
GPT_4O_baseline,3.0,2.0,4.0,,3.0,3.0,
GPT-OSS_120B_chainofthought,3.0,3.0,2.0,3.0,2.0,2.0,3.0
LLAMA3_1_70B_chainofthought,2.0,2.0,2.0,2.0,,3.0,
LLAMA3_70B_chainofthought,2.0,2.0,2.0,2.0,3.0,2.0,3.0
PHI3_INSTRUCT_chainofthought,2.0,2.0,2.0,2.0,2.0,2.0,2.0
QWEN2_5VL_32B_chainofthought,3.0,3.0,3.0,3.0,3.0,3.0,3.0
QWEN2_5VL_72B_chainofthought,3.0,2.0,3.0,3.0,3.0,3.0,3.0
QWEN2_5VL_7B_chainofthought,3.0,3.0,3.0,3.0,3.0,3.0,3.0
QWEN3_32B_chainofthought,2.0,2.0,3.0,3.0,2.0,2.0,1.0
QWEN_7B_chainofthought,3.0,3.0,4.0,4.0,3.0,4.0,4.0
GPT_4O_chainofthought,2.0,2.0,2.0,3.0,3.0,2.0,
GPT-OSS_120B_declarative,2.0,3.0,2.0,3.0,2.0,2.0,2.0
LLAMA3_1_70B_declarative,3.0,2.0,2.0,4.0,,2.0,
LLAMA3_70B_declarative,2.0,2.0,2.0,2.0,,3.0,2.0
PHI3_INSTRUCT_declarative,3.0,2.0,2.0,2.0,2.0,2.0,2.0
QWEN2_5VL_32B_declarative,3.0,3.0,3.0,3.0,3.0,3.0,3.0
QWEN2_5VL_72B_declarative,3.0,2.0,3.0,4.0,3.0,3.0,3.0
QWEN2_5VL_7B_declarative,2.0,3.0,3.0,1.0,3.0,3.0,3.0
QWEN3_32B_declarative,3.0,2.0,3.0,3.0,2.0,3.0,2.0
QWEN_7B_declarative,2.0,2.0,3.0,2.0,2.0,4.0,1.0
GPT_4O_declarative,2.0,3.0,3.0,3.0,3.0,3.0,3.0
GPT-OSS_120B_explicit,2.0,3.0,2.0,3.0,2.0,2.0,
LLAMA3_1_70B_explicit,2.0,2.0,2.0,2.0,2.0,2.0,2.0
LLAMA3_70B_explicit,3.0,2.0,2.0,2.0,2.0,2.0,3.0
PHI3_INSTRUCT_explicit,4.0,2.0,2.0,2.0,2.0,2.0,2.0
QWEN2_5VL_32B_explicit,3.0,3.0,3.0,3.0,3.0,3.0,3.0
QWEN2_5VL_72B_explicit,3.0,2.0,3.0,4.0,2.0,2.0,2.0
QWEN2_5VL_7B_explicit,3.0,3.0,3.0,3.0,3.0,3.0,3.0
QWEN3_32B_explicit,2.0,2.0,2.0,3.0,2.0,2.0,2.0
QWEN_7B_explicit,4.0,2.0,2.0,4.0,4.0,4.0,4.0
GPT_4O_explicit,3.0,2.0,3.0,2.0,3.0,3.0,
GPT-OSS_120B_parantheses,2.0,2.0,2.0,3.0,2.0,2.0,
LLAMA3_1_70B_parantheses,2.0,1.0,,,,2.0,4.0
LLAMA3_70B_parantheses,3.0,2.0,2.0,4.0,3.0,2.0,2.0
PHI3_INSTRUCT_parantheses,3.0,2.0,3.0,2.0,2.0,3.0,2.0
QWEN2_5VL_32B_parantheses,3.0,3.0,3.0,3.0,3.0,3.0,3.0
QWEN2_5VL_72B_parantheses,3.0,2.0,3.0,4.0,3.0,2.0,3.0
QWEN2_5VL_7B_parantheses,3.0,3.0,3.0,3.0,3.0,3.0,3.0
QWEN3_32B_parantheses,2.0,3.0,2.0,3.0,2.0,2.0,2.0
QWEN_7B_parantheses,4.0,3.0,4.0,4.0,4.0,4.0,4.0
GPT_4O_parantheses,,3.0,,,,,
GPT-OSS_120B_roleplay,3.0,2.0,2.0,3.0,2.0,2.0,3.0
LLAMA3_1_70B_roleplay,2.0,3.0,2.0,2.0,2.0,2.0,2.0
LLAMA3_70B_roleplay,2.0,2.0,2.0,2.0,2.0,2.0,2.0
PHI3_INSTRUCT_roleplay,2.0,2.0,2.0,1.0,2.0,2.0,
QWEN2_5VL_32B_roleplay,3.0,3.0,3.0,3.0,3.0,3.0,3.0
QWEN2_5VL_72B_roleplay,3.0,2.0,3.0,4.0,3.0,3.0,2.0
QWEN2_5VL_7B_roleplay,3.0,3.0,3.0,3.0,3.0,3.0,3.0
QWEN3_32B_roleplay,2.0,2.0,3.0,3.0,2.0,3.0,2.0
QWEN_7B_roleplay,4.0,4.0,3.0,4.0,4.0,4.0,4.0
GPT_4O_roleplay,3.0,3.0,4.0,3.0,4.0,4.0,
