D_INTERVIEW,Q177,Q178,Q179,Q180,Q181,Q182,Q183,Q184,Q185,Q186,Q187,Q188,Q189,Q190,Q191,Q192,Q193,Q194,Q195
170070052,6,4,5,5,6,6,3,3,5,5,3,3,2,2,2,2,2,2,2
170070053,1,2,1,3,10,4,7,2,7,8,10,5,1,4,3,3,5,2,8
170070054,5,1,7,2,1,8,6,2,5,2,1,1,1,5,1,1,5,5,5
170070057,5,1,1,1,1,1,1,1,1,6,1,1,1,7,1,1,4,1,1
170070069,1,10,1,1,1,10,10,10,10,10,10,1,1,1,1,1,1,1,1
170070074,1,1,1,1,1,1,1,1,1,10,1,1,1,10,1,1,1,1,1
170070075,1,1,1,1,1,7,1,1,4,4,1,1,1,1,1,1,1,1,1
170070076,1,10,1,1,1,5,1,1,8,4,1,4,1,1,1,1,3,1,1
170070080,1,1,1,1,1,8,8,8,8,8,1,10,1,1,1,1,1,1,10
170070085,1,1,1,10,1,1,1,1,1,10,1,1,1,1,1,1,10,1,1
170070087,1,6,1,1,1,5,5,2,5,5,1,1,1,1,1,1,5,5,1
170070093,5,5,3,3,3,3,3,3,3,5,2,2,1,1,1,3,1,4,1
170070104,1,1,1,1,1,8,1,6,8,7,1,9,1,6,1,1,1,1,1
170070105,1,1,1,1,1,6,3,2,8,8,1,5,1,4,2,2,1,2,6
170070112,1,1,1,1,1,1,1,1,1,3,1,1,1,2,1,1,1,1,1
170070113,7,1,1,1,1,1,1,1,1,6,1,1,1,1,1,1,1,1,1
170070122,5,4,5,5,5,5,1,1,1,1,1,1,1,1,1,1,1,1,1
170070126,1,10,1,1,1,1,1,1,10,10,1,1,1,5,1,1,10,1,10
170070128,1,10,1,1,1,1,1,1,1,1,1,1,1,1,1,1,1,1,6
170070132,10,10,1,10,9,1,1,1,7,5,1,10,1,5,2,1,5,1,10
170070154,9,8,2,1,3,4,5,2,9,9,2,2,3,1,3,1,1,3,1
170070156,1,1,1,1,1,6,1,1,5,6,1,1,1,1,1,1,1,1,1
170070197,1,1,1,1,1,6,3,8,8,6,2,10,1,2,1,1,1,1,5
170070198,2,2,1,1,1,5,5,5,5,5,5,10,1,5,1,3,5,3,5
170070210,10,1,1,1,1,1,1,1,1,1,1,10,1,5,1,1,1,1,1
170070213,8,7,1,1,1,1,1,1,1,5,10,1,1,1,1,1,1,1,10
170070214,1,1,1,1,1,1,1,1,5,1,1,1,1,4,1,1,1,1,1
170070215,5,10,1,1,1,1,1,1,1,1,1,1,1,1,1,1,1,1,1
170070219,5,2,1,1,1,2,1,3,2,8,1,1,1,3,3,1,1,2,6
170070222,1,5,1,1,1,7,4,1,6,9,6,9,1,5,1,1,6,1,9
170070224,1,1,1,1,1,6,9,3,10,10,7,10,1,9,8,1,6,1,10
170070253,3,1,1,1,1,7,1,1,8,9,1,5,1,4,1,1,8,1,8
170070255,1,1,1,1,1,1,1,1,1,1,1,1,1,10,1,1,1,1,1
170070261,1,1,1,1,1,1,1,1,1,10,1,10,1,6,1,1,1,1,1
170070308,1,1,1,1,1,1,1,1,1,1,1,1,1,1,1,1,1,1,1
170070312,1,7,7,7,5,5,5,5,5,5,5,5,5,5,5,5,7,5,10
170070323,5,6,1,1,1,1,1,3,1,5,1,1,1,8,1,1,3,1,1
170070332,6,10,1,1,10,1,1,1,10,6,1,10,1,1,1,10,10,1,10
170070334,7,1,1,1,9,1,1,1,8,8,1,1,9,7,1,1,1,1,1
170070337,4,1,1,3,1,1,1,1,1,1,1,1,1,1,1,1,1,1,1
170070341,8,2,2,2,2,2,2,2,2,8,2,2,2,2,2,2,7,3,2
170070344,9,9,2,2,1,1,2,1,1,2,1,2,1,6,5,1,5,1,2
170070358,5,2,1,1,1,1,1,1,1,5,1,1,1,5,1,1,1,1,2
170070366,1,1,1,1,1,10,1,1,1,1,1,1,1,5,1,1,1,1,1
170070369,1,1,1,1,1,4,4,4,10,10,4,10,1,3,2,6,8,1,10
170070378,10,10,1,1,10,10,10,1,10,1,1,10,1,10,10,10,10,10,10
170070385,1,1,1,1,1,1,1,1,5,10,1,1,1,1,1,1,1,1,1
170070388,1,1,1,1,1,10,10,1,1,1,1,1,1,1,1,1,10,1,10
170070389,5,5,5,5,5,5,5,5,5,5,5,5,5,5,5,5,5,5,5
170070390,1,1,1,1,1,1,1,1,1,10,1,1,1,1,1,1,1,1,1
170070393,4,1,1,6,2,7,3,1,7,9,1,8,1,8,6,6,5,5,10
170070394,7,5,7,5,5,8,6,3,1,9,1,5,5,5,5,5,5,10,10
170070395,3,6,1,5,2,1,3,1,8,10,1,8,1,10,6,5,8,6,10
170070407,2,10,5,5,5,5,5,5,2,3,5,5,5,5,5,5,5,5,5
170070408,1,1,1,1,1,1,1,1,1,1,1,1,1,1,1,1,1,1,1
170070414,1,1,1,1,1,1,1,6,1,1,1,1,1,7,1,1,1,1,10
170070415,5,5,5,4,5,10,10,5,10,8,10,10,5,5,5,5,5,5,10
170070418,10,1,1,1,1,5,1,1,1,1,1,1,1,4,1,1,1,1,1
170070421,5,4,4,1,1,6,5,9,9,10,10,10,1,1,1,1,6,3,7
170070422,1,1,1,1,1,1,1,10,1,1,10,10,10,10,10,10,10,10,10
170070423,10,1,1,1,1,1,1,1,1,1,1,1,1,1,1,1,1,1,1
170070426,1,1,1,1,1,1,1,1,1,10,10,1,1,10,1,1,1,1,1
170070432,9,1,1,5,2,9,7,1,6,5,2,8,2,4,1,1,8,2,10
170070442,4,1,1,1,1,1,1,1,1,1,1,1,1,1,1,1,1,1,1
170070465,4,3,1,1,1,8,5,1,1,7,1,1,1,1,1,2,3,1,3
170070471,8,10,1,1,2,2,2,2,10,2,1,10,1,10,1,10,1,1,10
170070497,1,1,1,1,1,1,5,1,1,1,1,1,1,1,1,1,1,1,1
170070503,1,1,1,1,1,1,10,10,10,1,1,1,1,1,1,1,1,1,1
170070507,10,10,10,10,3,6,4,9,9,9,9,5,6,6,4,7,9,6,10
170070510,10,10,1,1,1,10,1,1,10,1,1,1,1,1,1,10,1,1,1
170070514,3,1,1,1,3,5,4,1,5,7,1,1,1,4,5,1,3,1,4
170070515,9,9,9,9,1,9,9,5,9,2,9,2,2,9,2,2,9,9,9
170070522,1,1,1,1,1,1,1,1,1,1,1,1,1,1,1,1,1,1,1
170070530,1,1,1,1,1,1,1,1,1,1,1,1,1,1,1,1,1,1,1
170070531,10,10,3,6,1,2,3,4,5,7,8,9,10,1,1,2,3,4,5
170070534,3,10,1,1,1,10,1,1,10,1,1,1,1,1,1,1,1,1,1
170070538,1,10,1,1,1,6,1,1,1,1,1,1,1,1,1,1,1,1,1
170070541,1,10,1,1,1,1,1,10,10,10,3,1,1,2,2,2,2,1,8
170070544,10,1,1,1,1,1,1,1,1,1,1,1,1,1,1,1,1,1,1
170070545,10,9,1,2,1,1,1,1,8,8,1,1,1,1,1,1,1,1,1
170070553,1,10,1,1,1,1,1,1,1,10,1,1,1,1,1,1,10,10,10
170070558,5,1,1,1,1,1,1,1,1,1,1,1,1,5,1,1,1,1,1
170070559,10,10,1,1,1,1,1,1,1,1,1,1,1,1,1,1,1,1,10
170070560,10,10,1,10,1,10,10,1,10,10,1,1,1,1,1,1,10,1,10
170070561,5,5,5,5,5,8,6,5,5,6,5,5,5,5,5,5,5,5,5
170070562,10,1,1,10,10,10,10,10,10,10,10,10,10,10,10,10,10,10,10
170070565,3,2,2,2,4,1,1,1,1,5,1,6,1,1,1,1,7,1,5
170070585,7,2,1,1,1,1,1,1,1,1,1,1,1,3,1,1,1,1,1
170070593,1,1,1,1,1,5,4,1,6,7,3,4,1,1,1,1,4,1,3
170070598,10,3,1,8,1,10,3,4,7,8,1,5,1,3,6,1,7,1,1
170070601,1,1,1,1,1,5,1,2,1,1,1,5,1,5,1,1,1,1,1
170070621,1,1,10,10,10,10,10,10,1,10,10,1,10,1,1,1,1,1,10
170070626,8,1,1,1,1,6,5,9,9,10,5,10,1,8,1,1,10,1,10
170070630,5,5,8,1,5,5,5,5,5,5,5,5,5,10,5,5,5,5,10
170070631,2,9,1,2,3,5,4,2,1,1,4,10,2,3,1,1,1,3,4
170070663,8,9,4,5,9,5,5,5,5,5,3,1,5,5,4,7,6,3,2
170070666,1,10,5,5,5,10,5,5,5,5,5,5,5,6,5,5,5,5,10
170070669,1,1,1,1,3,5,1,1,5,7,1,1,1,1,1,1,3,2,1
170070672,3,1,1,2,3,5,5,5,5,8,1,3,1,5,2,1,5,1,1
170070673,1,1,1,1,1,10,10,4,10,10,1,8,1,5,1,1,6,1,5
170070676,10,10,1,1,1,1,1,1,1,1,1,1,1,1,1,1,1,1,1
170070680,10,10,1,1,1,1,1,1,10,10,10,1,1,1,1,10,10,1,1
170070682,8,1,1,1,1,5,3,1,5,5,1,2,1,5,4,1,4,2,5
170070686,4,1,1,1,1,1,5,1,6,7,1,1,1,7,1,1,8,1,1
170070699,1,10,1,1,1,1,1,1,1,10,1,1,1,1,1,1,10,1,1
170070703,2,1,1,1,1,9,5,1,10,8,1,8,1,5,4,1,4,1,1
170070704,1,1,1,1,1,1,1,1,1,10,1,1,1,8,1,1,5,1,1
170070706,5,7,1,3,1,1,1,3,5,8,1,5,1,5,1,1,1,1,8
170070723,7,8,1,4,5,5,5,5,8,10,5,10,5,5,5,5,10,5,5
170070731,5,6,5,5,5,5,5,10,5,5,5,5,5,5,5,5,6,5,6
170070734,5,8,9,8,9,8,2,2,9,8,2,2,8,3,3,3,2,2,3
170070737,1,1,1,1,1,1,1,1,1,1,1,1,1,1,1,1,1,1,1
170070749,1,3,1,1,1,6,6,3,8,10,1,1,1,6,3,1,2,2,9
170070750,2,1,1,1,1,6,6,1,5,5,1,1,1,4,1,1,4,1,1
170070751,1,1,1,4,1,10,10,6,6,6,6,10,1,6,6,1,6,1,6
170070752,1,1,1,1,1,1,1,1,1,1,1,1,1,1,1,1,1,1,10
170070756,1,1,1,1,1,5,1,1,10,5,1,8,1,1,1,1,1,1,1
170070760,10,10,10,10,10,10,10,10,10,10,10,10,10,10,10,10,10,10,10
170070762,1,1,1,1,1,1,1,1,1,1,1,1,1,1,1,1,1,1,1
170070763,4,4,5,4,4,6,6,2,6,8,6,6,3,5,4,5,7,5,6
170070764,1,1,1,1,1,10,10,10,10,8,1,1,1,1,1,1,1,1,10
170070769,1,1,1,1,1,5,5,5,5,5,1,5,1,1,1,5,1,5,1
170070776,1,1,1,1,1,1,1,1,1,6,1,1,1,5,4,6,1,1,1
170070779,1,1,1,1,1,1,2,2,2,1,1,1,1,2,2,2,1,1,5
170070805,1,1,1,1,1,7,1,1,10,5,1,10,1,10,1,1,1,1,10
170070809,1,1,1,1,1,1,1,1,3,1,1,1,1,1,1,1,1,1,1
170070810,10,1,1,1,1,6,1,5,5,8,1,10,1,8,2,1,1,1,10
170070836,1,1,1,1,1,1,1,1,1,1,1,1,1,2,1,1,1,1,1
170070856,1,10,1,1,1,1,1,1,1,6,1,1,1,6,1,1,1,1,1
170070868,1,1,1,1,1,1,1,1,1,1,1,10,1,1,1,1,1,1,1
170070881,1,1,1,1,1,5,5,1,1,4,1,3,1,5,1,1,4,1,3
170070884,1,1,1,1,1,1,1,1,1,1,1,1,1,1,1,1,1,1,1
170070890,10,4,1,1,1,1,1,1,1,1,1,1,1,1,1,1,1,1,1
170070904,1,1,1,1,1,5,1,1,5,6,1,5,1,10,1,1,1,1,8
170071000,1,10,1,1,4,1,6,1,8,10,1,10,1,10,1,1,8,1,10
170071009,1,1,1,1,1,10,1,1,6,9,1,6,1,1,1,1,7,1,10
170071010,1,1,1,1,1,1,1,1,1,1,1,1,1,1,1,1,1,1,1
170071012,10,5,1,1,1,1,1,1,1,1,1,1,1,1,1,1,1,1,1
170071013,10,10,1,1,1,1,1,1,1,1,1,1,1,1,1,1,1,1,1
170071014,1,10,10,10,10,10,10,10,10,10,10,10,10,10,10,10,10,10,10
170071018,1,10,1,1,1,10,1,1,10,1,1,1,1,10,1,1,1,1,1
170071020,10,10,1,1,1,1,1,1,1,1,1,1,1,1,1,1,1,1,10
170071024,1,5,1,1,1,1,1,1,4,10,1,1,1,1,1,1,5,1,1
170071029,1,10,1,1,1,1,1,1,1,1,1,1,1,1,1,1,1,1,1
170071042,7,7,1,1,1,1,1,1,1,6,1,1,1,7,1,1,1,1,1
170071045,7,1,1,1,1,1,1,1,1,1,1,1,1,1,1,1,1,1,1
170071046,10,6,1,1,1,1,1,1,1,4,10,1,1,2,1,1,5,1,10
170071051,4,4,1,1,1,1,1,1,4,7,1,2,1,3,1,1,1,1,7
170071052,1,3,1,3,1,5,5,1,5,1,1,1,1,1,2,1,1,1,1
170071053,1,10,10,8,1,10,1,1,10,1,1,1,1,10,1,1,1,1,1
170071059,6,1,1,1,1,5,5,2,7,7,1,5,1,6,1,1,1,1,10
170071060,10,1,1,1,1,1,1,1,1,1,1,1,1,6,1,1,1,1,1
170071061,5,10,1,1,1,9,1,1,1,1,1,5,1,6,1,1,1,1,10
170071062,1,1,1,1,1,7,2,1,10,2,1,8,1,1,1,1,1,1,1
170071083,4,5,1,1,1,1,4,1,4,6,1,1,1,3,1,1,4,1,10
170071092,8,10,1,1,1,1,1,1,1,2,1,1,1,7,1,1,1,1,1
170071094,6,7,1,4,1,8,7,6,2,7,1,4,1,2,1,1,6,1,5
170071095,2,10,1,1,1,1,1,1,1,6,1,1,1,6,1,1,10,1,1
170071096,4,1,1,1,1,1,1,1,5,7,5,5,1,5,1,1,5,4,10
170071097,1,1,1,1,1,1,1,5,5,5,1,1,1,1,1,1,1,1,1
170071101,5,10,8,5,7,1,1,1,6,9,7,5,1,1,1,1,4,1,2
170071104,1,6,1,1,4,1,4,1,7,2,2,9,4,2,2,2,7,3,10
170071110,1,1,1,1,1,6,6,1,1,1,1,1,1,1,1,1,1,1,8
170071113,1,1,1,1,1,8,7,1,10,10,1,1,1,8,1,1,8,1,1
170071124,1,1,1,1,1,1,1,1,8,5,1,1,1,1,1,1,1,1,1
170071131,2,2,2,2,1,1,1,1,1,6,1,1,1,1,1,1,1,1,7
170071152,1,1,1,1,1,1,1,1,1,10,1,1,10,10,10,10,10,10,1
170071153,1,1,1,1,6,10,7,1,10,10,1,10,1,7,1,1,10,1,10
170071158,4,7,9,4,10,2,3,1,2,1,1,1,1,1,1,1,5,3,7
170071160,1,1,1,1,1,1,1,1,1,1,1,1,1,1,1,1,1,1,1
170071163,1,1,1,1,1,1,1,1,10,10,1,10,1,10,1,1,1,4,10
170071164,10,9,1,2,3,8,5,6,8,4,5,6,1,3,4,1,10,2,3
170071165,1,3,1,1,1,8,4,5,9,10,1,6,1,4,6,1,8,6,7
170071166,1,1,1,1,1,1,1,1,1,1,1,1,1,1,1,1,1,1,1
170071178,6,2,4,5,4,4,5,3,4,5,4,5,4,8,4,4,5,3,5
170071181,10,1,1,1,1,1,1,1,1,5,1,1,1,5,1,1,1,1,1
170071187,10,10,1,1,1,6,1,1,4,6,1,1,1,4,1,1,4,1,1
170071188,7,8,1,1,1,1,1,1,1,1,1,1,1,1,1,1,1,1,10
170071191,5,2,1,1,1,2,2,2,1,1,2,5,1,1,1,2,1,2,1
170071216,1,10,10,1,10,10,1,1,1,10,1,1,1,10,1,1,1,1,1
170071219,7,2,1,1,1,1,1,1,1,1,1,9,1,8,1,5,2,5,1
170071222,1,1,1,3,1,1,1,1,1,1,1,1,1,1,1,1,1,1,1
170071225,9,8,1,6,1,1,1,1,1,1,1,1,3,1,1,1,1,1,1
170071226,3,2,1,1,1,1,1,1,1,1,1,1,1,1,1,1,1,1,1
170071230,10,5,1,1,1,10,10,1,10,10,1,1,1,1,1,1,10,10,1
170071231,8,5,5,5,5,4,5,5,4,4,5,10,5,5,5,5,5,5,10
170071234,1,10,1,1,1,10,10,1,6,10,1,6,1,3,1,1,1,1,10
170071248,1,5,1,1,1,1,1,1,4,4,1,1,1,1,1,1,4,2,1
170071249,10,10,1,1,1,6,1,10,10,10,1,6,1,10,1,1,10,1,5
170071252,1,1,1,1,1,5,1,1,5,5,1,3,1,5,1,1,1,1,8
170071255,10,1,1,1,1,1,1,1,7,8,1,9,1,1,1,1,8,1,9
170071258,10,10,1,1,5,1,5,1,1,6,1,1,1,5,1,2,7,3,2
170071259,1,1,1,1,1,1,1,1,5,5,1,1,1,1,1,1,1,1,5
170071261,4,3,3,3,3,2,2,2,5,5,2,5,2,3,2,2,2,2,6
170071263,1,9,1,1,1,1,1,1,1,1,1,1,1,1,1,1,1,1,1
170071264,5,2,7,1,1,1,1,1,10,1,1,1,1,1,1,1,1,1,1
170071265,1,1,1,1,1,1,1,1,1,1,1,1,1,1,1,1,1,1,1
170071276,1,10,1,1,1,5,5,5,5,5,1,1,1,1,1,1,5,1,1
170071279,4,7,3,5,5,7,4,5,5,4,5,5,5,3,5,5,5,5,4
170071284,1,10,1,1,1,3,1,1,3,3,1,3,1,4,1,1,3,1,3
170071296,5,5,5,5,5,5,5,5,5,5,6,5,5,5,5,5,5,5,5
170071297,3,1,1,1,1,9,6,1,1,7,1,10,1,6,1,1,3,1,1
170071302,1,10,1,1,1,1,1,1,10,10,1,10,1,10,1,1,10,1,10
170071303,1,1,1,1,1,1,1,1,1,1,1,1,1,1,1,1,1,1,1
170071304,5,5,5,5,5,5,5,5,5,5,5,5,5,5,5,5,5,5,5
170071305,10,7,1,1,2,3,1,4,5,6,2,3,1,2,1,3,2,3,1
170071306,2,1,1,1,1,1,1,1,8,1,1,9,9,3,1,1,1,1,9
170071307,5,1,1,1,1,1,3,1,9,9,1,1,1,5,1,2,9,5,9
170071308,7,2,2,5,5,6,6,1,7,7,2,5,2,2,2,5,6,4,5
170071309,1,1,1,1,1,1,1,1,1,1,1,1,1,1,1,1,1,1,1
170071310,2,1,1,1,1,1,1,1,1,5,1,7,1,1,1,1,1,1,2
170071311,1,1,1,1,1,1,1,1,5,1,1,1,1,1,1,1,1,1,1
170071313,1,1,1,1,1,1,1,1,5,1,1,1,1,2,1,1,1,1,1
170071317,10,10,1,1,1,1,1,1,10,10,1,1,1,10,1,1,1,10,10
170071320,10,10,10,10,10,10,10,10,10,10,10,10,10,10,10,10,10,10,10
170071327,10,10,1,1,1,10,10,10,10,10,10,10,10,5,10,10,1,10,10
170071429,2,1,1,1,1,7,7,7,8,8,1,5,1,6,1,1,4,3,5
170071432,6,8,1,1,1,1,1,1,1,1,1,1,1,1,1,1,1,1,1
170071433,5,4,1,1,1,1,1,2,1,1,1,1,1,1,1,1,1,1,1
170071444,5,8,1,2,2,1,4,1,7,5,1,1,1,5,2,5,4,2,10
170071448,10,10,1,1,10,10,10,10,10,10,1,1,1,1,1,1,1,1,1
170071454,1,1,1,1,1,10,1,1,10,10,8,8,1,7,5,1,1,1,10
170071463,1,1,1,1,1,1,1,1,1,1,1,1,1,1,1,1,1,1,1
170071472,7,5,1,1,1,5,5,1,5,5,1,5,1,6,1,1,5,1,1
170071473,5,9,5,5,5,4,4,4,8,4,9,4,3,7,3,2,2,4,4
170071474,3,3,1,5,5,5,5,5,5,6,5,5,1,7,1,1,6,2,1
170071481,3,3,1,1,1,5,1,1,4,8,1,1,1,1,1,1,1,1,1
170071484,7,6,1,7,7,5,1,1,1,4,1,1,1,1,1,1,1,1,1
170071491,2,10,2,5,10,1,1,1,1,5,1,3,1,1,1,3,7,5,1
170071494,9,4,1,2,1,5,3,1,3,6,1,5,1,1,1,1,1,3,1
170071495,1,1,1,1,1,1,1,1,1,5,1,5,1,2,1,1,3,1,5
170071496,2,5,3,6,7,7,7,3,6,7,2,4,1,8,3,1,7,1,1
170071497,1,10,1,1,1,10,10,1,10,10,1,10,1,1,1,1,10,1,1
170071504,10,10,1,10,5,5,3,1,1,1,1,1,1,5,1,5,5,1,1
170071505,4,10,1,1,1,1,1,1,1,10,1,1,1,8,1,1,10,1,10
170071506,4,4,1,4,4,1,1,1,1,1,1,1,1,1,2,2,2,2,2
170071513,1,1,1,1,1,10,1,1,10,1,1,1,1,1,1,1,1,1,1
170071514,5,8,1,10,1,5,8,1,7,10,1,7,1,5,1,1,10,1,5
170071515,1,10,1,1,1,1,1,1,10,10,1,10,1,1,1,1,1,1,10
170071516,10,1,1,1,1,1,1,1,6,6,1,7,1,5,5,1,6,1,1
170071517,3,2,1,2,3,6,5,5,6,6,1,3,1,6,1,1,1,3,5
170071525,1,1,1,1,1,5,5,1,1,1,1,10,1,3,1,1,1,1,1
170071527,5,5,1,1,1,5,3,1,5,5,1,5,1,5,1,1,5,1,5
170071528,9,2,2,1,1,10,4,7,8,9,1,6,1,2,1,1,2,1,1
170071530,1,1,1,1,1,1,1,1,1,10,1,1,1,6,1,1,10,1,1
170071532,1,1,1,1,1,6,1,1,6,10,1,6,1,1,1,1,1,1,1
170071533,1,1,1,1,1,10,1,1,10,10,1,1,1,1,1,1,1,1,1
170071534,1,1,1,1,1,1,1,1,1,6,1,1,1,1,2,1,1,1,10
170071537,6,1,1,1,1,2,2,1,3,5,1,1,1,1,1,1,5,1,1
170071541,5,5,1,1,1,6,5,4,5,9,4,4,1,5,5,1,1,1,10
170071543,6,2,1,2,2,4,5,1,5,5,1,4,1,5,5,6,3,6,2
170071547,1,1,1,1,3,1,2,1,1,3,1,1,1,2,2,2,3,2,3
170071552,1,1,1,1,1,10,1,1,1,3,1,1,1,1,1,1,4,1,1
170071556,1,1,1,1,3,3,4,1,1,5,1,2,1,3,1,1,2,1,1
170071558,1,2,1,2,3,1,3,1,4,5,1,4,1,4,1,2,5,3,10
170071559,7,2,1,1,1,1,2,1,5,5,1,2,1,5,1,1,4,1,5
170071566,3,2,1,1,1,5,4,1,3,5,1,3,1,3,1,1,5,5,5
170071573,1,1,1,1,1,4,4,1,4,5,1,1,1,5,1,1,5,1,6
170071586,9,5,4,3,5,6,5,4,6,3,2,1,5,6,4,6,1,1,1
170071589,6,5,2,5,7,5,5,5,5,5,2,2,2,2,2,2,8,2,1
170071594,9,9,1,6,7,6,9,1,7,7,7,5,1,1,4,3,1,1,2
170071602,10,1,1,1,1,1,1,1,1,1,1,1,1,1,1,1,1,1,1
170071605,5,1,1,1,1,6,5,1,5,5,1,1,1,1,1,1,1,1,10
170071608,1,1,1,1,1,1,5,1,8,6,1,1,1,4,1,1,5,1,1
170071612,2,2,1,1,1,7,5,1,10,10,1,10,1,1,1,1,6,1,10
170071621,1,1,1,1,1,1,1,1,10,1,1,1,1,1,1,1,10,1,1
170071622,1,1,1,1,1,1,1,1,1,1,1,1,1,1,1,1,1,1,1
170071623,1,10,1,1,1,1,1,1,10,10,1,1,10,10,10,1,10,1,10
170071624,1,1,1,1,1,10,6,4,5,7,1,5,1,1,1,1,6,1,1
170071626,1,1,1,1,1,10,5,10,10,10,10,10,1,1,1,1,1,5,6
170071629,1,1,1,1,1,1,1,1,1,1,1,1,1,1,1,1,1,1,1
170071634,9,10,1,1,1,1,1,1,1,1,1,1,1,1,1,1,1,1,1
170071637,1,1,1,1,10,10,5,1,1,9,1,10,1,1,1,1,1,1,9
170071638,1,1,1,2,1,8,8,6,8,8,1,6,1,3,1,1,6,1,6
170071639,1,1,1,1,3,1,5,3,3,5,1,3,1,5,1,5,9,3,8
170071642,10,10,1,1,1,1,1,1,10,9,1,1,1,1,1,1,1,1,10
170071643,10,1,1,1,1,10,1,10,10,10,1,10,1,1,1,1,10,1,5
170071727,1,1,1,1,1,1,5,1,5,5,1,5,1,5,1,1,7,1,9
170071728,1,1,1,1,1,5,5,1,1,8,1,1,1,1,1,1,1,1,1
170071729,10,1,1,1,1,7,10,1,1,10,9,10,1,5,1,1,3,10,1
170071730,1,1,1,1,1,5,5,1,1,5,1,5,1,5,1,1,1,1,1
170071735,1,1,1,1,1,4,5,1,5,10,1,6,1,7,1,1,8,1,1
170071739,10,6,1,3,1,10,7,9,10,10,9,10,1,1,1,1,7,1,8
170071748,5,5,1,1,1,1,1,1,1,1,1,1,1,1,1,1,1,1,1
170071751,10,10,10,10,10,10,10,10,10,10,10,10,10,10,10,10,10,10,10
170071752,5,3,1,1,1,1,1,1,1,1,1,3,3,1,1,1,1,1,1
170071755,1,1,1,1,1,1,1,1,2,1,1,1,1,1,1,1,1,1,1
170071759,4,4,5,2,1,1,1,2,1,1,3,1,1,1,1,1,1,1,1
170071762,1,1,1,1,1,3,1,1,6,5,5,7,1,1,1,1,2,2,1
170071765,8,7,1,4,5,6,5,1,9,6,3,8,1,1,1,2,7,3,10
170071768,8,6,1,5,1,1,3,1,5,7,1,5,1,5,1,8,6,9,10
170071773,2,8,2,9,4,8,9,7,8,5,9,7,3,4,7,8,5,8,3
170071776,5,6,1,3,4,2,5,4,6,5,3,2,7,5,6,2,1,3,4
170071780,1,1,1,1,1,1,1,1,1,1,1,1,1,1,1,1,1,1,1
170071839,7,5,1,5,6,9,5,5,8,8,4,9,1,3,3,3,8,2,2
170071849,1,1,1,1,2,1,1,1,10,8,1,1,10,7,1,9,7,1,1
170071850,5,5,1,1,1,1,1,1,1,1,1,1,1,1,1,1,1,1,1
170071852,2,4,1,1,1,1,2,1,7,7,1,4,1,5,1,1,6,1,1
170071853,1,3,1,3,4,4,4,3,2,5,5,5,5,3,5,5,5,5,3
170071859,1,1,1,1,1,8,5,1,8,8,1,1,1,1,1,1,1,1,1
170071861,4,5,1,1,2,1,1,1,1,1,1,1,1,2,1,1,1,1,1
170071862,7,1,1,1,1,3,3,4,2,4,1,1,1,4,1,1,2,1,6
170071864,1,1,1,1,1,10,5,1,10,10,1,10,1,1,1,1,10,1,10
170071866,1,1,1,8,1,5,5,4,10,10,1,10,1,5,1,1,5,1,5
170071868,7,8,1,1,1,5,1,1,1,1,1,1,1,1,1,1,1,1,1
170071869,10,1,1,1,1,10,6,1,7,8,1,10,1,5,1,1,5,1,10
170071870,6,1,1,1,1,1,1,1,1,1,1,1,1,1,1,1,1,1,1
170071873,9,5,5,5,5,3,6,5,10,10,1,5,1,1,1,1,7,1,10
170071894,2,1,1,1,1,9,5,1,7,6,1,8,1,7,1,1,1,1,6
170071907,2,1,1,2,1,5,7,1,9,8,1,10,1,4,1,1,3,1,10
170071911,1,1,1,1,1,1,1,1,1,1,1,1,1,1,1,1,1,1,1
170071913,5,7,3,3,3,3,3,3,3,3,3,3,3,3,3,2,6,3,8
170071923,1,1,1,1,1,5,5,1,1,5,1,1,1,1,1,1,4,1,1
170071924,4,4,4,4,1,10,10,10,10,10,2,10,1,8,2,2,10,2,10
170071933,1,4,1,4,7,8,9,3,6,2,3,6,5,7,6,1,3,2,6
170071940,1,4,4,5,5,5,5,5,9,5,5,7,1,1,1,1,1,1,10
170071941,10,10,1,10,1,1,6,1,5,5,1,1,1,10,1,1,1,1,10
170072103,1,1,1,2,2,3,3,1,4,3,2,2,1,3,3,2,3,2,1
170072112,1,1,1,1,1,6,5,1,6,8,1,5,1,1,1,1,7,4,1
170072137,1,1,1,1,1,1,1,1,6,10,1,1,1,1,1,1,10,1,10
170072151,7,1,1,1,1,10,8,1,10,10,1,10,1,7,1,1,1,1,1
170072161,5,5,1,1,1,1,1,1,1,1,1,1,1,1,1,1,1,1,1
170072173,5,5,7,6,8,1,1,1,1,8,8,5,5,10,8,8,5,6,5
170072181,1,1,1,1,1,1,1,1,1,1,1,1,1,1,1,1,1,1,1
170072185,10,10,1,1,1,1,1,1,1,1,1,1,1,1,1,1,1,1,1
170072186,1,1,1,1,1,1,1,1,1,10,1,1,1,5,1,1,5,1,1
170072191,1,1,1,1,1,2,2,2,2,2,2,2,2,2,2,2,2,2,2
170072192,1,1,1,1,10,10,10,1,1,1,1,1,1,7,1,1,1,1,1
170072193,4,5,1,1,2,5,5,5,5,6,3,1,1,1,1,1,5,6,1
170072194,1,10,1,10,1,1,1,1,10,10,1,1,1,1,1,1,1,1,1
170072195,7,6,10,10,10,9,9,10,8,1,2,1,1,1,1,1,1,1,1
170072196,5,10,1,1,1,5,1,1,6,5,1,1,1,4,4,3,3,1,1
170072201,1,1,1,1,1,1,1,1,1,1,1,1,1,1,1,1,1,1,1
170072221,5,1,1,1,1,5,5,1,5,5,1,5,1,5,1,1,5,1,1
170072250,1,1,1,1,1,1,1,1,5,2,1,1,1,6,1,1,2,1,2
170072251,4,6,2,3,4,4,6,7,6,5,5,5,5,5,5,5,5,5,5
170072252,5,5,5,5,5,5,5,5,5,5,5,5,5,5,5,5,5,5,5
170072254,1,1,1,1,1,6,5,1,6,6,1,1,1,6,1,1,1,1,1
170072267,3,2,1,2,1,6,6,2,8,5,3,4,1,3,1,2,1,2,7
170072268,10,1,1,1,5,5,3,5,7,10,1,5,1,5,1,1,8,1,8
170072269,10,1,1,1,1,10,10,1,10,10,1,10,1,1,1,1,10,1,10
170072273,1,8,1,1,1,6,5,1,10,7,1,1,1,5,1,1,1,1,1
170072295,1,1,1,1,1,1,1,1,1,1,1,1,1,1,1,1,1,1,1
170072306,1,10,3,5,4,1,10,1,10,10,5,10,1,3,1,1,10,1,1
170072349,1,1,1,1,1,1,1,1,1,1,1,1,1,1,1,1,1,1,1
170072360,4,7,1,6,9,6,1,1,6,3,4,5,1,8,2,8,8,1,3
170072362,10,1,1,1,1,5,5,1,8,10,1,1,1,6,1,1,8,1,10
170072372,1,1,1,10,1,5,1,1,7,5,1,7,1,1,1,1,1,1,7
170072375,1,1,1,1,1,6,3,1,10,10,1,1,1,1,1,2,1,1,1
170072388,5,5,1,1,1,10,5,1,3,6,10,10,1,1,1,3,6,5,1
170072414,1,1,1,1,1,1,1,1,1,1,1,1,1,1,1,1,1,1,1
170072419,6,4,1,1,2,4,1,1,5,8,1,7,1,1,1,1,3,1,7
170072422,10,10,1,1,1,10,10,1,5,10,1,6,1,5,1,1,1,1,1
170072423,8,1,1,1,1,1,1,1,1,10,1,1,1,10,1,1,10,1,1
170072437,10,1,10,10,3,1,10,10,10,10,10,10,10,10,10,1,10,10,10
170072455,1,1,1,1,1,8,1,1,8,8,1,7,1,1,1,1,1,1,10
170072499,5,3,1,1,1,7,2,2,10,10,3,3,1,2,2,1,7,2,6
170072505,5,1,1,1,1,1,1,1,1,1,1,1,1,1,1,1,1,1,1
170072508,2,1,1,1,1,1,1,1,1,1,1,1,1,1,1,1,1,1,1
170072509,1,2,1,2,1,1,1,1,1,1,1,1,1,1,1,1,1,1,1
170072560,10,5,1,1,1,1,1,1,1,1,1,1,1,1,1,1,1,1,1
170072569,5,6,1,1,1,10,1,10,10,10,10,10,1,1,1,1,1,1,1
170072570,1,1,1,1,1,10,1,1,2,1,1,10,1,10,1,1,8,1,10
170072572,2,1,1,1,1,1,1,1,5,1,1,1,1,5,1,1,5,1,1
170072605,10,2,1,1,4,4,1,1,3,1,1,10,1,7,1,7,7,10,4
170072606,2,2,6,3,1,6,8,6,10,9,5,10,1,6,6,8,8,6,1
170072607,3,10,3,10,10,10,10,10,10,10,10,5,10,10,10,10,1,1,1
170072614,1,10,1,10,1,1,1,10,1,10,1,1,1,10,1,1,1,1,10
170072615,10,10,1,1,1,1,1,1,3,5,1,1,1,5,1,1,5,1,1
170072617,10,1,1,1,1,7,10,1,8,10,1,8,5,10,1,1,5,1,1
170072620,8,5,5,1,1,1,1,1,1,1,1,1,1,1,1,1,10,1,1
170072621,6,9,1,1,1,2,1,1,5,5,1,3,1,5,1,1,1,3,3
170072641,4,1,1,1,1,4,1,1,1,5,1,1,1,1,1,1,5,1,5
170072642,1,1,1,1,1,5,5,1,5,1,1,1,1,5,1,1,1,1,1
170072645,9,4,1,1,1,1,1,1,4,5,1,1,1,1,1,1,6,1,6
170072648,1,1,1,1,1,10,1,1,10,10,1,1,1,10,1,1,10,1,1
170072649,9,6,1,3,7,2,3,1,4,5,6,9,1,7,8,9,2,4,5
170072650,1,1,1,1,1,9,1,1,10,7,1,6,1,1,1,1,8,1,1
170072652,10,1,1,1,1,5,1,1,5,10,1,1,1,5,1,1,1,1,10
170072654,1,10,1,10,10,10,10,1,10,10,1,1,10,10,10,1,10,1,1
170072672,1,10,1,1,1,6,1,1,6,6,1,1,1,6,1,1,4,1,1
170072675,5,3,1,1,1,5,5,1,5,5,1,5,1,1,1,1,5,5,5
170072676,5,5,1,1,1,3,1,1,2,2,1,5,1,3,1,1,1,1,1
170072687,10,10,1,10,1,5,5,5,5,5,5,5,5,1,1,1,5,1,10
170072694,1,1,1,1,1,1,1,1,1,1,1,1,1,7,1,1,5,1,1
170072700,5,5,6,4,6,5,4,6,6,4,6,5,4,7,5,4,6,7,5
170072701,5,5,5,5,5,5,5,5,5,5,5,5,5,5,5,5,5,5,5
170072727,5,6,1,3,1,4,1,1,4,3,5,10,1,4,2,1,3,1,8
170072728,1,1,1,1,1,1,1,1,1,1,1,1,1,10,1,1,1,1,10
170072744,2,8,1,1,1,5,5,1,5,9,1,5,1,5,1,1,5,1,1
170072752,1,1,1,1,1,5,5,5,7,8,1,9,1,8,1,1,5,1,6
170072762,1,1,1,1,1,6,4,1,4,5,1,3,1,1,1,1,4,1,5
170072768,10,10,1,1,1,10,1,1,10,8,1,8,1,9,1,1,1,1,8
170072802,1,1,1,1,1,1,1,1,1,1,1,1,1,1,1,1,1,1,1
170072803,4,9,1,7,1,10,3,3,8,7,1,1,1,1,1,1,6,1,9
170072813,1,1,1,1,1,1,1,1,1,1,1,1,1,1,1,1,8,1,1
170072814,1,1,1,1,1,1,1,1,1,1,1,1,1,1,1,1,1,1,1
170072816,1,1,1,1,1,10,4,1,7,7,5,7,1,10,5,1,5,1,6
170072818,8,1,1,1,1,10,5,5,10,10,1,5,1,10,1,1,5,1,8
170072819,1,10,1,10,1,1,1,1,1,10,1,1,1,1,1,1,1,1,1
170072918,5,5,1,1,1,3,1,1,5,2,1,1,1,1,1,1,1,1,1
170072919,2,2,1,1,1,4,3,4,6,6,5,7,8,5,5,3,3,4,2
170072942,1,1,1,1,1,10,10,10,7,10,1,8,1,3,1,1,5,1,1
170072948,10,10,10,2,2,2,6,1,1,1,1,1,1,1,1,1,10,1,1
170072976,1,1,1,1,1,10,8,10,10,10,1,8,1,4,1,1,8,1,7
170072987,10,10,5,5,5,5,5,1,1,1,1,1,1,1,1,1,1,1,1
170072998,1,1,2,7,2,1,1,1,4,4,1,2,1,8,2,2,8,2,10
170073070,1,1,1,1,1,3,1,3,1,1,1,4,1,7,1,1,2,1,3
170073076,10,1,1,1,1,5,5,1,10,10,5,1,1,1,1,1,1,1,5
170073124,1,1,1,1,1,1,1,1,10,10,1,10,1,1,1,1,10,1,1
170073125,10,10,1,1,1,1,1,1,10,10,10,10,1,1,1,1,10,1,10
170073138,5,2,2,2,2,2,2,2,2,4,1,1,2,6,1,1,9,4,1
170073164,1,1,1,1,1,1,1,1,1,1,1,1,1,1,1,1,1,1,1
170073199,1,3,2,2,2,10,10,10,10,10,10,10,1,2,2,1,10,2,7
170073201,1,10,1,1,1,1,1,1,1,1,1,1,1,1,1,10,1,1,1
170073309,1,1,1,1,1,5,5,1,1,1,1,5,1,1,1,1,5,1,5
170073330,9,10,1,7,2,3,4,5,2,7,1,2,1,3,5,7,2,3,7
170073335,5,5,5,5,5,5,5,5,5,5,5,5,5,5,5,5,5,5,5
170073339,5,5,5,5,5,5,1,5,1,1,5,5,5,5,5,5,1,5,5
170073345,2,1,1,1,2,10,6,1,6,10,1,10,1,5,1,1,9,1,10
170073353,1,4,1,1,1,10,6,8,7,9,7,10,1,5,3,1,10,1,10
170073354,1,10,1,1,1,1,1,1,1,1,1,1,1,1,10,1,10,1,1
170073355,1,10,10,1,1,1,1,1,5,1,1,1,6,5,1,1,1,1,1
170073362,1,1,1,1,1,1,1,1,5,1,1,10,1,8,1,1,1,1,10
170073363,5,10,1,5,1,1,4,1,5,5,1,7,1,1,1,1,1,9,8
170073432,1,1,1,1,1,7,6,1,2,10,1,5,1,1,1,1,1,1,1
170073433,1,1,1,1,1,10,7,5,10,10,5,9,1,5,1,1,7,1,8
170073449,9,1,1,3,1,7,7,1,1,7,1,1,1,1,1,2,1,1,10
170073457,5,5,1,1,1,5,5,1,5,5,5,6,1,6,1,1,1,1,5
170073458,5,1,1,1,1,5,5,10,1,10,5,10,1,3,1,1,10,1,10
170073459,2,10,1,10,2,2,8,1,6,6,6,4,3,5,4,9,4,6,10
170073463,1,4,1,1,1,10,10,10,10,10,10,10,10,6,10,7,10,10,10
170073471,4,4,3,2,2,3,2,1,4,2,1,2,1,4,1,1,1,1,1
170073472,6,5,2,2,2,2,2,2,2,2,2,2,2,2,2,2,2,3,2
170073479,5,1,1,1,1,5,1,1,5,5,1,10,1,1,1,1,1,1,5
170073480,6,5,1,1,1,5,5,1,5,3,1,7,1,3,1,1,7,1,5
170073482,6,10,10,1,1,10,6,10,10,10,10,9,10,3,10,8,2,6,10
170073484,9,2,2,2,4,1,1,1,1,1,1,2,1,8,8,9,2,2,2
170073487,4,8,1,1,1,1,1,1,1,1,1,1,1,1,1,1,1,1,10
170073488,10,1,1,1,1,1,1,1,1,1,1,1,1,1,1,1,1,1,1
170073538,1,1,1,1,1,5,5,5,5,10,1,9,1,1,1,1,5,1,5
170073540,1,10,1,10,1,1,1,10,10,1,1,1,1,1,1,1,1,1,10
170073559,3,3,4,4,5,4,3,2,1,3,2,1,5,4,5,5,3,4,3
170073582,1,1,1,5,5,9,4,5,5,5,5,5,5,5,5,5,5,5,5
170073584,4,5,2,1,1,6,2,2,7,5,7,9,1,9,1,1,7,1,1
170073588,1,1,1,1,1,9,7,5,7,8,1,5,1,1,1,1,5,1,10
170073614,1,1,1,1,1,1,1,1,1,1,1,1,1,1,1,1,9,1,1
170073615,1,1,1,1,1,10,1,1,1,10,1,1,1,1,1,1,10,1,1
170073616,1,1,1,1,1,5,1,1,1,1,1,1,1,1,1,1,1,1,1
170073617,1,1,1,1,1,5,1,1,5,5,1,1,1,1,1,1,5,1,5
170073626,1,1,1,1,1,5,5,1,1,5,1,1,1,5,1,1,1,1,1
170073627,1,1,1,1,1,1,1,1,5,5,1,1,1,1,1,1,5,1,1
170073628,1,1,1,1,1,5,1,1,4,8,1,4,1,1,1,1,5,1,1
170073630,1,1,1,1,1,5,5,1,10,10,1,1,1,5,1,1,8,1,1
170073632,5,1,1,1,1,6,3,3,7,7,1,5,1,5,1,1,3,1,1
170073637,1,1,1,1,1,1,1,1,7,1,1,6,1,1,1,1,1,1,1
170073640,5,3,1,4,1,6,4,1,6,7,1,3,1,6,2,1,8,1,2
170073642,10,1,1,1,1,10,10,1,2,10,1,1,1,4,1,1,10,1,1
170073643,2,2,4,4,4,8,7,2,8,9,6,5,1,5,6,3,6,3,7
170073649,10,1,1,1,1,1,1,1,10,1,1,10,1,1,1,1,1,1,10
170073695,5,10,1,10,1,1,1,1,1,7,1,5,1,1,1,1,1,1,10
170073746,7,2,1,1,5,5,6,8,1,6,1,1,7,8,5,9,7,8,4
170073747,1,1,1,1,1,1,1,1,5,6,1,6,1,2,1,1,1,1,1
170073753,10,1,1,1,1,1,1,1,1,10,1,1,1,1,1,1,10,1,10
170073754,1,1,1,1,1,9,5,5,9,9,9,9,1,7,5,1,9,1,5
170073761,7,7,7,7,8,6,7,10,10,10,3,10,3,2,4,7,7,7,7
170073764,5,5,2,1,1,3,2,1,1,2,1,1,1,5,2,1,3,1,2
170073765,7,8,1,1,1,8,1,1,10,5,1,5,1,5,1,1,2,1,5
170073766,10,7,1,1,1,3,3,5,5,8,2,8,1,5,1,1,8,1,5
170073783,1,1,1,1,1,1,1,1,1,1,1,1,1,1,1,1,1,1,1
170073787,5,2,1,1,1,9,2,2,5,5,3,5,1,2,1,1,9,2,3
170073788,1,1,1,1,1,1,1,1,1,1,1,1,1,1,1,1,1,1,1
170073795,10,8,1,6,3,3,1,1,3,5,1,5,1,3,1,4,5,2,7
170073818,6,1,1,1,1,8,8,1,5,9,1,1,1,4,6,1,4,1,1
170073867,1,10,1,1,1,1,1,1,1,5,1,1,1,4,3,1,2,1,1
170073868,1,1,1,1,1,5,5,1,1,5,1,1,1,5,1,1,1,1,1
170073870,10,1,1,1,1,1,1,1,1,1,1,1,1,1,1,1,1,1,1
170073871,10,10,1,1,1,1,1,1,1,1,1,1,1,1,1,1,1,1,1
170073904,8,6,1,1,1,10,10,10,10,10,10,10,1,2,2,1,8,1,6
170073905,1,4,1,2,9,10,1,1,10,10,8,8,1,6,1,1,8,1,10
170073906,1,1,1,1,1,1,1,1,1,10,1,1,1,1,1,1,1,1,10
170073913,5,1,1,1,1,1,1,1,2,1,1,1,1,1,1,2,1,1,1
170073914,3,1,1,1,1,1,2,3,2,2,1,5,1,6,1,1,2,1,8
170073915,1,1,1,1,1,1,1,1,1,1,1,1,1,1,1,1,1,1,1
170073952,6,1,1,6,1,1,1,1,5,7,1,6,1,7,1,1,6,1,8
170074030,5,5,1,1,1,1,1,1,1,1,1,1,1,1,1,1,1,1,1
170074031,5,1,1,1,1,6,5,1,6,6,1,6,1,2,1,1,6,1,6
170074032,3,10,3,10,4,4,4,3,4,4,4,4,4,4,4,4,4,4,4
170074037,8,10,1,8,6,1,1,1,10,1,1,1,1,10,1,1,5,1,10
170074038,1,1,1,10,1,1,1,1,1,10,1,10,1,10,1,1,10,1,10
170074040,1,1,1,1,1,1,1,1,10,8,8,8,1,1,1,1,1,1,1
170074041,1,1,1,1,3,1,1,1,1,10,1,1,1,4,1,1,10,1,1
170074064,10,1,1,1,1,1,1,1,1,1,1,10,1,1,1,1,1,1,1
170074071,1,1,1,1,1,9,4,1,3,3,1,4,1,9,1,1,1,1,1
170074073,1,1,1,1,1,1,1,1,1,1,1,1,1,5,1,1,1,1,1
170074077,1,10,5,10,1,5,1,1,10,1,1,10,1,1,1,1,10,1,1
170074124,10,1,1,1,1,10,10,1,10,10,1,1,1,1,1,1,1,1,1
170074125,1,1,1,1,1,1,1,1,1,1,1,1,1,1,1,1,1,1,1
170074163,3,1,1,1,3,3,3,1,4,4,1,5,1,5,1,1,4,1,1
170074164,5,5,5,5,5,5,5,5,5,5,5,5,5,5,5,5,5,5,5
170074168,3,1,1,1,1,3,3,1,10,5,1,1,1,1,1,1,1,1,1
170074169,2,9,4,4,5,5,5,5,5,10,5,10,1,1,1,1,10,1,10
170074178,5,6,1,5,2,10,10,10,10,10,1,10,1,8,1,1,10,1,10
170074186,5,1,1,6,1,7,1,1,1,9,1,1,1,9,1,1,1,1,9
170074199,3,3,1,4,3,1,1,1,1,1,1,1,1,1,1,1,1,1,1
170074200,10,10,1,10,10,10,10,1,10,1,1,10,1,10,10,10,10,10,10
170074201,1,10,1,1,2,10,1,2,2,2,1,1,1,1,1,1,1,1,1
170074202,3,1,5,8,5,6,8,8,1,3,3,2,1,5,6,2,1,3,2
170074204,1,1,1,1,1,1,1,1,1,1,1,5,1,1,1,1,5,1,1
170074205,1,1,1,1,1,1,1,1,1,8,1,1,1,1,1,1,8,1,1
170074208,3,1,1,1,1,1,1,1,1,3,1,1,1,3,1,1,1,1,1
170074211,1,1,1,1,1,9,6,1,5,8,1,6,1,4,1,1,1,1,1
170074213,3,3,1,1,1,1,1,1,1,1,1,1,1,2,2,1,1,1,10
170074214,5,1,1,1,1,4,3,1,6,6,1,1,1,5,1,1,1,1,5
170074217,1,1,1,1,1,8,8,6,9,9,7,9,1,4,1,1,2,1,9
170074222,1,10,1,1,1,1,1,1,10,1,1,10,1,1,1,1,1,1,10
170074223,1,1,1,1,1,1,1,1,1,1,1,8,1,8,1,1,1,1,10
170074225,10,10,1,1,1,1,1,1,1,10,10,1,1,1,1,1,1,1,1
170074230,1,1,1,1,1,7,6,1,6,6,1,1,1,5,1,1,1,1,10
170074231,4,10,3,10,5,4,2,1,1,10,1,10,1,10,1,3,1,1,10
170074232,4,9,1,1,1,1,1,1,9,1,1,10,10,4,10,10,4,10,10
170074236,1,10,1,1,1,1,1,1,1,1,1,10,1,1,1,1,10,1,10
170074237,4,1,1,1,1,7,5,5,6,2,1,6,1,5,1,1,3,1,1
170074238,6,6,4,4,3,6,1,1,3,1,1,1,1,1,1,1,1,1,1
170074239,3,3,1,2,2,8,8,1,3,4,2,4,1,1,2,2,4,2,8
170074240,7,2,1,3,1,1,1,1,1,1,1,1,1,1,1,1,1,1,1
170074241,1,1,1,1,1,1,1,1,1,1,1,1,1,1,1,1,1,1,1
170074242,10,1,1,1,1,1,1,1,1,1,1,1,1,1,1,1,1,1,1
170074245,1,1,1,1,1,2,4,2,1,6,1,6,1,4,1,1,2,1,1
170074248,1,1,1,1,1,1,1,1,1,3,1,1,1,1,1,1,3,1,1
170074249,6,1,1,1,1,4,1,1,4,2,1,1,1,2,1,1,6,1,1
170074252,1,1,1,1,4,1,1,1,2,2,1,1,1,1,1,1,2,1,1
170074255,1,1,1,1,1,1,1,1,10,10,1,1,1,1,1,1,1,1,1
170074256,5,1,1,6,1,1,1,1,8,6,1,1,1,9,1,5,5,1,10
170074257,5,9,2,2,1,1,1,1,1,1,1,1,1,1,1,1,1,1,1
170074258,3,3,3,3,3,3,3,3,3,3,3,3,3,3,3,3,3,3,3
170074261,1,1,1,1,1,2,2,1,2,2,1,1,1,1,1,1,1,1,1
170074264,1,10,1,1,1,1,1,1,1,1,1,1,1,1,1,1,1,1,1
170074271,5,5,1,1,1,4,1,1,3,5,1,8,1,10,5,5,1,7,10
170074274,1,1,1,1,1,7,1,1,8,6,1,9,1,3,1,1,1,1,10
170074275,1,3,9,2,3,1,1,1,10,10,1,5,1,10,1,1,1,2,10
170074283,1,1,1,1,2,1,2,10,9,10,1,9,1,2,1,1,10,1,2
170074287,1,1,1,5,1,1,1,1,1,2,1,1,1,10,1,1,1,1,1
170074290,10,10,1,1,1,1,1,1,1,1,1,1,1,1,1,1,1,1,10
170074294,4,3,1,1,1,5,2,1,5,4,1,1,1,5,1,1,1,1,1
170074296,1,10,1,1,1,1,1,1,1,1,1,1,1,6,1,1,1,1,1
170074297,1,1,1,1,1,1,6,1,6,6,1,1,1,1,1,1,1,1,1
170074298,7,2,1,1,1,6,5,1,3,3,1,1,1,5,4,1,1,1,1
170074304,7,5,1,5,10,1,1,1,1,1,1,1,1,5,5,6,1,1,1
170074305,5,1,1,1,1,4,5,1,8,8,1,1,1,7,1,1,4,3,4
170074306,1,1,1,1,1,1,1,1,1,1,1,1,1,1,2,2,6,2,5
170074307,1,10,1,1,1,10,1,1,10,10,1,1,1,1,1,1,1,1,1
170074310,9,8,4,2,1,1,1,1,1,5,1,1,1,1,2,1,4,1,1
170074311,1,3,1,3,1,2,2,2,2,2,2,2,2,2,2,2,2,2,2
170074312,10,1,1,1,1,10,1,1,10,10,1,1,1,1,1,1,1,1,1
170074313,10,10,1,1,6,1,1,1,4,10,10,1,1,1,1,1,1,1,10
170074314,10,1,1,1,1,1,1,1,1,1,1,1,1,1,1,10,1,10,1
170074315,8,10,1,1,1,5,5,1,5,5,1,1,1,6,1,1,6,1,10
170074320,3,3,1,3,3,1,1,1,1,1,1,1,1,1,1,1,1,1,1
170074321,4,1,1,1,1,7,1,1,5,5,1,1,1,1,1,1,1,1,1
170074331,8,10,1,3,8,1,1,1,1,1,1,1,1,1,1,1,1,1,3
170074336,1,1,1,1,1,5,3,1,7,6,1,1,1,3,1,1,1,1,5
170074339,1,1,1,1,1,1,1,1,1,10,1,1,1,1,1,1,1,1,1
170074344,8,1,1,1,1,1,1,1,1,6,1,5,1,5,1,1,1,1,1
170074348,4,9,1,3,1,2,1,1,9,3,1,1,1,4,1,1,2,1,5
170074351,6,1,1,2,1,5,2,1,2,8,1,5,1,3,1,1,6,1,3
170074355,1,1,1,1,1,6,3,2,2,4,1,1,1,1,1,1,2,1,10
170074356,8,10,1,9,1,7,7,1,10,8,1,1,1,1,1,1,4,1,10
170074362,6,7,3,4,4,4,5,5,5,4,5,6,4,4,4,4,3,3,3
170074363,1,1,1,1,1,10,1,1,1,1,10,1,1,1,1,1,1,1,1
170074376,3,1,1,1,1,4,4,1,4,6,1,2,1,1,1,2,3,1,2
170074382,8,2,1,1,1,1,1,1,1,3,1,1,1,1,1,1,1,1,1
170074385,6,10,1,1,1,1,5,1,6,7,1,4,1,7,1,1,5,1,3
170074386,10,5,1,1,1,1,1,1,1,1,1,1,1,1,1,1,1,1,1
170074389,1,1,1,1,1,10,1,1,8,7,1,1,1,1,1,1,7,1,1
170074391,4,5,1,1,5,1,1,1,5,5,1,5,1,1,1,1,1,1,10
170074398,4,10,1,10,1,10,1,1,1,1,1,1,1,1,1,1,2,1,1
170074405,1,10,1,1,1,10,4,1,10,8,1,1,1,1,1,1,6,1,10
170074406,10,4,1,1,1,1,1,1,1,5,1,1,1,1,1,1,4,1,1
170074408,4,5,1,6,10,6,8,8,4,2,10,3,8,7,9,10,5,9,2
170074409,1,8,1,1,1,9,1,1,3,7,1,9,1,1,1,1,1,1,10
170074410,4,7,1,2,1,1,1,1,1,1,1,1,1,1,1,1,1,1,1
170074411,7,3,1,1,1,5,1,1,1,7,3,2,1,6,1,1,1,1,5
170074412,1,10,1,1,1,10,10,1,10,10,1,1,1,1,1,1,10,1,1
170074414,1,1,1,1,1,1,1,1,1,1,1,1,1,1,1,1,1,1,1
170074416,1,10,1,1,1,8,8,1,6,1,1,1,1,3,5,1,6,1,1
170074417,6,2,1,2,3,4,4,2,4,3,3,1,1,2,3,2,3,2,4
170074419,7,1,1,1,1,7,7,4,6,7,1,2,1,2,1,1,5,1,2
170074421,6,1,1,1,1,9,1,8,5,6,5,1,1,10,1,1,1,5,1
170074424,1,1,1,1,1,10,1,1,10,10,10,10,1,10,10,1,1,1,1
170074432,5,1,1,1,1,1,1,1,5,1,1,1,1,5,1,1,1,1,1
170074435,1,1,1,1,1,6,6,1,10,10,1,6,1,1,1,1,1,1,1
170074439,3,2,1,3,1,1,1,1,1,1,1,1,1,1,1,1,1,1,1
170074442,1,10,1,1,1,6,6,1,1,1,1,1,1,5,1,1,6,1,10
170074448,5,4,6,6,5,5,5,1,4,6,2,6,1,2,4,7,3,5,3
170074451,3,2,1,4,1,1,1,1,4,2,1,1,1,3,1,2,1,2,8
170074453,8,2,1,1,1,1,1,1,3,4,1,4,1,2,1,1,2,2,2
170074454,10,1,1,1,1,10,10,1,10,10,1,10,1,1,1,1,10,1,1
170074455,10,1,1,1,1,1,1,1,10,10,1,10,1,10,1,1,1,1,10
170074476,1,10,1,1,1,1,1,1,6,8,1,1,1,8,1,1,1,1,1
170074477,1,1,1,10,1,10,1,10,10,1,10,10,1,10,1,1,1,10,1
170074479,1,1,1,1,1,1,1,1,10,10,1,10,1,10,1,1,10,1,10
170074480,1,2,1,1,1,1,1,1,1,10,1,10,1,1,1,1,10,1,10
170074494,6,9,1,1,1,1,1,1,1,1,1,7,1,1,1,1,1,1,4
170074495,1,1,1,1,1,1,1,1,1,1,1,1,1,1,1,1,1,1,1
170074497,5,1,1,1,1,5,5,1,5,5,1,5,1,5,1,1,1,1,1
170074498,5,1,1,1,1,8,6,6,7,6,5,5,1,3,5,1,1,1,3
170074508,6,9,1,1,1,1,1,1,5,6,1,1,1,10,4,5,3,4,7
170074517,1,6,1,2,1,1,2,3,1,1,1,1,2,4,1,1,1,4,3
170074518,1,10,1,7,1,2,2,2,7,1,10,1,1,2,4,5,2,5,7
170074526,1,1,10,1,10,1,1,1,10,1,1,10,1,10,10,1,1,10,1
170074529,1,10,1,10,1,1,1,1,1,1,1,1,1,10,1,1,10,1,1
170074532,1,2,1,1,2,6,3,1,2,4,1,3,1,2,2,1,4,2,6
170074533,9,10,1,1,1,1,1,1,1,1,1,1,1,1,1,1,1,1,1
170074534,1,1,1,1,1,1,5,1,5,1,5,5,1,6,1,1,1,1,5
170074535,1,1,1,1,1,5,5,5,10,1,1,10,1,1,1,1,10,1,1
170074539,6,2,1,2,2,6,5,8,8,9,3,7,1,2,1,1,6,3,8
170074540,1,1,1,1,1,1,1,1,1,5,1,1,1,10,1,1,5,1,1
170074543,5,10,1,1,1,10,10,10,10,10,7,10,10,10,10,10,10,10,10
170074545,5,3,6,4,8,5,4,2,3,5,1,2,6,8,5,3,8,9,10
170074551,5,8,1,1,1,5,1,1,1,5,1,1,1,1,1,1,1,1,1
170074566,2,1,3,5,7,9,10,8,1,4,6,2,6,5,6,8,9,10,1
170074574,10,1,1,1,1,1,1,1,1,1,1,1,1,1,1,1,1,1,1
170074575,1,1,1,1,1,1,1,1,1,6,1,1,1,4,1,1,1,1,1
170074576,6,3,1,4,9,7,3,2,10,4,2,9,6,4,1,9,7,5,4
170074577,10,1,1,1,1,10,10,1,10,10,10,10,1,1,1,1,1,1,1
170074578,4,6,2,8,5,9,7,10,6,5,10,6,10,10,8,6,5,8,4
170074579,10,1,1,1,1,10,1,1,1,6,1,7,1,1,1,1,1,1,5
170074580,10,5,1,1,1,8,6,1,7,10,7,8,1,1,1,1,1,4,1
170074581,2,4,1,5,1,1,2,1,1,4,1,1,1,2,1,1,2,1,5
170074582,7,7,1,7,1,1,1,1,1,1,1,1,1,1,1,1,1,1,1
170074592,10,10,1,1,10,1,10,10,10,10,10,10,1,1,1,10,10,10,10
170074593,10,1,1,1,1,10,10,1,10,1,1,10,1,1,1,1,1,10,10
170074594,6,9,10,3,3,4,1,1,8,1,3,8,3,6,4,9,1,6,8
170074596,1,1,1,1,1,1,1,1,1,1,1,1,1,1,1,1,1,1,1
170074597,5,6,5,1,1,5,5,1,5,5,1,5,1,1,1,1,5,1,5
170074599,1,9,1,1,1,1,1,1,1,1,1,1,1,1,1,1,1,1,1
170074600,2,7,1,10,1,5,5,1,10,10,1,7,1,9,8,1,10,1,8
170074601,1,5,5,5,5,1,1,1,3,4,1,1,1,1,1,1,3,1,1
170074602,1,10,1,1,1,1,1,1,1,8,1,10,1,8,1,1,1,1,10
170074603,1,1,1,1,1,6,6,1,6,10,1,7,1,1,1,1,7,1,1
170074604,1,8,1,7,1,1,8,1,1,7,1,9,1,1,1,1,1,1,1
170074606,7,1,1,1,1,10,1,1,5,8,1,1,1,10,1,1,1,1,1
170074608,1,10,1,1,10,1,1,1,1,1,10,1,1,1,1,1,1,1,1
170074610,1,1,1,1,1,1,1,1,10,1,1,1,1,10,1,1,5,1,1
170074611,1,1,1,1,1,6,1,1,10,4,1,1,1,1,1,1,1,1,1
170074623,1,1,1,1,1,9,1,1,10,10,1,10,1,10,1,1,10,1,1
170074624,10,10,1,1,1,1,1,1,1,1,1,1,1,1,1,1,1,1,1
170074626,10,1,1,1,1,10,10,10,10,1,1,10,1,1,1,1,1,1,10
170074627,3,3,3,3,3,9,10,3,3,9,3,3,10,3,3,3,10,10,10
170074631,10,1,1,1,1,1,1,10,10,10,1,1,1,1,1,1,1,10,10
170074632,1,1,1,1,1,6,4,1,5,5,1,10,1,5,1,1,5,1,7
170074634,1,1,1,1,1,5,5,5,6,10,1,1,1,5,1,1,5,4,1
170074635,2,1,1,1,1,1,2,1,4,3,1,1,5,5,1,1,3,2,4
170074636,10,10,10,1,1,1,1,1,1,1,1,1,1,1,1,1,1,1,1
170074637,1,1,1,1,1,10,1,1,10,10,1,1,1,1,1,1,1,1,1
170074638,5,8,1,4,3,4,1,1,1,5,1,2,1,2,3,1,1,1,1
170074639,10,9,1,10,8,1,1,1,1,10,1,1,1,1,1,1,1,1,10
170074640,1,1,1,1,1,6,5,1,7,6,1,7,1,6,1,1,5,1,8
170074651,1,1,1,3,1,1,1,1,5,3,1,5,1,1,1,1,2,5,5
170074666,1,4,1,1,1,9,6,8,8,8,8,8,1,3,5,1,5,1,1
170074669,1,1,1,1,1,1,1,1,1,1,1,1,1,5,1,1,1,1,1
170074674,5,5,1,1,1,1,1,1,1,1,1,1,1,1,1,1,1,1,1
170074675,3,2,1,1,1,1,1,1,1,2,1,1,1,1,1,1,3,1,1
170074676,1,1,1,10,1,1,10,1,10,1,1,10,1,1,1,1,1,1,1
170074681,8,3,1,1,1,10,10,10,10,7,7,10,1,9,1,1,8,1,10
170074682,1,1,1,1,1,5,5,1,1,5,1,1,1,1,1,1,1,1,1
170074683,5,5,1,1,1,1,1,1,1,1,1,1,1,5,1,1,1,1,1
170074684,1,3,5,1,10,10,5,5,10,10,1,10,1,10,1,1,5,1,10
170074700,1,1,1,1,1,10,5,1,5,5,1,6,1,1,1,1,5,1,9
170074709,3,9,1,1,1,1,3,3,3,3,3,3,1,1,1,1,3,1,4
170074710,2,2,1,1,1,5,5,1,5,3,1,5,1,2,1,1,2,1,1
170074713,5,5,5,5,5,5,5,5,5,5,5,5,5,5,5,5,5,5,5
170074722,6,5,3,3,2,1,1,1,2,2,1,1,1,1,5,6,3,3,7
170074723,2,5,1,1,1,1,1,1,1,1,1,1,1,1,1,1,1,1,1
170074724,3,4,1,1,1,5,6,3,2,4,7,8,1,1,2,1,2,3,1
170074726,5,10,1,1,1,1,1,1,1,10,1,1,1,6,1,1,7,1,1
170074731,1,1,1,1,1,1,1,1,8,7,1,1,1,6,1,1,1,1,6
170074732,1,1,1,1,1,6,3,1,5,5,1,1,1,5,1,1,1,1,8
170074734,8,1,1,1,1,10,1,5,5,5,1,10,1,4,1,1,5,1,10
170074735,1,7,1,1,1,1,1,1,1,1,1,1,1,1,1,1,1,1,1
170074736,6,4,2,1,1,5,4,4,3,3,1,3,5,6,4,4,3,3,1
170074738,10,10,10,10,10,10,10,10,10,10,10,10,10,10,10,10,10,10,10
170074739,10,10,1,1,1,5,5,5,5,5,1,5,1,10,1,1,10,1,10
170074748,1,1,1,1,1,10,7,1,10,5,1,7,1,8,1,1,1,1,1
170074755,1,1,1,1,1,10,10,10,10,10,10,10,1,1,1,1,10,1,10
170074775,3,1,1,1,1,6,4,1,7,10,1,8,1,6,2,1,9,2,2
170074787,1,1,1,1,1,5,5,5,10,10,5,5,1,1,1,1,5,1,5
170074789,1,1,1,1,1,1,1,1,3,1,1,1,1,1,1,1,1,1,5
170074790,1,1,1,1,1,8,1,7,7,7,1,1,1,1,1,1,1,1,1
170074791,5,10,1,1,1,1,1,1,1,4,1,6,1,4,1,1,3,1,1
170074792,1,4,1,1,3,1,1,1,8,10,5,8,1,7,7,1,9,1,10
170074794,6,1,4,10,1,9,10,10,5,10,10,10,10,10,10,10,6,8,10
170074795,2,1,1,1,1,1,1,1,1,1,1,1,1,1,1,1,1,1,1
170074797,1,1,1,1,1,1,1,1,1,1,1,1,1,1,1,1,1,1,1
170074798,1,1,1,3,3,10,4,8,10,10,3,3,1,4,4,1,10,1,5
170074799,1,1,1,1,1,9,9,1,5,10,1,1,1,1,1,1,5,1,1
170074800,2,1,1,1,1,9,1,1,1,5,1,4,1,2,1,1,1,1,1
170074802,1,10,1,1,1,10,7,1,10,10,1,10,1,8,1,1,10,1,10
170074803,1,1,1,1,1,1,1,1,1,1,1,1,1,1,1,1,1,1,1
170074804,1,1,1,1,1,5,5,8,10,10,10,10,1,10,1,1,10,1,10
170074806,1,10,3,10,1,1,1,1,6,1,1,10,1,1,1,1,1,1,5
170074807,1,1,1,1,1,1,1,1,10,10,1,10,1,1,1,1,10,10,1
170074808,10,10,1,1,1,5,1,1,10,5,1,8,1,1,1,1,5,1,7
170074810,1,1,1,1,1,3,2,2,5,10,1,1,1,1,1,1,1,1,1
170074814,1,1,1,1,1,1,1,1,1,1,1,1,1,1,1,1,1,1,1
170074980,2,5,1,10,2,2,5,1,10,5,10,1,1,8,2,8,3,3,9
170074981,5,1,1,1,1,1,1,1,5,3,1,1,1,2,1,1,1,1,5
170074982,5,8,4,2,4,7,10,1,10,10,7,10,10,10,10,10,4,10,10
170074983,1,1,1,1,1,1,1,1,1,10,1,1,1,1,1,1,1,1,1
170074986,1,1,1,1,1,5,5,4,5,5,1,7,10,9,1,1,1,7,7
170074987,10,1,1,1,1,7,3,2,6,8,2,1,1,3,4,5,2,6,5
170075002,5,5,5,5,5,5,5,5,5,5,5,5,5,5,5,5,5,5,5
170075003,1,1,1,1,1,2,4,1,1,1,1,1,1,5,1,1,1,1,2
170075015,1,1,1,1,1,1,1,1,1,1,1,1,1,1,1,1,1,1,1
170075017,1,1,1,1,1,1,1,1,1,1,1,1,1,10,1,1,10,1,10
170075018,6,2,1,1,1,6,6,1,6,6,1,1,1,1,1,1,6,1,1
170075019,3,1,1,2,1,1,1,1,8,8,1,9,1,3,1,1,6,1,8
170075023,10,10,10,1,10,10,10,1,1,10,1,10,1,1,1,1,10,1,10
170075024,10,1,1,1,1,1,10,1,1,1,1,1,1,1,1,1,1,1,1
170075025,1,1,1,1,1,10,1,5,10,10,1,10,1,5,1,1,1,1,1
170075026,4,3,1,3,4,10,3,3,8,9,3,5,4,7,2,2,7,5,9
170075027,1,1,1,1,1,1,1,1,1,1,1,1,1,1,1,1,1,1,1
170075029,5,1,1,1,1,8,1,5,1,1,4,10,1,3,1,1,5,1,1
170075030,2,1,1,2,5,5,10,10,10,10,1,5,10,5,10,1,10,1,10
170075035,2,2,2,2,2,10,5,1,10,9,1,2,1,1,9,2,2,8,2
170075037,10,9,2,2,2,2,2,2,2,2,2,2,2,6,2,2,2,2,2
170075042,6,3,1,2,4,10,6,2,6,10,1,7,3,10,3,7,10,3,10
170075043,10,1,1,1,1,1,1,1,1,1,1,5,1,1,1,1,1,10,10
170075084,1,1,1,1,1,1,1,1,1,1,1,1,1,1,1,1,1,1,1
170075086,5,10,1,1,1,1,1,1,10,1,10,1,1,10,1,1,1,1,10
170075087,8,1,1,1,1,1,1,1,1,5,1,5,1,1,1,1,5,1,1
170075094,5,8,1,1,4,1,3,1,1,2,1,1,1,6,3,4,1,1,3
170075095,1,1,1,1,1,1,1,1,1,1,1,1,1,1,1,1,1,1,1
170075120,1,1,1,1,1,1,1,1,1,1,1,1,1,1,1,1,1,1,1
170075127,10,1,1,1,5,1,1,1,1,8,10,10,6,7,1,1,1,1,1
170075128,1,10,1,1,1,8,5,1,10,1,1,8,1,1,1,1,1,1,1
170075129,8,1,1,1,1,1,1,10,10,10,10,10,1,10,6,6,2,1,10
170075136,1,5,1,1,1,7,1,1,6,8,1,1,1,6,1,1,1,1,1
170075137,1,1,1,1,1,10,10,10,10,10,1,10,1,1,1,1,1,1,1
170075139,1,1,1,1,1,1,1,1,1,1,1,1,1,1,1,1,1,1,1
170075140,1,10,1,5,8,5,5,1,10,4,1,10,7,6,1,1,3,2,10
170075141,3,8,1,5,5,5,5,5,6,5,5,5,5,4,5,5,3,5,5
170075142,10,10,1,10,10,10,1,10,10,10,10,10,1,6,2,4,9,10,5
170075144,1,1,1,1,1,5,5,1,7,10,1,1,1,1,1,1,8,1,4
170075146,10,1,1,1,1,1,1,1,5,10,1,3,1,10,1,1,3,1,5
170075148,10,1,1,3,4,3,3,3,4,1,1,1,1,1,1,1,1,1,1
170075150,1,1,1,1,1,1,1,1,1,1,1,1,1,1,1,1,1,1,1
170075151,1,1,1,1,1,9,1,1,9,2,2,10,2,2,2,2,2,2,9
170075153,1,10,1,1,1,5,5,1,5,5,5,5,1,10,5,1,5,1,1
170075155,1,1,1,1,1,8,8,1,10,10,1,3,1,1,1,1,10,1,10
170075163,10,1,1,1,1,1,1,1,1,1,1,1,1,1,1,1,1,1,1
170075164,3,1,1,1,1,1,1,1,3,1,1,1,1,1,1,2,1,1,1
170075165,3,8,1,4,1,1,1,1,1,1,1,1,1,1,1,1,1,1,1
170075167,1,1,1,1,1,8,1,1,1,5,1,1,1,1,1,1,1,1,1
170075168,5,8,1,1,1,2,5,1,5,1,1,1,1,2,1,1,3,1,1
170075169,5,3,3,1,1,3,5,7,5,4,1,1,1,1,1,1,1,1,5
170075181,5,8,1,5,2,6,2,1,4,4,1,1,1,4,4,3,4,3,1
170075185,5,4,3,5,10,10,10,10,4,5,9,10,5,4,9,6,3,9,9
170075186,1,1,1,1,1,10,10,1,10,10,1,1,1,10,1,1,10,1,1
170075187,1,1,1,1,1,9,10,1,10,1,1,10,1,1,1,1,10,1,1
170075193,3,3,1,1,1,1,1,1,10,1,1,8,1,1,1,1,6,1,10
170075195,4,1,1,1,1,1,1,3,1,5,1,1,1,1,1,1,3,1,1
170075196,3,3,3,3,3,3,3,3,5,5,1,1,1,5,1,1,1,1,1
170075201,1,1,1,1,1,1,2,1,4,7,1,7,1,4,1,1,1,1,1
170075202,1,1,3,1,1,1,1,1,1,1,1,1,1,1,1,1,1,1,1
170075214,1,7,9,1,1,1,1,1,5,4,4,4,1,1,1,1,3,3,8
170075215,1,1,1,1,1,1,8,1,8,8,1,1,1,1,1,1,8,1,1
170075226,1,5,1,1,1,1,1,1,1,1,1,7,1,2,1,1,1,1,1
170075227,1,10,1,1,1,1,1,1,1,10,1,1,1,1,1,1,1,1,1
170075228,1,3,1,5,6,3,3,3,2,4,3,3,1,2,3,1,1,1,4
170075229,1,10,1,1,1,1,1,1,1,1,1,1,1,1,1,1,1,1,1
170075230,5,5,5,5,5,1,1,1,1,1,1,1,1,5,1,1,1,1,1
170075247,1,1,1,1,1,9,3,5,8,8,1,4,1,1,1,1,8,1,8
170075248,6,7,2,2,2,2,1,1,6,6,1,5,1,6,1,1,5,1,1
170075253,1,1,1,1,1,8,1,1,5,5,1,5,1,1,1,1,1,1,5
170075255,6,5,1,6,2,8,5,5,5,5,5,7,3,5,2,2,8,5,8
170075271,9,5,1,10,1,10,10,1,9,3,1,1,1,10,2,7,2,7,6
170075318,10,10,2,10,1,3,2,2,8,2,9,2,1,5,8,1,6,2,1
170075319,1,1,1,1,1,1,1,1,1,6,1,1,1,1,1,1,8,1,10
170075332,3,1,1,1,1,1,1,1,1,10,1,1,1,1,1,1,1,1,1
170075342,1,1,1,1,1,1,10,1,10,10,1,10,1,1,1,1,10,1,10
170075356,1,1,1,1,1,1,2,1,5,5,1,1,1,6,1,1,1,1,8
170075357,4,1,1,1,1,1,1,1,1,1,1,10,1,10,1,1,1,1,1
170075365,1,5,5,5,5,5,5,5,5,5,5,10,5,5,5,5,5,5,5
170075366,10,1,1,1,1,10,6,6,10,10,1,8,1,1,1,1,1,1,1
170075367,1,1,1,1,1,10,10,1,10,10,10,10,1,5,1,1,10,1,10
170075368,9,1,1,1,1,10,5,1,6,8,3,9,1,4,1,1,4,1,7
170075370,4,3,1,1,1,10,1,1,5,5,1,1,1,6,2,1,5,1,1
170075381,9,10,9,5,5,7,4,4,7,8,4,3,2,2,2,2,7,3,7
170075385,7,5,1,1,1,5,4,1,4,8,3,1,1,2,1,4,1,1,1
170075386,1,1,1,1,1,1,1,1,1,1,1,1,1,1,1,1,1,1,1
170075390,2,1,1,2,1,7,7,5,6,7,2,3,1,3,2,4,5,6,7
170075413,1,5,1,1,1,8,4,1,9,10,2,10,1,1,1,1,6,1,1
170075472,1,1,1,1,1,1,1,1,1,1,1,1,1,1,1,1,1,1,1
170075521,3,8,1,1,1,1,1,1,1,5,1,1,1,5,1,1,1,1,1
170075524,1,1,1,1,1,8,8,10,2,9,10,10,1,3,1,1,10,1,1
170075526,10,1,1,5,1,7,7,7,9,10,1,4,1,1,1,1,7,1,8
170075529,1,1,1,1,1,3,1,1,5,2,1,2,1,3,2,1,1,1,1
170075531,1,6,1,3,1,5,5,1,10,10,5,10,1,10,1,1,8,1,9
170075532,4,10,1,1,1,1,1,1,1,1,1,1,1,1,1,1,1,1,1
170075533,6,3,1,6,1,5,1,1,7,8,1,4,1,1,1,1,1,1,2
170075534,8,6,2,2,5,6,6,1,2,5,1,1,1,1,1,1,2,1,1
170075537,1,1,1,1,1,1,1,1,1,1,1,1,1,1,1,1,1,1,1
170075542,1,1,1,1,1,1,1,1,1,1,1,1,1,1,1,1,1,1,1
170075554,1,1,1,1,1,1,1,1,1,1,1,1,1,1,1,1,1,1,1
170075559,1,1,1,1,1,1,1,1,1,4,1,1,1,4,1,1,1,1,1
170075576,1,10,1,1,1,1,1,1,10,10,1,1,1,1,1,1,10,1,10
170075578,1,1,1,1,1,1,1,1,1,1,1,1,1,1,1,1,1,1,1
170075579,1,10,1,1,1,10,1,1,1,10,1,1,1,1,1,1,10,1,1
170075580,1,1,1,1,1,5,5,1,10,10,1,10,1,5,1,1,1,1,1
170075581,6,3,4,3,9,2,1,1,7,10,1,4,1,5,2,9,9,8,1
170075582,1,10,1,10,10,1,1,1,10,1,1,1,1,1,1,1,2,1,1
170075583,10,2,2,2,2,2,2,2,2,2,2,2,2,5,2,2,2,2,2
170075584,9,1,3,5,3,5,8,9,8,5,1,3,4,6,5,5,5,5,6
170075585,5,5,5,5,5,8,4,5,10,7,5,5,5,5,5,5,8,4,5
170075586,5,1,1,2,2,1,10,10,10,5,10,10,1,2,1,1,10,1,1
170075588,2,5,1,1,2,1,1,1,1,2,1,1,2,1,2,2,1,2,2
170075589,10,2,2,2,2,5,2,2,4,2,1,2,2,10,3,3,2,2,2
170075599,10,10,2,2,1,1,1,1,1,1,1,1,1,1,1,1,1,1,1
170075606,6,1,1,1,1,1,1,1,1,8,1,6,1,8,1,1,6,1,7
170075608,5,1,1,1,1,8,5,1,8,8,1,1,1,4,1,1,5,1,5
170075609,1,1,1,1,1,5,8,1,6,10,1,10,1,7,4,1,10,8,10
170075610,1,1,1,1,1,1,1,1,1,1,1,1,1,1,1,1,5,1,1
170075611,1,1,1,1,1,1,1,1,1,8,1,1,1,6,1,1,1,1,8
170075612,1,1,1,1,1,10,1,10,1,1,1,1,1,1,1,10,10,1,1
170075613,1,1,1,1,1,1,1,1,10,10,1,1,1,1,1,1,1,1,1
170075657,1,1,1,1,1,1,1,1,1,1,1,1,1,1,1,1,1,1,1
170075658,2,3,1,2,2,1,1,1,1,2,1,1,1,1,1,1,2,2,1
170075659,1,1,1,1,1,2,1,1,10,7,1,1,1,8,1,1,6,3,10
170075660,1,7,1,1,1,1,1,1,6,1,1,10,1,1,1,1,1,6,5
170075661,3,9,3,1,1,1,1,1,1,1,1,1,3,1,1,3,1,1,5
170075662,10,10,1,1,1,1,1,1,1,1,1,1,1,10,1,1,1,1,1
170075663,4,2,1,1,1,1,1,1,10,4,1,1,1,3,1,1,5,1,1
170075664,1,10,1,1,1,1,1,1,5,1,1,1,1,5,1,1,5,1,10
170075665,1,10,1,10,10,10,10,1,1,1,1,1,1,1,1,1,1,1,1
170075666,1,10,1,1,1,4,1,1,1,9,1,1,1,5,1,1,3,1,1
170075667,1,1,1,1,1,10,1,1,1,1,1,1,1,1,1,1,1,1,1
170075668,1,1,1,1,1,7,7,1,7,8,1,1,1,5,1,1,8,1,10
170075672,5,1,1,1,1,8,3,1,1,7,1,8,1,9,1,1,7,1,10
170075673,6,3,1,3,5,1,1,1,2,5,1,1,1,5,2,1,4,1,1
170075674,1,1,1,5,3,10,10,10,10,10,6,10,1,6,1,1,7,1,7
170075687,1,1,1,1,1,1,1,1,1,1,1,1,1,1,1,1,1,1,1
170075688,1,1,1,1,1,1,1,1,1,1,1,1,1,1,1,1,1,1,1
170075689,1,1,1,1,1,1,1,4,4,1,1,7,7,7,1,1,1,2,2
170075696,1,4,7,1,3,1,10,7,1,1,10,2,1,1,10,1,7,3,10
170075697,1,5,1,1,1,1,1,1,1,2,1,1,1,1,1,1,1,1,1
170075698,8,3,1,1,1,5,3,1,5,10,1,1,1,5,1,1,8,1,1
170075699,9,1,1,1,1,1,1,1,1,1,1,1,1,1,1,1,1,1,2
170075700,10,5,1,1,1,1,1,1,8,5,10,5,1,6,1,1,1,5,8
170075701,5,1,1,1,1,1,1,1,1,5,5,5,1,5,1,1,10,10,1
170075708,5,1,1,1,1,1,1,1,10,10,1,1,1,8,1,1,1,1,1
170075709,2,10,2,2,3,3,2,1,3,1,3,3,2,3,2,1,1,3,3
170075711,4,4,5,4,5,5,4,5,9,5,5,9,5,8,5,5,5,5,10
170075712,7,8,5,6,5,4,1,1,5,5,1,5,5,4,5,1,2,1,5
170075713,9,1,1,3,3,8,8,5,5,10,4,4,4,5,5,8,5,5,5
170075714,10,5,1,1,4,1,1,2,4,2,4,2,1,10,6,2,7,8,4
170075715,1,2,3,4,1,1,1,1,1,1,1,1,1,1,1,1,1,1,1
170075722,1,5,1,1,3,3,1,1,3,1,1,3,3,3,4,1,1,1,1
170075729,6,6,1,1,1,4,4,2,2,1,1,1,1,1,1,1,1,1,8
170075734,8,3,5,4,5,3,5,5,5,3,1,1,1,1,1,1,2,2,1
170075736,1,1,1,2,1,1,1,1,1,8,1,1,1,6,5,1,1,2,1
170075737,1,1,1,1,1,5,1,1,7,1,1,1,1,1,1,1,1,1,1
170075739,10,1,1,1,1,10,10,10,1,1,1,1,1,3,1,1,1,1,3
170075740,1,9,1,1,1,1,1,7,1,6,1,1,1,4,1,1,1,1,1
170075742,1,10,1,1,1,1,1,1,1,1,1,6,1,5,1,1,1,1,1
170075743,6,6,1,1,1,7,2,1,1,6,6,5,1,1,1,1,5,1,7
170075744,7,1,1,1,1,5,1,1,5,5,1,1,1,1,1,1,1,1,6
170075745,1,1,1,1,1,1,1,1,1,1,1,1,1,10,1,1,5,1,1
170075754,1,1,1,1,1,1,1,1,1,1,1,1,1,5,1,1,1,1,1
170075756,1,1,1,1,1,1,1,1,1,1,1,1,1,1,1,1,1,1,1
170075759,1,1,1,1,1,10,10,10,10,10,10,10,1,1,1,1,10,1,10
170075760,1,1,1,1,1,1,1,1,10,1,1,1,1,1,1,1,1,1,1
170075761,1,1,1,1,1,10,1,10,10,10,1,10,1,1,1,1,10,1,10
170075763,5,5,1,1,1,5,4,1,5,5,5,5,1,3,1,6,5,5,8
170075764,1,10,1,1,1,10,1,1,1,10,10,10,1,10,1,1,1,1,1
170075765,4,1,1,3,1,7,4,1,1,4,1,5,1,7,1,1,4,2,6
170075766,1,10,1,1,1,1,1,1,10,10,1,1,1,1,1,1,1,1,10
170075767,3,5,1,2,1,9,5,3,8,8,4,4,1,2,2,1,6,1,5
170075768,8,8,1,9,1,1,1,1,9,9,1,1,1,1,1,1,1,1,1
170075769,7,7,1,1,1,6,7,1,5,8,1,5,1,5,1,1,1,1,1
170075770,5,10,1,1,1,1,1,5,5,5,1,1,3,3,1,1,1,10,10
170075771,1,1,1,1,1,1,1,1,1,1,1,1,1,1,1,1,1,1,1
170075772,3,6,1,3,2,5,3,1,1,3,1,1,1,1,1,1,1,3,1
170075773,1,1,1,1,1,1,1,1,1,1,1,1,1,1,1,1,1,1,1
170075774,1,1,1,1,1,5,1,1,1,1,1,1,1,1,1,1,1,1,1
170075775,5,5,1,4,1,1,1,1,7,7,1,1,1,8,1,1,8,1,4
170075777,5,2,1,1,1,10,4,1,10,8,10,9,1,1,7,1,8,1,10
170075778,8,10,1,1,1,1,1,1,10,1,1,1,1,10,1,1,1,1,1
170075780,10,1,1,1,1,1,1,1,1,3,1,1,1,1,1,1,3,1,1
170075782,4,5,5,5,6,5,1,1,10,10,1,10,1,1,1,1,8,1,1
170075783,5,5,5,5,5,5,5,5,5,5,5,5,5,5,5,5,5,5,5
170075796,8,4,1,4,1,6,6,1,5,6,2,8,1,2,1,1,5,1,1
170075798,1,1,1,1,1,1,1,1,1,5,1,1,1,1,1,1,1,1,1
170075802,1,8,3,3,2,5,3,1,5,7,1,1,1,3,4,1,3,1,6
170075823,5,10,1,1,1,1,1,1,1,1,1,1,1,1,1,1,1,1,1
170075838,10,1,1,1,1,1,1,1,1,10,1,10,1,1,1,1,1,1,1
170075847,1,1,5,10,5,10,10,8,10,10,6,8,1,1,1,1,8,8,10
170075849,1,10,1,1,1,10,2,1,7,1,1,3,1,1,1,1,4,3,5
170075850,1,1,1,1,1,1,1,1,6,1,1,10,1,7,1,1,1,1,1
170075853,6,2,1,2,1,4,4,2,2,6,2,4,1,2,3,1,1,1,7
170075854,4,4,1,1,1,1,1,1,1,5,1,1,1,1,1,1,1,1,1
170075856,10,10,1,1,1,5,1,4,1,5,6,10,1,7,1,1,3,1,10
170075860,10,1,10,1,1,2,3,10,4,6,1,3,1,1,1,2,4,6,2
170075862,1,1,1,1,1,10,1,1,1,10,1,1,1,2,1,1,10,1,10
170075881,1,1,1,1,1,5,1,1,1,1,1,1,1,5,1,1,1,1,1
170075882,7,7,1,3,1,1,5,1,5,5,1,10,1,1,4,4,5,1,10
170075883,1,5,1,1,1,5,5,5,5,5,5,5,1,4,1,1,8,1,8
170075884,6,6,2,2,1,1,1,1,1,6,1,8,1,1,1,1,3,1,8
170075886,5,4,1,3,2,6,6,1,8,7,6,10,6,5,6,3,6,4,10
170075887,6,5,2,2,1,2,1,1,10,10,1,6,1,5,5,1,7,5,7
170075889,1,10,10,1,1,1,10,1,10,1,1,1,1,1,1,1,1,1,1
170075890,1,1,1,1,1,10,5,6,1,10,1,10,1,1,1,1,7,1,1
170075891,1,1,1,4,1,5,2,1,5,5,1,5,1,5,1,1,5,1,1
170075892,1,1,1,1,1,10,1,1,10,10,10,10,1,1,1,1,1,1,10
170075893,1,1,1,1,1,6,1,1,5,5,1,1,1,5,1,1,1,1,8
170075894,7,7,1,7,2,6,6,1,7,10,1,7,1,2,1,1,9,2,1
170075895,10,1,1,1,1,1,1,1,1,5,1,1,1,1,1,1,1,1,1
170075939,1,5,5,6,5,6,5,2,9,5,2,5,1,2,5,1,3,5,5
170075940,6,1,1,1,1,1,1,1,6,1,1,1,1,5,1,1,1,1,1
170075941,3,1,1,1,1,5,1,1,5,1,1,6,1,3,1,1,1,1,6
170075942,7,7,1,7,5,9,7,1,7,9,8,10,1,1,1,1,1,1,8
170075943,1,10,1,1,1,10,1,1,10,10,1,1,1,5,1,5,6,1,1
170075947,1,1,10,1,1,1,1,1,10,1,1,1,1,8,1,1,1,1,1
170075949,1,8,1,5,1,1,6,1,10,10,1,10,1,1,1,1,10,10,10
170075950,1,1,1,1,3,5,7,1,4,10,2,4,1,1,2,1,5,1,1
170075951,6,5,5,1,5,5,2,5,8,7,6,7,5,6,5,5,5,5,9
170075952,1,1,1,1,1,1,1,1,4,1,1,1,1,1,1,1,1,1,1
170075954,7,5,1,1,10,5,6,6,1,4,1,7,1,6,3,1,1,1,1
170075955,1,1,1,1,1,1,1,1,1,5,1,1,1,1,1,1,1,1,1
170075977,1,1,1,1,1,1,1,1,1,1,1,1,1,1,1,1,1,1,1
170075983,1,1,1,1,1,1,1,1,1,10,1,1,1,10,1,1,1,1,1
170075984,1,1,1,1,1,1,1,1,1,1,1,1,1,10,1,1,1,1,1
170075985,1,1,1,1,1,1,1,1,1,5,1,1,1,5,1,1,5,1,1
170075986,1,1,1,1,1,1,1,1,1,6,1,8,1,1,1,1,6,1,8
170075987,1,1,1,1,1,7,1,1,5,5,1,1,1,5,1,1,5,1,5
170075988,1,1,1,1,1,1,1,1,5,1,1,1,1,1,1,1,8,1,1
170075989,5,1,1,1,1,1,1,1,3,4,1,1,1,1,1,1,1,1,1
170075990,1,1,1,1,1,7,6,1,9,7,1,5,1,1,1,1,5,1,8
170075992,8,10,5,5,7,5,5,5,10,10,10,5,5,5,5,10,10,10,5
170075993,4,7,1,1,1,1,1,1,1,1,1,1,1,5,1,1,1,1,1
170075995,1,1,1,1,1,1,1,1,1,1,1,1,1,6,1,5,4,1,1
170076001,1,7,1,1,1,1,1,1,3,3,1,1,1,6,1,1,6,1,1
170076007,5,7,1,4,4,3,1,1,8,6,3,10,1,5,1,1,7,1,6
170076012,1,10,6,5,6,6,5,6,6,6,5,6,5,6,5,6,6,6,6
170076015,1,8,5,1,5,10,6,5,5,2,5,2,1,3,3,1,7,1,8
170076017,8,8,8,8,8,7,7,7,7,8,8,8,1,1,1,1,1,1,1
170076019,10,1,1,1,1,1,1,1,1,1,1,1,1,1,1,1,1,1,1
170076020,1,1,1,1,1,1,1,1,1,1,1,1,1,1,1,1,1,1,1
170076021,1,1,1,1,1,1,1,1,1,10,1,10,1,10,1,1,10,1,1
170076022,1,1,1,1,1,1,1,1,10,1,1,1,1,1,1,1,1,1,1
170076025,1,1,1,1,1,10,6,5,10,10,7,7,1,5,2,1,10,1,1
170076045,2,3,1,3,1,8,8,8,8,8,8,8,1,8,1,1,6,1,8
170076047,10,1,10,1,1,1,1,1,1,10,1,1,1,1,1,1,10,1,1
170076048,3,7,1,1,1,5,4,1,10,6,1,4,1,3,1,1,1,1,8
170076050,9,9,1,1,1,1,1,1,1,1,1,1,1,1,1,1,1,1,1
170076053,10,10,1,1,1,1,1,1,1,1,1,1,1,1,1,1,1,1,1
170076055,1,1,1,1,1,1,1,1,1,1,1,1,1,1,1,1,1,1,1
170076056,1,1,1,1,1,1,1,1,1,1,1,1,1,1,1,1,1,1,1
170076057,1,1,1,1,1,1,1,1,10,10,1,1,10,10,1,1,10,10,1
170076060,1,1,1,1,1,1,1,1,1,1,1,1,1,1,1,1,1,1,1
170076061,1,1,1,1,1,1,1,1,1,1,1,1,1,1,1,1,1,1,1
170076062,1,1,1,1,1,1,1,1,1,1,1,1,1,1,1,1,1,1,1
170076063,1,1,1,1,1,6,1,1,1,1,1,8,1,1,1,1,1,1,1
170076065,1,1,1,1,1,1,1,1,1,1,1,1,1,1,1,1,1,1,1
170076067,1,1,1,1,1,5,5,1,5,5,1,10,1,3,4,1,8,1,10
170076070,5,1,1,1,1,5,8,1,8,2,1,1,1,1,1,1,1,1,6
170076079,10,1,1,1,1,1,1,1,5,5,1,4,1,7,1,1,4,1,6
170076089,3,7,2,3,5,10,7,5,10,5,5,5,5,6,5,10,5,5,10
170076094,5,4,1,1,1,1,1,1,2,3,2,1,1,3,2,1,1,3,1
170076097,5,5,5,5,5,6,5,6,6,8,5,9,1,1,6,1,7,2,10
170076098,3,9,1,1,1,1,1,1,5,5,1,1,1,5,1,1,3,1,1
170076113,5,5,4,3,3,4,4,4,4,4,2,4,2,2,2,2,2,5,5
170076114,2,2,2,2,2,2,2,2,2,2,2,2,2,2,2,2,1,2,2
170076115,10,2,2,2,2,10,2,2,10,2,2,2,2,2,2,2,2,2,2
170076128,6,4,1,1,1,2,1,10,1,1,1,1,1,1,1,1,1,1,10
170076130,10,1,1,1,1,1,1,1,8,8,1,1,1,8,1,1,1,1,1
170076131,1,10,1,4,2,9,9,1,1,9,9,9,1,5,5,1,9,1,10
170076132,1,1,1,1,1,1,1,1,1,1,10,10,1,10,1,1,10,1,10
170076134,1,1,1,1,1,1,1,1,10,10,1,1,1,10,1,1,10,1,1
170076182,1,1,1,1,1,10,5,1,10,6,1,10,1,4,1,1,1,1,10
170076184,1,1,1,1,1,1,6,6,10,10,1,7,1,1,1,1,3,1,10
170076204,10,10,1,1,1,1,1,1,6,10,1,6,1,5,1,1,5,1,5
170076205,1,1,1,1,1,1,1,10,10,10,1,1,1,10,10,1,10,1,1
170076206,1,1,1,1,1,1,1,1,1,1,1,1,1,4,1,1,1,1,1
170076209,1,1,1,1,1,6,8,1,1,1,1,1,1,1,1,1,1,1,1
170076211,10,10,1,1,1,10,10,10,10,10,10,10,1,10,1,10,1,1,10
170076212,1,1,1,1,1,1,1,1,5,10,1,4,1,10,1,1,1,1,1
170076213,10,1,1,1,1,1,1,1,1,10,1,1,1,1,1,1,1,1,1
170076214,1,1,1,1,1,6,6,1,6,6,1,4,1,8,1,1,6,1,1
170076215,4,2,5,5,4,2,2,2,2,2,2,2,3,2,2,3,3,3,2
170076216,10,1,1,1,1,10,5,1,1,5,1,1,1,5,1,1,5,1,1
170076217,10,10,1,1,1,1,1,1,1,1,1,1,1,1,1,1,1,1,1
170076218,1,1,1,1,1,1,1,1,1,1,1,1,1,1,1,1,1,1,1
170076219,8,3,1,1,1,8,5,1,5,5,1,5,1,8,1,1,1,1,1
170076223,6,6,1,1,1,2,1,1,8,4,1,1,1,1,1,5,1,1,1
170076231,1,1,1,1,1,3,3,1,3,3,3,3,1,9,1,1,3,1,8
170076233,5,10,1,1,1,5,7,1,10,10,1,1,1,1,3,1,5,1,1
170076236,1,1,1,1,1,10,10,1,10,10,1,1,1,1,1,1,10,1,10
170076262,8,2,2,5,1,5,3,4,5,8,1,4,1,4,1,1,5,1,1
170076265,2,3,1,1,1,1,1,1,3,3,1,1,1,1,1,1,1,1,2
170076266,10,1,1,1,1,2,1,1,5,1,1,10,1,3,1,1,1,1,10
170076273,10,7,1,10,1,5,1,1,1,1,1,1,1,5,1,1,1,1,1
170076274,10,10,10,10,10,1,1,1,10,1,1,10,1,1,1,1,1,1,10
170076275,1,1,1,1,1,10,10,10,10,10,1,10,1,10,1,1,1,1,10
170076276,6,1,1,1,1,1,1,1,1,1,1,1,1,1,1,1,1,1,1
170076288,5,3,1,2,1,1,1,1,3,5,1,5,1,1,2,2,1,1,3
170076289,10,1,1,1,1,6,6,2,7,7,1,5,1,5,1,1,5,1,4
170076290,7,4,10,1,1,10,10,1,10,1,1,1,1,3,1,1,1,1,1
170076293,3,3,3,3,3,3,3,3,3,3,3,3,3,3,3,3,3,3,3
170076294,5,5,5,5,5,5,5,5,5,6,5,5,5,5,5,5,5,5,5
170076295,5,1,1,1,1,1,1,1,1,1,1,5,1,1,1,2,1,1,5
170076297,10,10,1,1,1,1,1,1,1,1,1,1,1,1,1,1,1,1,1
170076299,10,10,1,10,1,1,1,1,1,10,1,1,1,1,1,1,1,1,1
170076315,1,1,1,1,1,1,1,1,1,1,1,1,1,1,1,1,1,1,1
170076318,1,1,1,1,1,5,5,1,1,1,1,1,1,5,1,1,1,1,1
170076320,5,7,3,3,4,3,3,3,3,4,3,2,2,4,2,3,2,3,3
170076329,2,1,1,1,1,1,1,1,8,5,1,1,1,8,1,1,3,1,1
170076330,1,6,1,1,1,10,1,5,5,5,5,10,1,5,1,1,1,5,1
170076331,5,9,5,5,10,10,10,10,5,5,10,5,1,10,1,10,5,10,10
170076333,10,1,1,10,1,1,1,10,10,10,1,9,1,10,1,1,10,1,1
170076335,5,6,1,5,4,10,6,1,6,6,1,4,1,3,4,5,6,3,1
170076343,1,1,1,1,5,5,3,1,1,1,1,5,5,1,1,5,1,5,5
170076345,10,10,1,4,1,1,5,5,8,8,1,1,1,4,2,1,8,3,10
170076347,5,6,10,1,5,1,1,1,1,10,1,1,1,1,1,1,1,10,10
170076349,5,10,1,2,1,9,10,1,6,10,1,1,1,7,4,4,10,1,10
170076350,1,1,1,1,1,5,5,5,5,5,1,10,1,1,1,1,4,1,10
170076354,10,10,1,1,1,1,10,1,10,10,1,10,1,1,1,1,10,1,10
170076357,5,5,10,6,10,1,1,5,5,5,5,5,5,5,5,5,5,5,10
170076360,1,1,1,1,1,1,3,3,3,2,1,3,2,1,1,4,1,1,2
170076361,1,1,1,1,1,1,1,1,1,1,1,1,1,10,1,1,1,1,1
170076362,1,1,1,1,1,1,1,1,1,1,1,10,1,10,1,1,1,1,1
170076363,4,4,1,1,1,1,1,1,1,4,1,1,1,6,1,1,1,1,1
170076367,1,1,1,1,1,5,1,10,9,10,5,5,1,5,1,1,5,1,5
170076368,1,1,1,1,1,1,1,1,5,1,1,1,1,5,1,1,1,1,1
170076379,5,6,1,1,1,6,5,1,3,6,5,1,1,10,1,1,1,1,10
170076381,1,5,5,8,9,4,5,1,5,5,1,10,1,4,1,1,5,1,1
170076382,6,6,1,6,1,1,1,1,1,1,1,6,1,1,1,1,1,1,1
170076383,9,2,2,2,2,5,5,2,5,5,2,1,1,7,3,1,5,2,1
170076384,1,1,1,1,1,1,1,1,8,5,1,10,1,1,3,1,5,1,1
170076390,1,1,1,1,1,4,4,1,6,8,1,8,1,8,3,1,10,3,10
170076392,10,10,1,1,1,1,1,1,6,1,1,1,1,1,1,1,1,1,1
170076393,1,1,1,1,1,10,5,9,10,10,3,10,1,5,1,1,3,1,2
170076394,10,1,1,1,1,1,1,1,1,1,1,1,1,1,1,1,1,1,1
170076397,6,1,1,3,3,10,9,6,10,10,1,8,1,6,3,1,8,1,10
170076398,1,1,1,1,1,1,1,1,1,1,1,1,1,1,1,1,1,1,1
170076399,5,8,1,1,1,1,1,1,10,1,1,1,1,1,1,1,1,1,1
170076400,1,1,1,1,1,5,1,1,1,1,1,1,1,1,1,1,1,1,1
170076402,6,2,1,2,1,10,3,1,5,8,1,10,1,3,1,1,10,1,10
170076404,1,8,1,5,1,10,10,1,5,10,1,10,1,1,1,1,10,1,10
170076405,5,1,1,1,1,1,5,1,5,5,1,5,1,5,5,1,1,1,10
170076406,1,1,1,1,1,1,1,1,5,5,1,1,1,5,1,1,1,1,10
170076407,5,10,1,1,1,1,1,1,1,1,1,1,1,5,1,1,1,1,1
170076454,1,10,1,1,1,1,1,1,10,1,1,1,1,5,1,1,10,1,1
170076456,10,10,1,1,10,1,1,1,1,10,1,1,10,1,1,1,1,10,10
170076458,1,1,1,1,1,1,1,1,10,1,1,1,1,1,1,1,5,1,10
170076463,6,5,1,1,2,10,1,1,6,8,1,1,1,5,3,1,5,4,10
170076464,1,1,1,1,1,1,1,1,1,1,1,1,1,1,1,1,1,1,1
170076465,1,5,1,1,1,7,8,7,10,8,5,8,2,3,1,1,5,1,7
170076466,1,1,1,1,1,5,1,1,6,6,1,7,1,5,1,1,5,1,1
170076467,1,1,1,1,1,1,1,1,1,1,1,1,1,1,1,1,1,1,1
170076468,1,3,1,3,1,4,1,1,4,4,1,4,1,5,1,1,5,1,1
170076469,1,10,1,1,1,10,1,1,10,1,1,10,1,1,1,1,1,1,10
170076470,1,10,1,1,1,1,1,1,10,10,1,1,1,10,1,1,1,1,1
170076471,1,1,1,1,1,4,3,1,6,10,1,1,1,3,1,1,3,1,10
170076472,10,1,1,1,1,1,10,1,1,10,1,1,1,1,1,1,10,1,10
170076473,1,1,1,1,1,1,1,1,10,6,1,10,1,5,1,1,1,1,1
170076474,1,1,1,1,1,10,10,1,10,10,1,1,1,10,1,1,10,1,1
170076476,10,1,1,1,1,1,1,1,1,1,1,1,1,1,1,1,1,1,1
170076477,1,1,6,1,1,10,10,10,10,10,1,10,1,5,1,1,10,1,10
170076478,9,9,1,1,1,1,1,1,2,1,1,1,1,1,1,1,9,1,10
170076479,10,1,1,1,1,1,1,1,1,1,1,1,1,1,1,1,1,1,1
170076481,1,1,1,1,1,5,4,2,3,5,1,4,1,1,1,1,5,1,10
170076482,5,1,1,1,1,7,6,6,8,9,1,7,1,4,1,1,1,1,1
170076483,5,5,5,5,5,5,5,5,5,5,5,5,1,5,5,1,5,1,8
170076507,1,1,1,1,1,8,1,1,5,5,1,10,1,2,1,1,1,1,1
170076569,1,1,1,1,1,5,1,1,5,5,1,5,1,4,1,1,1,1,4
170076589,3,1,1,1,1,3,5,5,1,5,1,7,1,7,1,1,1,1,10
170076603,1,1,1,1,1,10,1,10,10,10,10,10,1,1,1,1,1,1,7
170076605,7,7,2,2,2,8,2,2,9,5,3,7,1,2,1,1,5,1,5
170076607,1,1,1,1,1,1,1,1,1,1,1,1,1,1,1,1,1,1,1
170076609,1,1,1,1,1,1,1,1,10,10,1,10,1,10,1,1,10,1,1
170076610,1,10,1,1,1,10,1,1,10,10,1,10,1,10,1,1,1,1,1
170076611,1,1,1,1,1,1,1,1,1,1,1,1,1,1,1,1,1,1,1
170076612,1,1,1,1,1,10,10,10,10,10,10,10,1,1,1,1,10,1,10
170076613,1,1,1,1,1,1,1,1,1,1,1,1,1,1,1,1,1,1,1
170076615,1,1,1,1,1,5,1,1,5,5,1,1,1,5,2,1,1,1,7
170076621,6,1,1,1,1,3,6,1,10,10,1,1,1,7,1,4,8,1,5
170076625,1,1,1,3,1,7,7,7,10,7,1,7,1,5,1,1,1,1,5
170076627,10,5,4,8,9,3,3,2,4,5,2,1,1,4,2,3,2,4,2
170076635,3,5,1,1,2,2,2,1,2,2,1,2,1,1,1,2,1,1,3
170076636,3,1,1,3,1,5,4,1,6,10,1,5,1,1,1,1,2,1,1
170076638,5,1,1,1,1,1,1,1,5,1,1,1,1,1,1,3,3,3,1
170076648,1,1,1,1,1,5,3,4,8,5,3,3,1,5,2,1,5,1,6
170076649,1,1,1,1,1,1,1,5,10,10,1,10,1,10,1,1,5,1,10
170076650,1,1,1,1,3,8,1,1,6,1,5,7,1,5,2,1,2,1,5
170076653,5,1,1,1,1,1,1,1,10,1,1,1,1,1,1,1,1,1,1
170076668,1,1,1,6,2,6,6,10,10,10,1,10,1,9,1,1,10,1,10
170076675,10,1,1,1,1,1,1,1,1,1,1,1,1,1,1,1,1,1,1
170076679,7,7,3,3,4,10,10,5,10,10,10,10,5,10,5,5,10,5,5
170076696,5,10,1,1,1,5,1,1,1,10,1,1,1,1,1,1,1,1,1
170076710,6,5,1,1,1,10,8,8,10,10,1,8,1,10,1,1,8,1,8
170076715,1,1,7,6,1,7,7,1,7,8,3,9,1,7,7,6,9,6,5
170076723,1,1,1,1,1,7,5,3,1,10,3,2,1,5,2,1,8,1,8
170076733,1,1,1,1,1,10,1,1,10,10,10,1,1,1,1,1,10,1,1
170076734,5,1,1,1,1,1,8,6,6,6,1,8,1,1,1,1,3,1,1
170076735,1,10,1,1,1,10,10,1,10,10,1,10,1,1,1,1,10,1,1
170076736,10,1,1,1,1,1,1,1,1,10,1,1,10,10,1,1,10,1,1
170076738,1,10,1,1,1,6,5,1,5,1,1,5,1,1,1,1,1,1,5
170076740,1,1,1,1,5,4,1,1,2,3,1,1,1,4,1,1,1,1,1
170076741,1,1,1,1,1,5,1,1,5,5,1,1,1,5,1,1,1,1,8
170076742,1,1,1,1,1,8,6,1,8,9,3,6,1,3,2,1,1,4,7
170076744,5,1,3,1,1,1,1,1,4,5,1,1,1,5,1,1,3,1,6
170076746,1,1,1,1,1,1,1,1,5,1,1,1,1,5,1,3,1,1,1
170076747,1,10,1,10,1,1,1,1,1,1,1,1,1,10,1,1,1,1,1
170076748,2,1,1,1,1,1,1,1,1,2,1,1,1,6,1,1,1,1,1
170076749,1,1,1,1,1,10,1,1,10,1,1,1,1,1,1,1,1,1,1
170076750,5,1,4,6,8,3,7,9,3,5,1,2,7,6,3,4,6,8,5
170076754,1,1,1,1,1,3,1,1,5,5,1,1,1,3,1,1,2,1,10
170076755,1,1,1,1,1,1,1,1,1,1,1,1,1,1,1,1,1,1,1
170076776,1,1,1,1,1,10,6,10,10,10,10,10,1,1,1,1,10,3,3
170076777,5,1,10,5,1,1,1,10,1,1,10,6,10,6,10,10,6,5,1
170076778,1,1,1,1,1,1,1,1,6,1,1,1,1,5,1,1,1,1,1
170076782,3,3,1,1,1,4,1,1,7,3,1,1,1,7,2,4,5,1,6
170076787,1,1,1,1,1,5,1,1,1,6,1,1,1,10,1,1,10,1,5
170076795,1,1,1,1,1,10,8,6,10,6,1,1,1,6,1,1,6,1,10
170076798,5,6,1,1,1,9,1,1,10,10,1,8,1,1,1,4,6,1,8
170076799,1,1,1,1,1,1,1,6,5,5,1,1,6,4,1,1,4,1,1
170076802,1,1,1,1,1,1,1,1,1,1,1,1,1,1,1,1,1,1,1
170076803,1,1,1,1,1,1,1,1,1,1,1,1,1,1,1,1,3,1,1
170076804,1,1,1,1,1,1,1,1,1,1,1,1,1,1,1,1,1,1,1
170076823,3,1,1,1,1,1,1,1,5,6,1,4,1,1,1,1,4,1,10
170076824,3,1,1,1,1,5,1,1,1,1,1,1,1,6,1,1,1,1,6
170076825,1,1,1,1,1,5,5,1,9,9,1,8,1,7,1,1,5,1,10
170076826,4,9,1,1,1,10,7,10,10,10,1,1,1,3,1,1,3,1,7
170076827,7,1,1,1,1,8,6,7,8,10,9,10,3,5,1,2,2,8,1
170076837,1,1,1,1,1,8,5,5,5,5,4,10,1,3,1,3,1,1,3
170076838,1,1,1,1,1,1,1,1,10,1,1,10,1,10,1,10,10,1,1
170076839,8,10,1,1,1,8,1,1,1,7,1,1,1,1,1,1,6,1,1
170076841,1,1,1,1,1,1,1,1,1,1,1,1,1,3,1,1,1,1,1
170076842,10,1,1,1,1,1,1,1,1,1,1,1,1,1,1,1,1,1,1
170076843,7,1,1,1,1,10,4,1,5,4,1,5,1,2,1,1,1,1,2
170076844,10,10,1,1,1,1,1,1,10,1,1,1,1,1,1,1,1,1,1
170076846,5,5,5,5,5,5,5,5,5,5,5,5,5,5,5,5,5,5,5
170076857,10,7,1,5,1,5,5,5,3,5,5,8,1,3,2,1,3,3,7
170076858,1,1,1,1,1,1,1,1,1,1,6,1,1,5,1,1,1,1,1
170076859,8,1,1,10,1,10,7,10,10,10,10,10,1,1,6,1,7,7,8
170076861,1,1,1,1,1,1,1,1,4,1,1,1,1,7,1,1,1,1,1
170076871,1,1,1,1,1,1,1,1,1,1,1,1,1,9,1,1,1,1,1
170076883,7,3,1,3,1,10,8,5,6,8,1,3,1,2,2,2,6,1,2
170076885,5,7,3,4,3,2,1,1,1,2,1,2,1,5,1,1,1,1,8
170076888,1,10,2,2,1,1,10,3,10,2,3,3,2,2,2,2,10,2,3
170076889,1,3,2,2,2,2,6,2,2,2,2,3,5,2,2,3,10,2,2
170076890,2,2,2,2,2,2,2,2,2,2,2,2,2,1,2,2,2,2,2
170076892,8,1,2,1,2,1,1,2,1,9,2,2,2,1,1,1,1,1,1
170076895,10,2,2,2,2,6,2,2,2,2,2,2,2,2,2,2,2,2,2
170076896,1,5,1,1,1,5,1,1,1,10,1,1,2,10,1,2,1,2,2
170076898,2,2,2,2,2,5,5,2,10,2,5,2,1,3,2,2,2,2,2
170076899,5,2,2,2,2,2,2,2,2,2,2,2,2,2,2,2,2,2,2
170076900,1,10,1,1,1,1,1,1,10,1,10,10,1,1,1,1,1,1,1
170076901,10,10,1,1,1,10,1,1,1,1,1,1,1,10,1,1,1,1,1
170076902,10,10,1,1,1,1,1,1,10,10,1,1,1,1,1,1,5,1,1
170076903,1,1,1,1,1,10,1,1,1,10,10,10,1,6,1,1,1,1,1
170077010,1,1,1,1,1,10,5,10,10,10,5,10,1,5,1,1,5,1,5
170077011,1,5,1,1,3,3,5,5,5,5,1,5,1,5,1,1,5,5,10
170077091,4,1,1,2,1,7,7,1,7,8,1,1,1,1,1,1,5,4,5
170077094,5,1,1,1,1,1,1,1,1,1,1,1,1,1,1,1,1,1,1
170077099,6,1,1,1,5,5,5,1,6,1,1,1,1,1,1,6,1,1,1
170077102,2,1,1,1,3,7,1,3,7,10,1,5,1,5,1,1,9,1,1
170077103,1,1,1,1,1,5,1,1,5,5,1,5,1,5,1,1,2,1,1
170077104,1,1,1,1,1,6,6,1,6,10,1,1,1,3,1,1,4,1,1
170077105,5,1,1,2,2,1,1,1,5,2,1,1,1,2,1,1,1,1,1
170077106,1,1,1,1,1,5,1,1,3,1,1,1,1,5,1,1,1,1,1
170077107,1,1,1,2,1,5,1,1,4,5,1,1,1,3,1,1,7,1,5
170077108,5,7,1,1,3,7,8,9,4,5,7,2,1,2,2,1,5,3,1
170077109,1,1,1,6,1,9,1,10,10,10,8,10,1,8,1,1,6,1,8
170077111,1,10,1,1,1,1,1,1,5,1,1,6,1,4,1,1,1,1,1
170077114,1,1,1,1,1,3,3,1,3,2,1,1,1,3,1,1,1,1,1
170077118,4,10,1,1,1,10,10,10,5,3,10,5,1,1,1,1,1,1,1
170077122,6,2,2,10,2,1,1,1,3,1,1,1,1,4,1,1,6,1,1
170077127,5,9,1,1,1,8,7,1,8,8,3,9,1,5,1,1,4,1,8
170077128,9,8,4,5,2,2,5,4,4,3,2,5,4,4,1,1,3,3,1
170077129,5,1,1,1,1,5,2,3,3,5,1,1,1,1,1,1,1,1,5
170077145,2,1,1,1,1,1,1,1,1,5,1,7,1,9,1,1,5,1,6
170077148,10,10,1,1,1,10,6,1,10,10,1,10,1,1,1,1,1,1,10
170077161,10,4,3,5,5,1,3,2,4,6,7,9,10,3,4,1,5,1,3
170077192,10,4,1,2,1,1,1,1,2,3,1,1,1,3,1,1,1,1,1
170077193,10,10,10,8,10,1,6,10,10,10,10,10,10,10,10,8,6,8,10
170077194,5,4,1,1,1,1,1,1,1,8,1,1,1,1,1,1,1,1,1
170077197,1,1,1,1,1,1,1,1,1,3,1,1,1,1,1,1,1,1,1
170077198,5,4,1,1,5,1,1,1,4,9,1,1,1,1,1,4,5,3,1
170077204,1,1,1,1,1,5,1,1,1,5,1,1,1,7,1,1,10,1,8
170077207,1,1,1,2,1,7,4,2,4,7,1,3,1,3,1,1,2,1,7
170077208,10,10,5,5,5,10,5,5,10,10,1,5,5,5,4,5,9,5,8
170077209,5,1,1,1,1,1,1,1,1,1,1,1,1,8,4,4,4,3,4
170077210,1,1,1,1,1,10,1,1,10,10,1,1,1,10,1,1,10,1,1
170077211,1,1,1,1,1,1,1,1,1,4,1,1,1,1,1,1,1,1,1
170077212,1,1,1,1,1,1,1,1,1,1,1,1,1,1,1,1,1,1,1
170077219,1,1,1,1,1,1,1,1,1,1,1,1,1,1,1,1,1,1,1
170077225,2,5,1,5,3,7,7,3,10,8,2,10,1,5,2,1,8,1,8
170077226,1,1,1,1,1,1,1,1,1,1,1,1,1,1,1,1,1,1,1
170077227,3,2,5,3,4,3,4,1,5,3,4,5,5,10,5,5,5,3,3
170077228,1,1,1,1,1,5,1,1,5,10,1,8,1,1,1,1,8,1,1
170077229,1,1,1,1,1,1,1,1,5,5,1,1,1,1,1,1,1,1,1
170077230,1,1,1,5,1,5,1,1,5,5,5,10,5,5,1,1,1,1,5
170077231,10,10,1,1,1,6,1,1,10,1,1,10,1,10,1,1,1,1,10
170077232,1,1,1,1,1,1,1,1,1,1,1,1,1,7,1,1,1,1,1
170077235,1,1,1,1,1,1,1,1,5,5,1,1,1,5,1,1,5,1,1
170077236,1,5,1,1,1,6,1,1,5,4,1,1,1,5,1,1,1,1,5
170077237,1,1,1,1,1,1,1,1,5,5,1,1,1,5,1,1,5,1,1
170077238,1,1,1,1,1,1,1,1,1,1,1,1,1,1,1,1,5,1,1
170077239,5,4,1,3,1,5,5,5,5,5,5,5,1,5,2,1,5,1,5
170077240,5,2,1,3,1,4,4,5,5,5,5,7,2,3,2,2,3,2,2
170077241,7,3,1,1,1,1,1,1,5,3,1,1,1,5,1,1,8,1,1
170077242,1,1,1,1,1,1,1,1,1,10,1,1,1,5,5,1,8,1,1
170077243,10,1,1,1,1,1,1,1,1,5,1,1,1,5,1,1,5,1,1
170077265,1,1,1,1,1,1,1,1,1,1,1,1,1,1,1,1,1,1,1
170077268,1,1,1,3,1,1,1,3,4,1,1,1,1,1,1,1,1,1,1
170077269,1,1,1,1,1,1,1,1,1,1,1,1,1,1,1,1,1,1,1
170077270,1,10,1,1,1,10,10,1,10,10,1,10,1,10,1,1,10,1,1
170077272,1,10,1,1,1,1,1,1,1,1,1,1,1,1,1,1,1,1,1
170077273,1,1,1,1,1,1,1,10,1,10,1,10,1,10,10,10,10,10,10
170077274,1,1,1,1,1,10,10,1,10,10,1,10,1,1,1,1,10,1,1
170077276,1,1,1,1,1,1,1,1,1,1,1,1,1,10,1,1,1,1,1
170077278,1,3,1,1,1,8,1,7,8,8,2,8,1,1,1,1,1,1,1
170077280,5,10,1,1,1,1,1,1,1,1,1,1,1,1,1,1,1,1,1
170077282,1,1,1,1,1,3,3,1,3,10,1,1,1,1,1,1,3,1,1
170077284,5,5,1,1,1,1,1,1,3,9,1,7,1,3,1,1,7,3,10
170077313,1,1,1,5,4,10,1,9,9,9,1,10,1,4,4,1,4,1,10
170077314,1,10,1,1,1,10,1,10,10,10,10,10,1,1,1,1,10,1,1
170077316,1,1,1,1,1,1,1,1,1,1,4,1,1,6,1,1,1,1,1
170077317,10,10,1,1,1,10,10,1,10,10,1,1,1,10,1,1,1,1,10
170077318,8,9,1,1,1,1,2,5,5,1,1,1,1,1,1,1,1,1,1
170077319,10,10,1,1,1,1,1,1,10,1,1,1,1,1,1,1,10,1,1
170077323,5,7,1,1,1,1,1,1,1,1,1,1,1,1,1,1,1,1,1
170077332,8,10,1,1,3,2,2,1,1,7,7,3,3,4,3,2,3,4,5
170077333,1,1,1,1,1,5,1,1,6,7,1,1,1,5,1,1,8,1,5
170077334,1,1,1,1,1,6,1,1,5,5,1,1,1,1,1,1,7,1,5
170077335,10,10,1,1,1,1,1,1,10,10,1,1,5,10,1,1,1,1,1
170077336,10,1,1,10,10,1,10,1,10,1,1,1,1,10,10,10,10,10,10
170077337,1,5,1,3,1,5,4,1,6,5,1,3,1,1,1,2,3,1,5
170077338,1,1,1,1,1,1,1,1,1,1,1,1,1,1,1,1,3,1,3
170077345,5,10,5,5,5,5,5,5,5,5,5,5,5,5,5,5,5,10,10
170077350,6,8,1,1,1,5,5,1,5,5,1,1,1,1,1,5,3,1,7
170077352,1,1,1,1,1,2,2,1,2,3,1,5,1,6,1,1,2,1,1
170077363,1,1,1,1,1,3,3,1,3,5,1,1,1,5,1,1,3,1,3
170077383,4,9,5,4,5,5,5,5,5,4,5,5,5,2,5,5,1,5,5
170077384,5,5,5,5,5,5,4,5,6,6,5,5,5,6,5,5,5,5,5
170077385,5,5,5,5,5,5,5,5,10,10,5,10,5,5,5,5,5,5,10
170077386,10,7,1,1,1,5,1,1,6,1,1,1,1,1,1,1,2,1,1
170077390,1,1,1,1,1,1,1,1,1,5,1,1,1,1,1,1,1,1,1
170077392,4,6,2,2,2,2,2,2,5,3,4,2,5,4,1,4,1,3,5
170077397,1,1,1,1,1,1,5,1,4,7,1,1,1,1,1,1,6,1,1
170077400,3,3,1,1,1,1,1,1,1,1,1,1,1,3,1,1,1,1,1
170077401,10,6,1,1,1,1,1,1,1,4,1,1,1,1,1,1,5,1,1
170077444,1,1,1,1,1,5,5,5,6,8,5,10,1,1,1,1,8,1,1
170077453,1,1,1,1,1,1,1,1,1,7,1,1,1,1,1,1,1,1,10
170077454,1,5,1,1,1,5,1,1,1,6,1,1,1,1,1,1,3,1,6
170077459,6,5,1,1,5,5,1,1,1,5,1,1,1,5,1,1,5,1,5
170077460,9,8,1,4,1,10,7,1,10,5,1,10,1,10,1,2,6,1,1
170077468,5,1,2,2,2,8,3,1,4,1,1,2,1,2,1,2,1,2,1
170077469,1,4,1,2,1,1,1,1,6,5,1,1,1,1,1,3,6,1,10
170077474,1,10,1,1,1,1,1,1,1,1,1,1,1,1,1,1,1,1,1
170077475,1,1,1,1,1,1,6,6,10,10,1,10,1,6,1,1,6,1,5
170077479,5,5,5,1,1,1,1,1,1,1,5,8,5,1,1,1,1,1,1
170077486,2,3,2,1,1,10,8,10,10,10,7,10,1,1,1,2,10,1,3
170077487,5,7,1,1,4,5,5,1,7,7,1,5,1,5,3,1,3,1,6
170077488,1,10,1,1,1,1,1,1,1,1,1,1,1,1,1,1,1,1,1
170077491,4,6,2,4,2,10,9,8,6,10,2,5,1,2,2,1,10,1,2
170077492,6,5,1,1,1,10,3,5,5,10,3,10,1,5,5,1,3,1,10
170077497,1,1,1,1,1,10,1,5,5,10,1,4,1,1,1,1,10,1,1
170077513,1,1,1,1,1,3,1,1,1,10,1,10,1,1,1,1,5,1,5
170077518,1,1,1,1,1,6,6,1,6,6,1,1,1,1,1,1,1,1,6
170077519,10,6,1,2,1,10,2,5,10,8,1,5,1,3,1,1,2,1,5
170077520,1,1,1,1,1,10,6,9,10,10,1,10,1,3,2,2,10,2,8
170077521,10,1,1,1,1,1,1,1,10,10,1,5,1,10,5,1,4,1,10
170077522,9,9,3,9,8,1,7,1,1,1,6,1,1,7,7,3,9,2,1
170077575,10,1,1,1,1,1,1,1,1,10,1,10,1,10,1,1,1,1,1
170077576,1,1,1,1,1,1,1,1,10,10,1,1,1,1,1,1,10,1,1
170077652,1,1,1,1,1,10,10,10,10,10,10,10,1,1,1,1,10,1,1
170077658,5,5,5,5,5,5,5,5,5,5,5,5,5,5,5,5,5,5,5
170077676,1,1,1,1,1,9,8,5,10,10,4,10,1,1,1,1,8,1,10
170077736,1,1,1,1,1,10,1,1,10,5,1,1,1,3,1,1,2,6,1
170077739,6,4,4,4,5,8,5,5,6,6,5,9,5,5,5,5,4,5,10
170077747,1,1,1,1,1,1,1,1,1,1,1,1,1,6,1,1,1,1,1
170077770,5,5,1,1,1,1,1,1,4,3,1,1,1,1,1,1,2,1,1
170077771,1,1,1,2,1,5,1,1,4,8,1,1,1,4,4,1,8,1,1
170077772,3,3,4,3,3,4,3,1,3,3,1,3,1,2,2,1,5,3,1
170077774,4,3,3,3,3,5,3,1,5,10,5,5,1,5,5,5,5,5,5
170077776,3,4,1,5,2,1,1,1,5,1,1,1,1,1,1,1,8,1,1
170077777,1,1,1,1,1,1,1,1,5,1,1,1,1,1,1,1,10,1,1
170077778,8,9,1,1,1,1,1,1,1,1,1,1,1,1,1,1,1,1,1
170077779,4,3,1,1,1,5,5,7,5,6,6,1,1,5,5,3,6,4,6
170077780,1,1,1,1,1,1,8,7,10,8,10,1,7,1,2,1,1,1,1
170077782,1,10,1,1,10,10,10,10,10,10,1,1,1,1,1,1,1,1,1
170077783,10,1,1,1,1,10,1,1,10,10,1,1,1,10,1,1,10,1,10
170077784,10,5,1,1,1,1,1,1,1,1,1,1,1,1,1,1,1,1,1
170077786,1,4,1,1,1,6,2,1,6,10,1,5,1,1,1,1,2,1,6
170077787,1,1,1,1,1,1,1,1,1,1,1,1,1,1,1,1,1,1,1
170077788,5,1,1,1,1,1,1,1,1,1,1,7,1,6,1,1,7,1,1
170077789,2,1,4,3,5,3,2,10,4,2,8,7,5,1,4,3,2,6,5
170077790,1,1,1,1,1,1,1,1,1,1,1,1,1,1,1,1,1,1,1
170077791,1,1,1,1,1,1,1,1,1,1,1,1,1,1,1,1,1,1,1
170077793,2,7,1,2,2,5,5,5,5,10,3,10,1,5,2,2,8,2,10
170077794,1,6,1,5,1,8,8,1,8,5,1,5,1,5,1,1,5,1,5
170077795,1,6,1,1,1,1,1,1,6,5,1,1,4,1,1,1,4,1,1
170077796,1,1,1,1,1,1,1,1,1,1,1,1,1,1,1,1,1,1,1
170077797,10,10,1,1,1,10,10,10,10,1,1,1,1,5,1,1,10,10,1
170077802,1,1,1,1,1,10,10,10,10,10,10,10,1,1,1,1,10,1,1
170077804,1,1,1,1,1,9,7,1,8,6,5,5,1,2,1,1,1,1,1
170077807,7,10,1,1,1,2,1,1,1,1,1,1,1,3,1,1,1,1,1
170077809,1,1,1,1,1,9,1,1,9,1,1,1,1,4,1,1,1,1,10
170077810,1,1,1,1,1,1,1,1,1,1,1,1,1,1,1,1,1,1,1
170077917,3,1,1,1,1,4,4,4,4,4,1,1,1,1,1,1,1,1,1
170077930,3,1,1,1,1,10,8,10,5,5,1,8,1,5,1,1,1,1,5
170077931,1,1,1,1,1,5,1,1,1,3,1,1,1,1,1,1,1,1,1
170077932,1,1,1,1,6,6,6,1,6,1,1,4,1,7,1,1,3,1,1
170077934,1,1,1,1,1,10,5,5,10,10,1,10,1,1,6,1,7,1,10
170077935,1,1,1,1,1,1,1,1,1,1,1,1,1,1,1,1,5,1,10
170077936,1,1,1,1,1,4,7,7,7,6,1,8,1,1,1,1,8,1,1
170077937,1,1,1,7,1,6,8,1,7,10,1,8,1,9,1,1,9,1,8
170077938,10,1,1,1,1,9,10,1,10,10,10,10,1,4,4,8,10,2,10
170077939,5,1,1,5,1,3,2,1,3,8,1,1,1,3,1,1,1,1,10
170077941,1,1,1,5,1,6,6,2,6,6,1,1,1,5,1,1,1,1,5
170077943,1,1,1,1,1,10,1,1,8,8,1,1,1,1,1,1,5,1,1
170077945,1,1,1,1,1,1,1,1,1,1,1,1,1,1,1,1,1,1,1
170077946,6,6,1,3,2,7,7,2,8,10,2,1,1,6,2,1,9,2,8
170077947,1,1,1,1,1,8,1,1,8,1,1,9,1,5,1,1,1,1,1
170077951,1,1,1,1,1,4,1,1,10,1,1,1,1,1,1,1,6,1,10
170077955,1,1,1,1,1,1,1,1,1,1,1,1,1,1,1,1,1,1,1
170077982,1,1,1,1,1,6,1,1,7,8,1,9,1,1,1,1,4,1,10
170077997,10,1,1,1,1,5,5,5,5,5,1,10,1,5,1,1,5,1,10
170078000,1,6,1,1,1,4,4,1,4,5,1,6,1,5,1,1,4,1,6
170078043,1,10,1,1,1,1,1,1,1,6,1,1,1,5,4,1,4,4,7
170078128,4,3,5,2,1,9,1,1,1,1,1,1,1,1,1,1,1,1,1
170078131,6,6,2,3,2,2,2,1,6,6,1,1,1,1,3,1,2,1,1
170078132,5,1,1,1,1,1,1,1,1,4,1,1,1,1,1,1,1,1,1
170078133,1,1,1,1,1,10,1,1,5,5,1,7,1,4,1,1,3,1,10
170078135,1,1,1,5,1,1,1,1,1,10,1,1,1,5,1,1,5,1,1
170078152,1,1,1,1,1,10,6,1,10,1,6,10,1,5,1,1,6,1,5
170078153,5,10,1,1,1,1,1,1,6,5,1,1,1,1,1,1,10,1,1
170078154,1,1,1,1,1,1,10,10,10,5,1,10,10,10,1,1,6,1,1
170078155,1,1,1,1,1,1,1,1,1,1,1,1,1,1,1,1,1,1,1
170078211,6,7,1,2,5,4,4,5,1,1,2,5,1,1,1,1,1,1,1
170078212,1,2,1,2,4,1,1,1,1,1,1,1,1,1,1,1,1,1,1
170078213,10,1,1,1,1,1,1,1,1,1,1,1,1,1,1,1,1,1,1
170078214,10,10,1,1,1,10,1,1,10,10,1,10,1,1,1,1,1,1,1
170078215,1,10,1,1,1,1,1,1,1,1,1,1,1,1,1,1,1,1,1
170078216,1,1,1,1,1,1,1,1,1,1,1,10,1,10,1,1,1,1,10
170078217,4,6,3,6,5,8,7,9,9,10,8,9,1,1,8,5,9,4,8
170078219,5,7,1,4,1,6,2,1,3,9,4,2,1,2,2,4,6,7,7
170078220,1,1,6,7,7,6,8,10,8,6,8,6,10,9,8,8,8,8,7
170078221,1,1,1,1,1,1,1,1,1,1,1,1,1,1,1,1,4,1,1
170078222,1,6,1,1,4,1,1,1,1,8,1,1,1,9,1,9,7,1,8
170078224,6,6,1,2,1,7,3,9,9,8,6,5,1,1,1,1,1,1,4
170078225,1,1,1,1,1,1,1,1,1,10,1,10,1,1,1,1,1,1,10
170078226,1,1,1,1,1,1,5,8,8,10,1,8,1,1,1,1,9,1,9
170078229,7,6,1,6,1,5,5,1,10,8,1,1,1,5,1,1,10,9,8
170078230,5,5,1,1,1,7,1,1,7,7,1,1,1,7,1,1,1,1,1
170078231,1,1,1,1,1,1,1,1,10,1,1,1,1,10,1,1,1,1,1
170078232,1,1,1,1,1,5,1,1,5,1,1,1,1,5,1,1,1,1,5
170078233,10,1,1,1,1,1,1,1,6,1,1,1,1,5,1,1,1,1,1
170078234,2,2,1,1,1,5,1,1,5,2,1,1,1,4,1,1,5,1,5
170078235,1,1,1,1,1,1,10,1,1,1,1,1,1,1,1,1,1,1,1
170078236,1,1,1,1,1,1,1,1,1,1,1,1,1,1,1,1,1,1,1
170078238,1,1,1,1,1,1,1,1,1,1,1,1,1,1,1,1,1,1,1
170078239,1,1,1,1,1,1,1,1,1,1,1,1,1,1,1,1,1,1,1
170078240,1,1,1,1,1,1,1,1,7,8,1,1,1,6,1,1,10,1,1
170078241,5,1,1,1,1,5,1,1,5,5,1,5,1,1,1,1,5,1,5
170078242,6,1,1,1,1,7,2,1,4,6,1,1,1,9,2,1,5,3,2
170078243,1,1,1,1,1,1,1,1,1,1,1,1,1,1,1,1,1,1,1
170078246,1,1,1,1,1,1,1,1,1,10,1,8,1,1,1,1,8,1,9
170078278,5,5,5,7,10,5,5,8,1,1,4,3,10,10,7,10,1,1,5
170078279,1,1,1,1,1,2,1,1,2,2,2,1,1,3,1,1,1,1,3
170078295,1,10,1,1,10,10,10,1,1,10,1,10,1,1,1,1,10,1,1
170078299,10,10,1,1,1,1,1,1,1,1,1,1,1,1,1,10,1,10,1
170078300,6,1,1,1,1,6,6,6,7,8,8,9,1,1,2,1,4,4,10
170078305,6,1,1,6,1,7,5,6,8,10,5,9,1,1,1,1,8,1,10
170078324,6,5,5,1,1,10,10,10,5,1,5,5,1,1,1,1,5,1,1
170078331,5,10,1,2,1,1,1,1,9,1,1,1,1,1,1,1,6,1,5
170078344,10,10,1,8,4,4,3,9,7,10,7,4,9,7,7,7,7,7,7
170078345,1,1,1,1,1,1,1,1,5,5,1,5,1,5,1,1,1,1,1
170078352,1,5,1,5,5,7,1,1,5,1,1,8,1,5,5,5,5,1,5
170078354,10,10,1,1,1,1,1,1,1,1,1,1,1,5,1,1,1,1,1
170078356,2,2,2,3,2,1,6,2,6,7,1,1,2,6,5,2,6,2,6
170078357,5,1,1,1,1,1,1,1,1,10,7,7,1,8,1,1,1,1,10
170078358,1,2,1,1,1,2,2,1,1,2,1,1,2,2,2,1,1,2,1
170078359,1,10,1,1,1,1,1,1,1,10,1,1,1,1,1,1,1,1,1
170078371,1,1,1,1,5,5,7,7,7,7,2,2,1,4,2,2,6,3,1
170078375,10,10,1,1,1,10,1,1,10,10,1,1,1,1,1,1,1,1,1
170078398,5,1,1,6,1,5,6,5,4,1,1,9,1,5,1,1,1,1,5
170078400,4,1,1,1,1,2,2,2,4,5,1,3,1,1,1,1,3,1,5
170078403,5,10,1,1,1,10,1,1,1,9,1,1,1,1,1,1,7,1,1
170078405,1,1,1,1,1,6,6,1,1,1,1,1,1,1,1,1,6,1,1
170078406,4,6,5,5,6,6,6,6,10,10,5,10,5,5,5,5,5,5,10
170078409,1,1,1,1,1,1,1,1,10,10,1,10,1,1,1,1,1,1,1
170078416,5,1,1,1,1,1,5,1,1,5,1,1,1,1,1,1,5,1,10
170078421,5,6,4,4,6,6,8,9,8,5,5,4,1,2,1,1,10,5,5
170078423,5,1,1,1,1,5,5,5,5,5,1,1,1,1,1,1,5,1,1
170078425,5,8,1,1,1,6,7,3,7,8,1,1,1,1,1,1,5,4,1
170078427,1,10,1,1,1,1,1,1,10,1,1,1,1,10,1,1,1,1,10
170078428,5,1,5,5,5,5,6,5,10,8,5,5,5,8,5,5,5,8,10
170078430,1,1,1,1,1,10,9,10,10,10,1,4,1,1,1,1,1,1,5
170078434,7,6,1,1,1,1,1,1,1,4,1,1,1,1,1,1,4,1,1
170078462,1,1,1,1,1,10,1,6,10,10,1,10,1,1,1,1,5,1,5
170078480,10,5,1,1,1,1,1,1,1,1,1,1,10,1,1,1,1,1,10
170078488,10,6,1,1,6,10,10,1,10,10,1,1,1,1,1,1,1,1,5
170078506,1,1,1,1,1,10,1,1,10,10,1,10,1,5,1,1,10,1,10
170078558,2,1,1,1,1,1,1,1,10,10,1,5,1,1,1,1,1,1,1
170078576,1,1,1,1,1,6,5,5,10,8,1,10,1,7,1,1,10,1,10
170078590,10,1,1,1,1,1,1,1,1,1,1,1,1,1,1,1,1,2,1
170078600,10,5,5,5,5,5,5,5,5,5,5,5,5,5,5,5,5,5,5
170078612,1,1,1,1,1,1,1,1,10,10,1,10,1,1,1,1,10,1,10
170078643,1,1,1,5,1,10,10,7,10,10,8,10,1,1,1,1,10,1,1
170078734,1,1,1,1,1,6,6,1,6,7,1,8,1,2,1,1,4,1,5
170078761,10,10,7,1,10,1,10,1,10,10,1,1,1,5,5,1,10,1,1
170078762,1,1,1,1,1,1,1,1,1,1,1,1,1,1,1,1,1,1,1
170078763,1,1,1,1,1,1,1,1,1,1,1,1,1,1,1,1,1,1,1
170078771,8,10,1,1,1,1,1,1,5,8,1,1,1,2,1,1,1,1,1
170078772,10,5,1,1,1,9,5,1,10,10,1,10,1,1,1,1,10,1,10
170078774,8,3,1,1,1,8,1,5,9,8,1,5,1,3,1,1,7,1,1
170078782,1,5,1,1,1,6,1,1,6,9,1,3,1,5,1,1,3,1,10
170078793,1,1,1,1,1,5,1,1,5,5,1,5,1,1,1,1,1,1,5
170078794,5,1,1,1,1,5,1,2,10,5,3,10,1,4,1,1,1,1,7
170078796,1,7,1,1,1,9,1,1,9,1,1,1,1,1,8,1,1,1,1
170078802,1,1,1,5,1,6,6,6,6,6,1,10,1,5,1,1,1,1,10
170078804,1,1,1,1,1,1,1,1,1,1,1,1,1,1,1,1,1,1,1
170078808,5,6,9,10,5,5,4,8,9,1,1,4,2,5,3,10,2,10,1
170078814,6,6,6,5,5,5,4,4,10,10,3,3,1,1,1,1,1,1,1
170078815,1,1,1,1,1,10,10,1,10,10,1,10,1,5,1,1,10,1,1
170078816,6,5,1,5,5,8,1,1,7,8,5,10,1,1,3,1,5,3,10
170078819,10,1,1,1,1,1,1,1,1,1,1,1,1,1,1,1,1,1,1
170078828,1,10,1,1,1,1,1,1,5,5,1,1,1,1,1,1,1,1,1
170078848,1,1,1,1,1,6,6,6,6,10,1,6,1,2,10,1,8,1,3
170078850,1,10,1,1,1,10,10,6,1,5,5,5,1,1,1,1,7,1,8
170078862,5,5,5,5,6,5,5,5,5,5,5,5,5,5,5,5,5,5,5
170078863,1,5,1,10,1,1,6,6,6,10,1,6,1,10,6,1,6,1,6
170078896,9,1,1,1,1,5,5,3,1,5,1,6,1,5,5,7,3,2,5
170078900,5,5,5,5,5,3,3,5,5,3,1,5,1,1,1,1,3,1,9
170078901,6,2,1,1,1,7,1,1,1,1,1,1,1,1,1,1,7,1,1
170078902,5,5,5,5,5,6,5,5,5,5,5,6,5,5,5,5,5,5,5
170078903,10,1,1,1,1,1,1,1,10,10,1,1,1,1,1,1,1,1,10
170078905,10,1,1,1,1,1,1,1,1,1,1,1,1,1,1,1,1,1,1
170078920,2,1,1,1,1,4,2,1,6,5,1,1,1,6,1,1,3,1,2
170078928,8,10,1,1,1,1,1,1,10,10,1,10,1,1,1,1,10,1,10
170078940,1,3,1,1,1,6,1,1,6,6,1,1,1,5,1,1,4,1,10
170078942,1,10,1,1,1,1,1,1,1,1,1,1,1,1,1,1,1,1,1
170078944,1,4,1,1,1,5,1,1,1,1,6,6,1,5,1,1,5,1,1
170078952,10,1,1,1,1,1,1,1,8,5,1,8,1,1,1,1,8,1,7
170078964,1,6,1,1,1,3,3,6,4,8,3,6,3,5,5,5,5,5,6
170078974,2,8,5,1,6,10,10,6,4,2,1,6,6,5,3,8,5,7,9
170079039,1,1,1,1,1,1,1,1,5,5,1,1,1,1,1,1,1,1,1
170079044,3,5,1,1,1,1,1,1,10,10,1,1,1,10,1,1,1,1,1
170079045,2,1,1,1,1,1,1,1,1,1,1,4,1,1,1,1,1,1,1
170079048,10,1,1,1,1,1,1,1,1,1,1,1,1,10,1,1,1,1,1
170079050,2,1,1,2,1,3,1,1,5,4,1,5,1,1,1,1,1,1,2
170079051,6,1,1,1,1,7,6,1,8,6,1,4,1,8,1,1,8,1,10
170079052,1,1,1,1,1,1,1,1,5,8,1,1,1,3,1,1,7,1,10
170079059,5,1,1,1,1,5,1,1,5,5,1,5,1,1,1,1,1,1,10
170079063,1,5,1,1,1,1,1,1,3,1,1,1,1,1,1,1,1,1,1
170079066,1,1,1,1,1,7,2,1,8,4,1,2,1,2,1,1,2,1,1
170079100,7,5,1,1,6,1,1,1,5,1,1,1,1,9,1,1,1,1,1
170079118,5,1,1,1,1,5,5,1,5,5,4,10,1,3,1,1,3,5,5
170079120,5,1,2,1,1,1,1,1,1,5,1,1,1,5,1,1,5,1,1
170079123,10,1,1,1,1,1,1,1,1,1,1,1,1,1,1,1,9,1,1
170079124,8,3,1,1,1,1,1,1,1,1,1,4,1,8,1,1,1,1,10
170079126,2,7,7,2,7,3,3,1,1,9,1,1,1,9,1,1,1,1,9
170079129,4,6,1,4,1,1,1,1,1,1,1,1,1,5,5,4,4,1,7
170079131,1,1,1,1,1,1,1,1,1,1,1,1,1,1,1,1,1,1,1
170079132,1,1,1,1,1,1,1,1,1,5,1,1,1,1,1,1,1,1,1
170079133,1,1,1,1,1,1,1,1,1,1,1,1,1,1,1,1,1,1,1
170079134,1,1,1,1,1,5,3,1,5,10,1,8,1,4,1,1,10,1,10
170079135,7,5,1,1,1,1,1,1,7,3,1,1,1,5,3,1,5,1,1
170079138,1,1,1,1,1,1,1,1,1,8,1,1,1,6,1,1,1,2,1
170079139,1,1,1,1,1,7,7,1,6,6,7,3,1,5,5,1,2,1,5
170079140,5,1,1,5,1,6,1,1,1,5,1,1,1,5,1,1,1,1,1
170079144,8,6,3,8,4,3,2,3,4,5,1,2,1,6,3,1,2,5,10
170079145,1,1,1,1,1,1,1,1,7,5,1,1,1,6,5,1,4,3,10
170079156,4,3,1,1,1,3,3,1,3,3,1,1,1,1,1,1,1,1,3
170079161,1,1,1,1,1,1,1,1,3,1,1,1,1,1,1,1,1,1,1
170079162,2,1,1,1,1,5,5,5,8,4,1,5,1,1,1,1,4,1,5
170079167,1,1,1,1,1,5,5,1,4,1,1,1,1,7,3,1,1,1,1
170079171,6,10,1,1,1,5,3,1,5,5,1,1,1,1,1,1,6,1,1
170079175,1,1,1,1,1,1,1,1,1,6,1,6,1,1,1,1,8,1,1
170079178,5,5,1,1,1,1,1,1,5,5,1,1,1,3,1,1,1,1,5
170079183,10,1,1,1,1,1,1,1,1,1,1,1,1,10,1,1,1,1,1
170079188,6,6,1,1,1,1,1,1,3,3,1,3,1,4,1,1,2,2,10
170079194,4,8,1,1,1,5,1,1,3,4,1,1,1,1,1,1,1,1,1
170079201,1,1,1,1,1,1,1,1,1,1,1,8,1,10,1,1,1,1,7
170079202,3,2,2,1,1,3,3,2,1,3,1,1,1,1,1,3,3,1,4
170079203,4,3,1,5,5,3,2,1,2,3,1,1,1,1,1,2,3,1,4
170079205,1,1,1,1,1,1,1,1,1,3,1,1,1,5,1,1,1,1,2
170079207,1,1,1,1,1,1,1,1,1,1,1,1,1,1,1,1,1,1,1
170079208,9,1,1,1,1,1,1,1,1,1,1,1,1,1,1,1,1,1,7
170079209,1,1,1,1,1,1,1,1,1,6,1,1,1,1,1,1,5,1,1
170079210,6,1,1,1,1,10,3,1,10,1,1,10,1,10,1,1,5,1,10
170079211,1,1,1,1,1,1,1,1,1,1,1,1,1,1,1,1,1,1,1
170079212,1,8,1,1,1,1,1,1,1,1,1,1,1,6,1,1,6,1,1
170079213,10,1,1,1,1,10,8,1,5,10,1,10,1,10,1,1,10,1,10
170079214,1,1,1,1,4,10,8,10,10,10,1,1,1,5,1,1,1,1,1
170079218,1,1,1,1,1,5,1,1,1,5,1,1,1,8,1,1,3,1,1
170079219,3,10,1,1,1,1,1,1,4,1,1,1,1,5,1,1,1,1,1
170079223,1,1,1,1,1,1,1,1,1,1,1,1,1,1,1,1,1,1,1
170079233,1,1,1,1,1,3,5,3,6,6,6,10,1,1,3,1,3,1,7
170079234,1,10,1,1,1,8,8,1,8,7,1,1,1,8,1,1,8,1,1
170079236,5,5,1,1,1,5,5,1,1,1,1,1,1,5,1,1,1,1,1
170079237,1,1,1,1,1,5,5,3,5,5,1,1,1,1,1,1,1,1,1
170079238,1,1,1,1,1,10,1,1,5,5,1,5,1,5,1,1,5,1,1
170079242,1,1,1,1,1,1,1,1,1,5,1,1,1,1,1,1,1,1,1
170079244,1,1,1,1,1,1,1,1,1,1,1,1,1,1,1,1,1,1,1
170079249,1,1,1,1,1,10,10,10,10,10,10,10,10,10,10,10,10,10,10
170079251,1,1,1,1,1,5,1,4,5,5,1,1,1,3,1,1,3,1,1
170079252,1,1,1,1,1,1,1,1,1,1,1,1,1,5,1,1,3,1,1
170079257,2,9,1,8,3,4,1,3,5,7,10,1,2,6,2,7,1,5,1
170079259,1,1,1,1,1,6,1,7,7,7,1,7,1,1,1,1,6,1,1
170079261,7,10,1,10,6,6,8,1,2,1,10,1,1,10,1,2,1,1,1
170079263,1,1,1,1,1,10,10,10,10,10,1,10,1,1,1,1,6,1,1
170079264,1,1,1,1,1,1,1,1,1,1,1,1,1,1,1,1,1,1,1
170079265,1,1,5,1,1,1,1,1,1,1,1,1,1,9,1,1,1,1,1
170079267,1,1,1,2,1,1,1,1,1,1,1,5,1,10,1,1,1,1,2
