D_INTERVIEW,Q27,Q28,Q29,Q30,Q31,Q32
528070001,2,3,3,4,3,3
528070002,3,4,4,4,4,3
528070003,2,3,3,4,4,4
528070004,3,2,4,4,4,2
528070005,1,-1,-5,-1,-5,-5
528070006,2,4,4,4,4,4
528070007,3,4,4,4,4,4
528070008,4,1,-1,4,1,1
528070009,4,3,4,4,3,2
528070010,-1,3,4,4,4,1
528070011,2,4,4,4,4,1
528070012,-1,2,3,4,4,2
528070013,2,4,3,4,4,2
528070014,2,3,4,4,4,2
528070015,1,4,4,4,4,3
528070016,3,3,3,4,3,2
528070017,2,4,4,4,4,-1
528070018,1,3,4,4,4,1
528070019,2,3,3,4,3,3
528070020,1,-5,-1,3,3,-1
528070021,1,4,3,4,3,4
528070022,-1,2,3,3,3,2
528070023,2,4,3,4,4,2
528070024,2,3,3,3,3,2
528070025,1,3,3,4,4,3
528070026,2,3,3,3,3,2
528070027,4,3,4,4,4,-1
528070028,-1,3,-1,4,4,-1
528070029,2,4,4,4,4,3
528070030,3,3,3,4,4,-1
528070031,2,3,3,3,3,2
528070032,2,4,4,4,4,-1
528070033,-1,4,4,4,4,1
528070034,3,4,4,4,4,3
528070035,1,4,4,4,4,-1
528070036,3,3,3,3,3,3
528070037,2,2,3,4,4,1
528070038,3,3,4,4,4,2
528070039,2,3,4,3,4,3
528070040,2,2,2,2,2,4
528070041,2,3,3,3,3,2
528070042,3,4,4,4,4,3
528070043,-1,-1,-1,-1,-1,-1
528070044,3,2,3,3,3,2
528070045,2,3,3,3,3,2
528070046,2,-1,4,4,4,2
528070047,2,2,3,3,3,2
528070048,2,4,4,4,4,2
528070049,1,4,3,3,3,2
528070050,2,3,3,3,3,3
528070051,3,4,4,4,4,3
528070052,3,2,3,4,3,1
528070053,2,4,4,4,4,2
528070054,-1,4,3,4,3,3
528070055,2,4,4,4,4,-1
528070056,3,3,4,4,4,2
528070057,2,4,4,4,4,-5
528070058,3,4,4,4,4,1
528070059,2,4,4,4,4,4
528070060,3,4,4,4,4,3
528070061,3,3,3,3,3,3
528070062,2,2,4,4,4,2
528070063,1,4,4,4,4,3
528070064,2,2,3,3,3,3
528070065,2,3,3,3,4,2
528070066,2,4,4,4,4,2
528070067,3,3,3,4,-1,3
528070068,1,4,3,3,3,2
528070069,3,2,3,4,2,-1
528070070,2,2,-1,3,3,-1
528070071,-1,4,2,4,4,4
528070072,-1,3,4,3,3,2
528070073,-1,-1,4,-1,4,2
528070074,2,3,3,3,3,1
528070075,3,3,3,3,3,3
528070076,2,3,4,3,4,-1
528070077,2,3,3,3,3,4
528070078,2,4,3,4,3,2
528070079,1,4,4,4,4,4
528070080,1,-5,3,4,4,-5
528070081,4,4,-1,4,4,3
528070082,2,3,3,3,2,3
528070083,3,3,4,4,4,3
528070084,3,4,4,4,4,3
528070085,3,4,4,4,-1,4
528070086,1,3,3,3,3,2
528070087,2,3,3,4,2,2
528070088,2,3,4,4,4,3
528070089,1,4,4,4,4,3
528070090,1,4,4,4,4,-1
528070091,3,3,3,3,3,3
528070092,2,3,-1,3,3,1
528070093,2,4,3,4,4,4
528070094,4,-2,4,3,4,2
528070095,2,4,3,4,3,3
528070096,3,3,3,3,3,-1
528070097,3,4,4,4,4,2
528070098,4,4,4,4,4,2
528070099,4,4,4,4,4,4
528070100,1,4,4,4,4,4
528070101,3,3,4,4,4,2
528070102,1,3,3,4,3,2
528070103,-1,3,3,3,3,2
528070104,2,2,3,3,3,-1
528070105,3,3,3,3,3,3
528070106,3,4,4,4,4,3
528070107,1,3,4,4,4,1
528070108,-1,4,-1,4,4,4
528070109,2,4,3,4,4,3
528070110,4,2,2,2,2,2
528070111,1,3,3,3,3,2
528070112,2,2,3,3,3,2
528070113,2,2,3,3,3,2
528070114,2,3,3,3,3,2
528070115,-1,4,4,4,4,3
528070116,1,3,3,3,3,3
528070117,2,2,4,4,4,-1
528070118,2,3,3,3,3,2
528070119,2,3,4,4,4,2
528070120,3,3,4,4,4,2
528070121,2,3,3,4,3,3
528070122,2,4,3,4,4,3
528070123,2,3,3,3,3,2
528070124,2,3,4,4,4,2
528070125,3,3,4,-1,4,3
528070126,3,4,4,4,4,2
528070127,2,3,4,4,3,2
528070128,3,4,3,4,2,2
528070129,-1,4,4,4,4,-1
528070130,3,2,3,4,3,-1
528070131,3,2,2,3,2,-1
528070132,3,3,3,3,3,-1
528070133,4,-5,-5,-5,-5,-5
528070134,2,3,4,4,4,-1
528070135,1,2,3,3,3,2
528070136,2,4,4,4,4,-1
528070137,3,4,4,4,4,-1
528070138,2,3,3,3,3,2
528070139,4,3,3,3,3,3
528070140,3,4,4,4,4,3
528070141,3,2,4,4,4,4
528070142,2,2,4,4,4,-1
528070143,3,3,3,3,3,2
528070144,4,4,4,4,4,-1
528070145,-5,4,4,4,4,3
528070146,2,2,3,3,3,3
528070147,2,2,3,3,3,2
528070148,3,3,3,3,3,-1
528070149,2,2,4,4,4,3
528070150,3,4,3,2,3,3
528070151,2,4,4,3,4,3
528070152,2,3,3,3,3,3
528070153,2,4,4,4,4,3
528070154,3,3,3,4,3,-1
528070155,3,2,4,4,3,2
528070156,3,3,4,4,4,3
528070157,3,3,3,3,4,3
528070158,3,3,4,4,4,-1
528070159,2,3,3,-1,3,2
528070160,2,3,4,4,4,3
528070161,-1,-1,-1,-1,-1,-1
528070162,2,3,4,4,4,2
528070163,3,3,-1,3,-1,2
528070164,-2,3,4,4,4,3
528070165,2,3,3,4,4,2
528070166,2,2,1,1,1,-1
528070167,2,3,3,3,4,3
528070168,2,1,-1,2,-1,2
528070169,2,3,3,4,3,2
528070170,2,3,3,3,3,2
528070171,2,2,3,4,4,2
528070172,2,4,4,4,4,4
528070173,3,4,3,3,3,2
528070174,2,3,4,4,4,-1
528070175,2,3,4,4,4,4
528070176,-1,-2,-2,-5,-2,-2
528070177,2,3,2,4,4,3
528070178,2,4,4,4,4,4
528070179,1,4,4,4,4,3
528070180,3,3,3,4,3,3
528070181,2,3,3,3,3,3
528070182,3,3,4,4,4,3
528070183,3,2,3,3,3,2
528070184,2,3,4,4,4,3
528070185,1,4,4,4,4,4
528070186,2,-1,-1,-1,-1,-1
528070187,2,3,4,4,4,2
528070188,-5,4,4,4,4,2
528070189,2,4,4,4,4,2
528070190,2,2,3,2,3,1
528070191,3,3,4,4,4,3
528070192,-1,-1,-1,-1,-1,-1
528070193,-1,4,-1,4,3,4
528070194,2,3,3,4,4,4
528070195,2,4,4,4,4,4
528070196,2,3,3,4,4,4
528070197,2,3,3,4,-1,-1
528070198,1,4,4,4,4,2
528070199,3,4,3,4,4,2
528070200,1,4,4,4,4,1
528070201,2,3,3,4,3,2
528070202,1,3,4,4,4,2
528070203,2,-5,-5,-5,-5,-1
528070204,2,4,4,4,4,3
528070205,2,4,4,4,4,3
528070206,1,4,4,4,4,2
528070207,1,3,4,-1,4,1
528070208,2,4,4,4,4,-1
528070209,-1,2,3,3,3,-1
528070210,2,4,4,4,4,4
528070211,3,4,4,4,4,-1
528070212,2,4,4,4,4,4
528070213,3,4,4,4,4,-1
528070214,3,4,4,4,4,2
528070215,2,3,3,3,3,2
528070216,1,4,4,4,4,-5
528070217,2,3,2,3,2,2
528070218,2,2,2,4,2,2
528070219,2,4,4,4,4,1
528070220,2,3,3,3,3,2
528070221,4,4,4,4,4,4
528070222,3,2,3,3,2,2
528070223,2,4,3,3,3,2
528070224,2,3,2,3,3,3
528070225,1,4,3,3,4,3
528070226,2,4,4,4,4,3
528070227,1,4,3,4,4,4
528070228,2,4,3,3,3,3
528070229,-1,3,-1,3,3,-1
528070230,3,3,3,4,4,2
528070231,2,4,4,4,4,3
528070232,2,4,4,4,4,4
528070233,3,4,3,4,4,-1
528070234,3,4,2,4,4,2
528070235,2,3,-1,3,-1,-1
528070236,3,2,3,3,3,2
528070237,3,4,4,4,4,-1
528070238,2,2,3,3,2,3
528070239,2,3,3,4,4,3
528070240,2,4,3,4,3,3
528070241,4,4,4,4,4,1
528070242,1,3,4,4,3,3
528070243,-1,2,4,2,3,-1
528070244,3,4,4,3,3,3
528070245,2,3,3,3,3,2
528070246,-1,2,4,4,4,4
528070247,2,-1,3,3,3,2
528070248,4,3,2,3,3,2
528070249,2,4,4,4,4,3
528070250,2,3,2,3,2,3
528070251,2,3,2,4,1,2
528070252,2,2,-1,4,-1,2
528070253,2,3,4,4,3,3
528070254,3,4,3,3,3,3
528070255,1,3,3,3,3,2
528070256,3,4,4,4,4,3
528070257,-1,3,-1,2,3,-1
528070258,2,4,4,4,4,2
528070259,3,4,4,3,3,1
528070260,3,2,3,3,3,2
528070261,-1,3,4,4,4,2
528070262,1,3,3,4,4,2
528070263,2,3,4,4,4,3
528070264,3,3,3,3,3,3
528070265,2,2,3,4,3,1
528070266,3,3,3,3,3,-1
528070267,3,4,4,4,4,3
528070268,1,2,3,3,3,2
528070269,3,4,4,4,4,-1
528070270,3,4,4,4,4,1
528070271,1,2,3,3,3,1
528070272,1,4,2,4,4,2
528070273,4,4,4,4,4,1
528070274,2,4,4,4,4,2
528070275,3,4,4,4,4,-1
528070276,3,4,3,4,3,3
528070277,1,2,3,3,3,2
528070278,2,2,-1,3,-1,2
528070279,2,3,3,4,3,2
528070280,3,4,4,4,4,2
528070281,3,4,4,4,4,2
528070282,3,3,3,3,3,-1
528070283,1,3,3,3,3,-1
528070284,3,3,3,3,3,2
528070285,2,2,2,3,3,2
528070286,3,3,3,4,3,-1
528070287,2,4,4,4,4,4
528070288,2,3,3,3,3,2
528070289,1,4,4,4,4,2
528070290,3,3,3,3,3,2
528070291,3,3,4,4,4,-1
528070292,2,3,3,3,3,-1
528070293,3,3,3,3,3,3
528070294,3,3,-5,3,4,-1
528070295,-1,1,4,4,4,2
528070296,2,3,3,3,3,3
528070297,1,3,3,4,3,1
528070298,1,3,4,4,4,4
528070299,2,3,2,3,2,2
528070300,2,3,3,4,3,3
528070301,2,4,4,4,4,4
528070302,2,3,3,3,3,2
528070303,-1,3,3,3,3,2
528070304,3,3,3,3,3,2
528070305,2,3,-1,3,3,3
528070306,1,3,4,4,3,2
528070307,2,2,-1,3,-1,-5
528070308,3,4,4,4,4,-1
528070309,-5,-5,-5,-5,4,1
528070310,2,4,4,4,4,3
528070311,2,3,3,3,3,3
528070312,2,3,4,4,3,-1
528070313,2,3,3,4,3,2
528070314,3,4,4,4,4,1
528070315,2,4,4,4,4,1
528070316,-1,2,4,4,4,-1
528070317,3,3,3,4,4,-1
528070318,3,3,3,3,4,-1
528070319,3,4,-1,1,4,-1
528070320,2,-1,4,4,4,1
528070321,2,3,3,3,3,3
528070322,2,4,4,4,4,2
528070323,3,4,3,4,3,4
528070324,3,3,3,3,3,3
528070325,-5,-5,-5,-5,-5,-5
528070326,4,4,2,4,4,4
528070327,2,4,3,4,4,2
528070328,-5,-5,-5,-5,-5,-5
528070329,3,-1,4,4,4,1
528070330,3,4,2,4,3,-1
528070331,2,3,-1,4,-1,-1
528070332,3,4,4,4,4,3
528070333,2,3,3,3,3,4
528070334,1,2,4,4,4,1
528070335,2,3,2,3,3,-5
528070336,2,3,3,3,2,2
528070337,2,3,3,4,3,2
528070338,2,4,3,4,3,2
528070339,-1,3,3,3,3,-1
528070340,2,4,3,4,3,2
528070341,3,3,3,4,3,-1
528070342,3,3,3,3,3,3
528070343,3,4,4,4,4,3
528070344,3,2,3,3,3,-1
528070345,3,4,3,4,3,-1
528070346,2,4,3,4,3,-1
528070347,2,4,4,4,4,3
528070348,2,4,4,4,4,1
528070349,1,3,3,3,3,3
528070350,2,3,4,4,4,3
528070351,2,3,3,4,3,3
528070352,-1,3,-1,3,-1,-1
528070353,2,4,3,3,3,2
528070354,2,4,4,4,4,2
528070355,2,-1,4,4,4,4
528070356,3,3,3,4,4,-1
528070357,2,3,3,3,3,2
528070358,2,3,3,3,3,2
528070359,2,3,4,4,4,2
528070360,2,4,4,3,4,2
528070361,-5,4,4,4,-1,4
528070362,1,-1,-1,3,3,2
528070363,3,3,3,3,3,3
528070364,2,3,3,4,3,3
528070365,3,4,4,4,4,4
528070366,-1,-1,-1,-1,-1,-1
528070367,2,4,4,4,3,2
528070368,2,4,4,4,4,-1
528070369,1,3,3,4,3,-1
528070370,1,4,4,4,4,-1
528070371,3,3,3,3,3,2
528070372,2,4,3,4,3,3
528070373,2,2,2,2,1,-1
528070374,3,3,4,4,4,-5
528070375,1,3,4,4,4,3
528070376,2,3,3,3,3,3
528070377,3,4,4,4,4,4
528070378,2,4,4,4,4,3
528070379,3,2,4,4,4,3
528070380,2,-1,3,3,-2,-1
528070381,2,3,3,4,4,-1
528070382,2,4,3,4,3,-1
528070383,3,4,4,4,4,-5
528070384,1,4,4,4,3,2
528070385,2,4,3,4,4,2
528070386,2,3,3,4,4,4
528070387,2,4,4,4,4,2
528070388,2,4,3,4,4,4
528070389,2,3,3,3,3,-1
528070390,2,4,3,4,3,3
528070391,-1,-1,-1,-1,-1,-1
528070392,3,3,4,4,4,3
528070393,2,4,4,4,4,-1
528070394,4,1,1,4,2,1
528070395,3,3,3,3,2,-1
528070396,2,3,2,3,2,3
528070397,4,4,4,4,4,4
528070398,2,4,3,4,3,3
528070399,2,4,3,4,4,-1
528070400,3,4,4,4,4,4
528070401,1,3,3,3,3,3
528070402,3,4,4,4,4,-1
528070403,2,3,3,3,3,2
528070404,2,2,2,4,4,2
528070405,2,3,4,4,4,2
528070406,3,1,2,4,2,3
528070407,3,4,4,4,4,1
528070408,2,4,4,4,4,1
528070409,2,2,3,3,3,2
528070410,-1,4,4,4,4,1
528070411,3,4,4,4,4,-1
528070412,3,4,4,4,4,-1
528070413,2,3,4,4,4,2
528070414,3,4,3,3,3,3
528070415,3,3,3,4,3,3
528070416,1,1,2,3,2,3
528070417,3,1,-1,-1,-1,-1
528070418,2,4,4,4,4,-1
528070419,2,3,4,4,4,2
528070420,2,3,3,3,3,2
528070421,2,2,-1,3,-1,-1
528070422,2,3,4,4,4,1
528070423,2,4,4,4,4,-5
528070424,2,4,-1,3,4,4
528070425,3,3,4,4,3,-1
528070426,2,4,4,4,4,3
528070427,2,3,4,4,4,2
528070428,2,3,3,3,3,3
528070429,3,4,4,4,4,3
528070430,2,3,3,3,3,2
528070431,2,4,4,4,3,2
528070432,1,2,2,4,3,2
528070433,3,4,2,4,2,-1
528070434,2,4,4,4,4,2
528070435,2,3,3,3,3,2
528070436,2,4,4,4,4,-1
528070437,2,2,2,2,2,2
528070438,2,3,3,3,3,3
528070439,2,3,4,4,4,2
528070440,2,4,2,2,2,3
528070441,2,3,3,3,3,2
528070442,2,3,3,3,3,3
528070443,2,4,4,4,4,2
528070444,-1,-1,-1,-1,-1,-1
528070445,2,3,3,3,3,3
528070446,1,3,3,3,3,1
528070447,2,3,4,4,3,2
528070448,-1,-1,-1,4,-1,1
528070449,3,3,2,3,2,2
528070450,1,4,-1,4,4,-1
528070451,1,4,4,4,4,2
528070452,2,3,3,4,3,3
528070453,-5,2,3,4,4,4
528070454,2,2,3,4,4,2
528070455,2,3,3,3,3,3
528070456,2,4,4,4,4,4
528070457,1,3,4,4,4,3
528070458,3,-1,-1,4,-1,-1
528070459,3,4,4,4,4,2
528070460,2,3,3,3,3,3
528070461,3,4,4,4,4,3
528070462,2,3,4,-1,-1,1
528070463,2,4,4,4,3,3
528070464,3,2,2,4,2,1
528070465,3,4,4,4,4,3
528070466,1,-5,4,4,4,1
528070467,1,4,4,4,4,3
528070468,2,2,4,4,4,3
528070469,3,3,3,3,3,-1
528070470,2,3,3,4,3,-1
528070471,2,4,4,4,4,4
528070472,2,-1,2,-1,2,2
528070473,1,2,4,4,4,-1
528070474,2,3,3,3,3,2
528070475,2,4,-1,3,2,3
528070476,3,3,3,3,3,3
528070477,2,4,-1,4,4,-1
528070478,2,3,3,4,3,-1
528070479,3,3,2,4,3,2
528070480,-1,3,3,3,3,-1
528070481,2,3,-1,3,3,2
528070482,2,3,-1,3,3,2
528070483,2,4,4,4,4,1
528070484,-1,-1,-1,-1,-1,-1
528070485,2,4,4,3,4,3
528070486,3,4,4,4,4,2
528070487,2,2,4,4,4,4
528070488,1,3,4,4,4,-1
528070489,3,2,4,3,4,-1
528070490,2,2,3,3,-1,2
528070491,2,4,3,4,4,2
528070492,2,3,4,4,4,2
528070493,2,4,2,4,4,-1
528070494,3,3,3,3,3,-1
528070495,-1,3,3,3,3,2
528070496,2,3,4,4,4,3
528070497,2,3,4,4,4,3
528070498,3,2,-1,3,-1,3
528070499,2,3,3,4,4,-1
528070500,3,3,4,4,4,2
528070501,2,4,4,4,4,3
528070502,3,4,4,4,4,1
528070503,2,4,4,4,4,-1
528070504,1,4,3,4,4,3
528070505,2,3,4,4,4,3
528070506,2,4,4,4,4,1
528070507,3,4,3,3,3,3
528070508,-2,-5,-5,-5,-5,-5
528070509,-5,-5,-5,-5,-5,-5
528070510,3,4,2,4,2,3
528070511,2,3,3,3,3,3
528070512,2,3,4,3,3,3
528070513,2,4,4,4,4,1
528070514,2,4,4,4,4,3
528070515,2,4,3,3,3,3
528070516,2,-1,-1,3,-1,2
528070517,3,4,4,4,4,4
528070518,1,2,2,4,4,4
528070519,3,4,4,4,4,4
528070520,1,4,4,4,4,4
528070521,-1,4,4,-2,-2,4
528070522,3,4,4,4,4,-1
528070523,-1,4,4,4,4,1
528070524,1,2,4,4,4,1
528070525,2,3,3,3,4,2
528070526,2,3,4,3,4,2
528070527,2,4,3,3,3,3
528070528,2,2,4,3,3,2
528070529,2,3,3,3,2,4
528070530,2,3,4,4,4,-1
528070531,1,4,4,4,4,2
528070532,2,3,4,4,4,2
528070533,2,3,3,4,3,2
528070534,1,1,2,3,1,1
528070535,3,4,4,4,3,-1
528070536,2,4,4,4,4,3
528070537,3,3,4,4,4,2
528070538,4,4,4,4,4,3
528070539,2,4,-1,4,3,3
528070540,3,4,4,4,4,2
528070541,4,4,4,4,4,4
528070542,3,2,3,3,-1,-1
528070543,2,3,4,4,4,1
528070544,2,3,3,4,3,2
528070545,2,3,4,4,4,4
528070546,3,4,4,4,4,3
528070547,2,4,4,4,4,2
528070548,2,3,4,4,4,2
528070549,2,3,-1,3,2,-1
528070550,-1,3,4,4,4,-1
528070551,2,3,3,4,4,2
528070552,2,4,4,4,4,3
528070553,2,2,3,3,4,1
528070554,2,4,4,4,4,-1
528070555,3,2,1,1,1,2
528070556,2,2,4,4,4,2
528070557,-1,3,3,3,3,-1
528070558,2,3,3,4,4,-1
528070559,3,3,3,4,2,3
528070560,3,4,3,4,3,-1
528070561,2,4,4,4,2,3
528070562,-1,4,4,4,-1,-1
528070563,2,4,4,4,4,3
528070564,2,3,4,3,3,4
528070565,-5,-5,-5,-5,-5,-5
528070566,2,3,3,4,3,3
528070567,4,2,-1,4,3,2
528070568,2,3,4,4,4,2
528070569,2,4,4,4,4,2
528070570,2,3,3,3,3,3
528070571,4,-1,4,2,4,3
528070572,2,3,3,2,3,2
528070573,2,3,4,4,4,-1
528070574,2,4,4,4,4,3
528070575,2,3,4,4,4,3
528070576,1,4,4,4,4,3
528070577,3,3,4,4,4,2
528070578,2,3,3,3,3,2
528070579,3,4,4,4,3,2
528070580,3,4,4,4,4,-1
528070581,2,3,3,4,4,3
528070582,-1,-1,-1,-1,-1,-1
528070583,2,4,4,4,4,2
528070584,2,4,4,4,4,4
528070585,2,4,3,3,3,2
528070586,2,3,3,4,3,3
528070587,4,4,4,4,4,4
528070588,2,3,2,3,2,3
528070589,2,4,4,4,4,3
528070590,2,4,4,4,4,2
528070591,4,4,3,4,4,2
528070592,2,4,4,4,4,2
528070593,2,2,4,4,4,2
528070594,1,4,-1,4,-1,-1
528070595,3,3,3,3,3,2
528070596,2,3,3,3,3,2
528070597,2,4,4,4,4,-1
528070598,3,4,4,4,4,2
528070599,2,-5,-1,3,-1,2
528070600,4,4,4,3,4,4
528070601,3,4,3,3,3,2
528070602,2,3,3,4,4,3
528070603,2,2,4,4,4,2
528070604,2,3,2,3,3,3
528070605,2,3,-1,3,3,2
528070606,2,3,-1,1,1,3
528070607,2,3,3,3,3,2
528070608,1,4,3,4,4,2
528070609,4,1,1,1,1,1
528070610,4,4,4,4,4,-1
528070611,2,3,4,4,4,3
528070612,3,4,4,4,4,-1
528070613,1,3,-1,4,-1,2
528070614,1,4,4,4,4,1
528070615,-5,-5,-5,-5,-5,-5
528070616,2,4,3,2,3,2
528070617,3,4,4,4,4,4
528070618,4,1,2,4,3,2
528070619,2,3,3,4,3,2
528070620,3,4,4,4,4,3
528070621,3,3,-1,4,-1,3
528070622,1,3,4,4,4,-1
528070623,-1,3,3,4,3,-1
528070624,3,4,4,4,4,1
528070625,3,4,4,4,4,-1
528070626,-2,3,-1,3,-1,2
528070627,3,3,3,3,3,2
528070628,3,3,4,3,4,3
528070629,2,3,3,4,3,2
528070630,3,3,3,3,3,3
528070631,3,4,4,4,4,-1
528070632,2,4,4,4,4,2
528070633,3,4,4,4,4,4
528070634,2,2,3,-1,2,2
528070635,2,3,4,4,4,3
528070636,2,4,4,4,4,2
528070637,2,2,3,3,3,4
528070638,2,2,3,4,4,-1
528070639,1,4,4,4,4,1
528070640,3,3,3,3,3,-1
528070641,2,2,4,4,4,2
528070642,2,3,3,4,4,2
528070643,2,3,3,3,3,2
528070644,1,3,3,3,3,2
528070645,-5,-5,-5,-5,-5,-5
528070646,4,2,3,4,3,-1
528070647,2,3,-1,4,-1,-1
528070648,2,2,2,2,2,3
528070649,3,4,4,4,4,1
528070650,2,3,4,4,4,-1
528070651,2,4,4,4,4,1
528070652,2,3,3,3,3,3
528070653,3,-2,3,3,3,2
528070654,2,3,4,4,4,2
528070655,2,4,4,4,4,4
528070656,2,4,4,4,4,4
528070657,1,3,3,3,3,2
528070658,2,2,3,3,3,3
528070659,2,2,-1,4,-1,-1
528070660,2,3,3,3,2,3
528070661,1,4,4,4,4,4
528070662,2,3,3,3,3,3
528070663,2,2,3,3,2,3
528070664,3,3,3,3,3,3
528070665,2,2,-1,-1,-1,-1
528070666,2,3,4,4,4,2
528070667,2,4,4,4,4,3
528070668,2,4,4,4,4,2
528070669,3,4,4,4,4,3
528070670,2,4,4,4,4,4
528070671,3,4,4,4,4,4
528070672,2,3,3,3,3,2
528070673,2,2,3,3,3,1
528070674,3,3,3,3,3,3
528070675,3,3,4,4,4,2
528070676,2,3,4,4,4,-1
528070677,2,3,3,3,3,3
528070678,2,3,4,4,4,1
528070679,2,4,4,4,4,-1
528070680,-1,3,3,4,3,2
528070681,1,4,3,3,3,3
528070682,4,4,4,4,4,-1
528070683,-2,4,3,3,3,3
528070684,2,4,4,4,4,-1
528070685,2,-1,2,4,-1,2
528070686,2,3,3,3,3,2
528070687,2,3,3,4,3,2
528070688,-5,3,3,3,3,3
528070689,3,3,3,3,3,3
528070690,2,3,3,3,3,2
528070691,4,4,4,4,4,3
528070692,2,4,3,4,3,2
528070693,2,4,3,3,3,2
528070694,2,4,3,4,4,2
528070695,2,3,-1,4,-1,2
528070696,2,3,3,3,3,-1
528070697,2,3,4,4,4,2
528070698,3,2,-1,3,-1,-1
528070699,2,3,4,4,4,4
528070700,2,4,4,4,4,3
528070701,3,4,4,4,4,3
528070702,2,3,3,4,4,4
528070703,2,3,4,4,4,4
528070704,2,3,-1,4,3,2
528070705,2,4,4,4,3,2
528070706,3,2,3,3,3,3
528070707,-1,-1,-1,-1,-1,-1
528070708,3,3,4,4,4,2
528070709,2,3,3,3,2,3
528070710,2,3,3,4,4,2
528070711,3,2,4,4,3,3
528070712,2,4,4,4,4,4
528070713,2,3,4,4,3,1
528070714,-1,3,3,3,3,1
528070715,3,3,3,3,3,3
528070716,-1,4,4,4,4,-1
528070717,3,2,4,3,-1,1
528070718,2,2,3,4,3,3
528070719,1,3,3,3,2,2
528070720,3,3,4,4,4,4
528070721,2,2,3,4,3,3
528070722,2,4,4,4,3,3
528070723,2,4,4,4,4,-1
528070724,3,4,4,4,4,1
528070725,4,3,1,3,2,3
528070726,3,4,4,4,4,3
528070727,3,3,4,4,4,-1
528070728,3,3,3,3,3,2
528070729,2,2,2,4,3,2
528070730,-1,3,4,4,4,-1
528070731,2,3,4,4,4,2
528070732,1,3,4,4,4,3
528070733,4,4,4,4,4,1
528070734,1,4,4,4,4,4
528070735,2,4,-1,4,4,-1
528070736,2,4,4,4,4,3
528070737,1,4,4,4,4,2
528070738,2,4,3,4,3,2
528070739,4,4,4,4,4,1
528070740,4,3,3,4,3,2
528070741,2,3,3,4,3,4
528070742,2,4,4,4,4,-1
528070743,2,3,3,2,3,2
528070744,2,4,4,4,4,2
528070745,4,2,4,4,4,2
528070746,1,4,4,4,4,3
528070747,2,2,3,4,4,2
528070748,2,3,4,4,4,2
528070749,3,4,3,3,-1,-1
528070750,2,3,2,3,1,4
528070751,2,2,-1,3,-1,1
528070752,1,3,3,3,3,1
528070753,2,3,4,4,4,2
528070754,3,4,4,4,4,4
528070755,1,-5,-1,4,4,3
528070756,3,3,4,4,4,2
528070757,4,-1,-1,-1,-1,-1
528070758,2,2,3,3,3,2
528070759,2,4,3,4,3,-1
528070760,3,3,4,4,4,2
528070761,2,3,3,3,3,3
528070762,2,3,4,4,3,3
528070763,3,3,3,4,3,2
528070764,2,2,3,3,3,-1
528070765,4,3,4,4,4,3
528070766,4,4,4,4,4,-1
528070767,2,2,3,3,3,2
528070768,2,3,3,3,3,4
528070769,2,3,4,4,3,3
528070770,2,3,3,3,3,2
528070771,2,4,4,4,4,-5
528070772,-1,4,4,4,4,-1
528070773,2,4,3,3,3,3
528070774,-1,3,4,4,4,4
528070775,2,4,3,4,3,3
528070776,2,4,-1,4,3,2
528070777,2,2,-1,3,-1,1
528070778,2,4,4,4,4,1
528070779,4,2,-1,1,-1,-1
528070780,2,3,3,4,-1,3
528070781,1,4,4,4,4,4
528070782,-5,-5,-5,-5,-5,-5
528070783,1,1,4,4,3,-1
528070784,2,4,4,4,4,3
528070785,3,3,3,3,3,3
528070786,3,2,4,4,4,2
528070787,3,4,4,3,4,-1
528070788,3,3,3,4,3,2
528070789,2,2,3,3,3,2
528070790,3,4,4,4,4,4
528070791,2,3,3,3,3,3
528070792,2,4,4,1,-1,-1
528070793,4,4,4,4,4,-1
528070794,2,3,3,3,3,2
528070795,3,3,3,4,4,3
528070796,3,3,3,3,3,3
528070797,1,1,1,1,1,1
528070798,1,1,-1,4,4,2
528070799,2,3,2,3,2,3
528070800,4,2,2,2,2,2
528070801,1,4,4,4,4,-1
528070802,2,2,3,3,2,2
528070803,2,3,4,4,3,3
528070804,1,1,4,4,4,1
528070805,3,-1,4,4,3,2
528070806,2,4,4,4,4,1
528070807,1,2,4,4,4,1
528070808,2,4,4,4,4,4
528070809,2,4,4,4,4,3
528070810,4,4,4,4,4,3
528070811,2,3,3,4,3,3
528070812,3,2,4,3,4,2
528070813,3,4,4,4,4,-1
528070814,-5,3,3,3,3,3
528070815,2,2,3,3,3,2
528070816,3,3,2,3,2,3
528070817,4,3,3,3,3,-1
528070818,2,3,3,3,3,3
528070819,-1,3,3,3,3,2
528070820,3,3,4,4,4,3
528070821,2,3,4,4,4,-1
528070822,4,4,4,4,4,-1
528070823,2,4,3,4,4,3
528070824,2,2,4,4,4,3
528070825,2,4,4,4,4,-1
528070826,3,3,4,4,4,2
528070827,2,3,3,3,3,3
528070828,-1,2,4,4,4,2
528070829,2,4,4,4,4,2
528070830,-1,4,4,4,4,3
528070831,2,2,4,4,4,1
528070832,2,4,4,4,4,2
528070833,1,4,4,4,4,1
528070834,1,3,4,4,4,2
528070835,3,4,4,4,4,3
528070836,2,3,3,3,3,2
528070837,2,2,2,3,2,1
528070838,1,2,3,3,3,2
528070839,3,4,4,4,4,2
528070840,2,4,4,4,4,3
528070841,3,4,4,4,4,3
528070842,2,3,3,4,4,4
528070843,2,4,4,4,4,2
528070844,1,4,-5,4,4,4
528070845,3,3,4,4,4,2
528070846,1,3,3,4,3,-1
528070847,2,2,4,4,4,-1
528070848,3,4,4,4,4,3
528070849,3,3,3,3,3,-1
528070850,2,3,3,2,3,3
528070851,1,4,4,4,4,3
528070852,3,4,4,4,4,2
528070853,2,3,3,2,3,-1
528070854,-2,2,3,3,3,3
528070855,2,2,4,4,4,3
528070856,2,4,4,4,4,4
528070857,3,3,3,3,3,2
528070858,3,4,4,4,4,2
528070859,2,4,4,4,4,3
528070860,-1,-5,-5,-5,-5,2
528070861,2,3,3,3,3,2
528070862,2,3,3,3,3,2
528070863,2,4,3,4,-1,3
528070864,3,3,4,4,4,-1
528070865,3,4,3,4,4,2
528070866,1,3,3,4,4,3
528070867,2,3,-1,4,4,-1
528070868,1,4,4,4,4,1
528070869,2,2,3,3,3,-1
528070870,3,4,4,4,4,-1
528070871,2,2,-1,-1,-1,-1
528070872,3,3,3,3,3,2
528070873,2,3,3,3,3,2
528070874,2,4,4,4,4,4
528070875,3,4,4,4,4,3
528070876,3,4,4,4,4,4
528070877,3,4,4,4,4,4
528070878,2,3,3,3,3,-1
528070879,2,3,-1,4,-1,2
528070880,2,4,4,4,4,4
528070881,2,3,3,3,3,-1
528070882,2,4,4,4,4,2
528070883,3,3,4,4,4,3
528070884,1,3,4,3,4,2
528070885,2,3,3,3,2,3
528070886,-5,-5,-5,-5,-5,-5
528070887,4,-1,-1,-2,-2,-2
528070888,-1,4,4,4,4,4
528070889,1,4,4,4,4,2
528070890,2,2,3,3,3,1
528070891,3,3,3,3,3,-1
528070892,2,3,4,4,4,3
528070893,2,3,4,4,4,1
528070894,2,4,4,4,4,4
528070895,1,4,4,4,4,2
528070896,2,3,3,3,3,3
528070897,2,-1,3,3,3,3
528070898,2,4,3,3,3,3
528070899,1,3,4,4,4,3
528070900,2,3,3,3,3,3
528070901,2,3,3,3,3,3
528070902,4,3,3,4,3,3
528070903,2,3,4,-5,-5,-5
528070904,3,3,3,3,3,-5
528070905,2,3,3,3,3,3
528070906,4,1,1,1,3,-1
528070907,1,3,3,3,3,-1
528070908,2,4,3,4,3,-1
528070909,2,4,4,4,4,3
528070910,3,3,3,3,3,2
528070911,2,2,3,3,3,3
528070912,2,2,3,3,3,2
528070913,2,4,4,4,4,2
528070914,1,1,1,1,1,1
528070915,3,3,3,4,4,4
528070916,1,4,4,4,4,3
528070917,2,4,4,4,4,3
528070918,2,4,4,4,4,-1
528070919,2,3,3,4,4,4
528070920,2,-1,2,3,-1,2
528070921,2,4,3,3,3,2
528070922,2,3,2,3,3,3
528070923,-1,3,3,3,3,-1
528070924,2,2,4,4,4,4
528070925,-1,3,3,3,3,2
528070926,2,4,4,4,4,4
528070927,2,4,4,4,4,3
528070928,2,4,3,4,4,2
528070929,2,3,4,4,2,2
528070930,2,4,4,4,4,-1
528070931,2,4,4,4,4,4
528070932,2,4,4,4,4,-1
528070933,2,4,4,4,4,3
528070934,-1,3,4,4,3,3
528070935,1,2,2,3,3,3
528070936,1,4,-1,4,-1,1
528070937,2,4,4,4,4,3
528070938,3,3,3,4,3,-1
528070939,3,3,3,4,4,2
528070940,2,2,-1,3,3,-1
528070941,3,4,4,4,3,3
528070942,3,3,3,3,3,3
528070943,3,3,3,3,3,2
528070944,3,4,4,4,4,2
528070945,1,4,4,4,4,-1
528070946,3,3,3,4,4,-1
528070947,3,3,3,3,3,-1
528070948,2,4,4,4,4,2
528070949,2,3,3,3,3,4
528070950,-5,-5,3,4,3,-5
528070951,4,3,4,4,4,4
528070952,2,4,4,4,4,3
528070953,1,3,4,4,4,-1
528070954,1,2,4,4,4,2
528070955,3,3,4,4,4,3
528070956,2,3,-1,4,-1,-1
528070957,2,4,4,4,4,2
528070958,1,3,3,4,3,2
528070959,2,2,2,3,2,2
528070960,2,3,4,4,4,2
528070961,-5,2,4,4,4,-1
528070962,3,2,-1,4,4,3
528070963,3,4,4,4,4,-1
528070964,2,3,4,4,4,3
528070965,3,4,3,4,3,3
528070966,1,4,-1,3,3,-1
528070967,3,4,3,3,3,2
528070968,2,4,4,4,4,-1
528070969,1,3,4,4,4,2
528070970,1,4,4,4,4,2
528070971,4,4,4,3,4,2
528070972,1,4,-1,3,3,3
528070973,1,3,4,4,4,2
528070974,2,3,-1,3,-1,2
528070975,3,4,4,4,4,1
528070976,2,4,-5,3,4,3
528070977,1,4,4,4,4,3
528070978,3,3,3,4,4,3
528070979,1,4,3,4,3,4
528070980,3,-1,3,4,3,3
528070981,2,4,4,4,4,-1
528070982,3,2,3,3,3,2
528070983,2,4,4,4,4,1
528070984,1,3,3,3,3,-1
528070985,-1,3,3,3,3,-1
528070986,1,3,3,3,3,2
528070987,2,2,3,4,4,3
528070988,3,4,4,4,4,4
528070989,3,3,3,4,4,-1
528070990,2,-1,3,-1,3,3
528070991,-1,-1,-1,-1,4,4
528070992,2,4,3,4,3,-1
528070993,2,4,4,4,4,-1
528070994,2,3,4,4,4,2
528070995,2,4,4,4,4,2
528070996,3,3,3,4,3,2
528070997,3,-1,3,4,4,-1
528070998,2,3,3,4,4,3
528070999,3,3,3,3,3,2
528071000,3,4,4,4,4,-1
528071001,2,2,-1,4,4,-1
528071002,-1,3,3,3,3,3
528071003,2,3,3,4,3,2
528071004,-2,-2,-2,-2,-2,-2
528071005,3,3,2,3,3,2
528071006,3,3,-1,3,-1,-1
528071007,2,3,4,4,4,2
528071008,2,4,3,4,3,-1
528071009,1,4,4,4,3,3
528071010,1,3,4,4,4,-1
528071011,2,4,3,3,3,-1
528071012,2,4,3,3,3,3
528071013,2,4,3,3,3,2
528071014,1,3,3,2,3,2
528071015,3,3,4,4,4,2
528071016,2,3,4,4,4,2
528071017,1,4,4,4,4,4
528071018,1,-1,-1,-1,-1,-1
528071019,2,3,2,3,3,3
528071020,2,4,4,4,4,4
528071021,2,-1,-1,3,3,2
528071022,2,3,3,4,4,2
528071023,3,4,4,4,4,3
528071024,2,4,3,3,3,2
528071025,4,4,4,4,4,4
528071026,3,4,4,4,4,3
528071027,1,4,4,4,4,2
528071028,2,3,4,4,4,2
528071029,3,2,-1,3,-1,2
528071030,3,2,-1,4,4,-1
528071031,1,-1,3,4,4,4
528071032,2,-1,3,4,3,1
528071033,3,3,4,4,4,-1
528071034,2,2,-1,3,3,-1
528071035,3,2,3,3,4,3
528071036,2,3,3,3,3,-1
528071037,2,3,3,3,3,2
528071038,2,4,4,4,4,-1
528071039,2,4,-1,4,3,1
528071040,-5,4,4,4,4,-1
528071041,3,4,4,4,4,2
528071042,1,3,4,4,4,2
528071043,1,2,3,2,3,2
528071044,2,3,4,4,4,3
528071045,2,2,3,3,3,2
528071046,2,4,4,4,4,-1
528071047,-1,3,3,3,4,4
528071048,2,3,3,4,4,3
528071049,2,4,4,4,4,-1
528071050,2,3,3,3,3,3
528071051,3,3,3,4,-1,2
528071052,2,2,3,3,2,2
528071053,2,2,-1,3,-1,3
528071054,2,3,3,4,3,2
528071055,1,3,4,4,4,3
528071056,2,3,4,4,4,-1
528071057,2,4,4,4,4,-1
528071058,-1,-1,-1,-1,-1,-1
528071059,1,4,4,4,4,-1
528071060,-1,4,4,4,4,3
528071061,2,4,4,4,4,3
528071062,1,4,-1,4,4,2
528071063,3,4,4,4,4,4
528071064,3,4,4,4,4,-5
528071065,4,4,4,4,4,4
528071066,3,-1,4,4,4,-1
528071067,2,4,3,4,3,-1
528071068,2,2,3,3,3,2
528071069,2,4,4,4,4,4
528071070,-1,4,4,4,4,2
528071071,2,3,2,3,-1,3
528071072,1,3,-1,4,2,2
528071073,2,4,4,4,4,3
528071074,3,3,3,3,3,3
528071075,2,3,4,4,4,3
528071076,3,3,3,3,3,4
528071077,3,4,4,4,4,3
528071078,2,2,2,3,3,2
528071079,3,4,4,4,4,3
528071080,3,3,4,4,4,-1
528071081,4,4,4,4,4,4
528071082,2,3,3,2,3,2
528071083,3,3,3,3,3,3
528071084,4,2,4,3,4,2
528071085,2,3,3,3,3,2
528071086,2,4,4,4,4,4
528071087,2,4,4,4,4,4
528071088,-2,-2,-2,-2,-2,-2
528071089,3,4,3,3,3,2
528071090,3,4,4,4,4,1
528071091,3,3,4,3,3,-1
528071092,2,3,3,3,3,3
528071093,4,4,4,4,4,-1
528071094,2,3,3,4,3,-1
528071095,2,3,3,2,3,2
528071096,3,-1,3,3,3,2
528071097,2,4,4,4,4,4
528071098,2,4,4,4,4,3
528071099,2,3,3,4,-1,3
528071100,2,2,-1,4,-1,-1
528071101,2,4,4,4,4,4
528071102,-5,-5,-5,-5,-5,-5
528071103,-1,3,3,4,4,-1
528071104,3,3,3,4,3,2
528071105,1,3,-1,3,-1,4
528071106,2,4,4,4,4,3
528071107,2,3,4,4,3,3
528071108,3,3,3,3,3,3
528071109,1,3,4,3,3,1
528071110,2,4,4,4,4,2
528071111,2,3,3,3,3,3
528071112,3,3,3,3,3,3
528071113,1,3,4,4,4,3
528071114,3,4,4,4,4,2
528071115,2,3,1,4,4,-1
528071116,2,2,3,3,3,3
528071117,3,4,4,4,4,-1
528071118,2,2,3,3,3,2
528071119,3,3,2,3,2,2
528071120,2,3,3,4,3,2
528071121,2,3,3,4,2,3
528071122,3,3,3,4,4,-1
528071123,2,3,2,1,2,3
528071124,3,4,4,4,4,2
528071125,2,2,3,3,3,-1
528071126,2,4,-1,-1,2,2
528071127,4,-1,3,3,3,-1
528071128,2,3,4,4,3,-1
528071129,2,4,4,4,4,3
528071130,2,4,4,4,4,2
528071131,3,3,4,4,4,4
528071132,3,3,3,3,3,-1
528071133,1,3,3,4,4,2
528071134,2,4,4,4,4,3
528071135,3,3,2,4,4,3
528071136,3,3,3,4,3,2
528071137,2,4,4,4,4,3
528071138,2,4,4,4,4,4
528071139,1,1,2,3,2,1
528071140,4,4,4,4,-1,3
528071141,-1,-1,-1,3,-1,-1
528071142,-1,3,3,4,4,2
528071143,2,3,4,3,2,2
528071144,2,4,4,4,4,3
528071145,2,4,4,4,4,1
528071146,2,4,3,4,4,-5
528071147,2,4,4,4,4,3
528071148,1,4,4,4,4,4
528071149,2,3,3,3,3,3
528071150,3,4,4,4,4,3
528071151,2,3,3,4,3,2
528071152,2,3,3,3,3,2
528071153,1,4,4,4,4,3
528071154,2,4,4,4,3,2
528071155,2,4,3,4,3,1
528071156,2,3,2,3,3,2
528071157,2,2,3,3,3,3
528071158,2,3,4,4,4,-1
528071159,2,2,2,2,2,2
528071160,1,4,3,4,3,3
528071161,2,4,4,4,4,4
528071162,1,4,4,4,4,3
528071163,2,3,4,4,4,2
528071164,2,4,2,4,3,3
528071165,2,3,3,3,3,3
528071166,3,2,4,4,4,3
528071167,2,3,3,3,3,3
528071168,3,3,4,3,4,2
528071169,2,4,4,4,4,2
528071170,2,3,4,4,4,3
528071171,3,3,4,4,4,2
528071172,2,3,4,4,4,1
528071173,3,4,3,4,3,3
528071174,3,4,4,4,4,3
528071175,2,4,3,3,3,-1
528071176,2,3,3,4,4,4
528071177,4,4,4,4,4,1
528071178,1,4,4,4,4,-1
528071179,-5,-5,4,4,-1,-2
528071180,2,3,3,3,3,2
528071181,2,4,3,4,4,4
528071182,2,3,3,3,3,2
528071183,2,3,4,4,4,3
528071184,2,3,3,3,3,3
528071185,2,3,3,3,3,3
528071186,3,4,3,3,4,-1
528071187,3,4,4,4,4,1
528071188,3,2,3,3,3,-5
528071189,1,4,3,4,3,1
528071190,2,4,3,4,4,3
528071191,2,4,3,3,3,2
528071192,-2,-2,-2,-2,-2,-2
528071193,3,4,4,4,4,-1
528071194,2,3,3,3,-1,-1
528071195,-1,3,3,3,3,2
528071196,2,3,3,4,4,2
528071197,4,4,4,4,4,3
528071198,3,4,4,4,4,4
528071199,2,4,4,4,4,4
528071200,3,3,4,4,4,3
528071201,1,3,3,3,3,1
528071202,2,4,4,4,3,4
528071203,1,4,4,4,4,3
528071204,2,4,4,4,4,4
528071205,2,3,3,3,3,2
528071206,3,2,2,4,3,1
528071207,3,4,4,4,4,2
528071208,4,3,4,4,4,2
528071209,-1,3,2,3,2,-1
528071210,1,4,4,4,4,4
528071211,2,3,4,4,4,2
528071212,3,3,3,4,3,2
528071213,-5,4,4,4,4,2
528071214,1,2,4,4,4,2
528071215,2,2,3,3,2,2
528071216,2,3,2,2,2,3
528071217,3,3,4,4,4,1
528071218,2,3,4,4,4,3
528071219,3,3,3,3,3,2
528071220,2,4,4,4,4,3
528071221,-1,-1,-1,-1,-1,-1
528071222,2,3,3,3,3,2
528071223,2,4,3,4,-1,2
528071224,2,3,3,3,3,3
528071225,3,3,4,4,4,-1
528071226,3,3,-1,3,-1,2
528071227,1,2,2,4,3,2
528071228,4,1,3,3,2,1
528071229,2,4,-1,4,4,2
528071230,2,4,4,4,4,3
528071231,2,2,3,4,2,1
528071232,4,3,4,4,4,-1
528071233,1,2,2,3,3,2
528071234,4,4,4,4,4,-1
528071235,3,4,3,3,3,3
528071236,1,3,4,4,4,2
528071237,1,4,-1,-1,-1,-1
528071238,1,3,4,4,4,2
528071239,1,4,4,4,4,-1
528071240,-5,3,-1,4,4,-1
528071241,1,4,4,4,4,4
528071242,3,4,4,4,4,1
528071243,4,3,3,3,3,-5
528071244,2,-1,4,4,3,1
528071245,3,3,3,3,3,-1
528071246,1,2,4,4,4,1
528071247,2,4,4,4,4,4
528071248,2,4,3,3,4,-1
528071249,2,3,3,3,3,3
528071250,1,4,4,4,4,2
528071251,-5,-5,-5,-5,-5,-5
528071252,2,2,3,4,3,3
528071253,4,4,4,4,4,1
528071254,3,3,4,4,4,3
528071255,3,3,3,3,3,3
528071256,2,3,4,4,4,2
528071257,2,4,4,4,4,2
528071258,2,3,2,4,2,-5
528071259,3,4,4,4,4,3
528071260,-2,-2,-2,-2,-2,-2
528071261,2,4,4,-1,3,1
528071262,2,3,4,4,4,-1
528071263,3,3,4,4,4,-1
528071264,2,3,3,3,3,2
528071265,4,2,4,4,3,3
528071266,2,4,4,4,4,4
528071267,3,4,4,4,4,-5
528071268,2,3,3,4,4,2
528071269,1,4,4,4,4,-1
528071270,2,-1,-1,3,-1,2
528071271,2,4,4,4,3,4
528071272,3,4,4,4,2,4
528071273,3,-1,3,3,2,2
528071274,2,4,4,4,4,2
528071275,2,3,3,3,3,3
528071276,2,4,4,4,4,2
528071277,3,4,4,4,4,3
528071278,3,4,3,3,3,2
528071279,4,3,3,3,3,-1
528071280,2,4,4,4,4,-1
528071281,2,4,4,4,4,3
528071282,2,-1,-1,4,-1,-1
528071283,2,4,4,4,3,1
528071284,4,2,4,4,4,1
528071285,3,4,4,4,4,2
528071286,2,3,-1,3,-1,-1
528071287,1,4,3,3,3,3
528071288,-1,2,-1,-1,-1,2
528071289,2,4,4,4,4,4
528071290,2,3,-1,3,-1,-1
528071291,1,1,4,4,4,2
528071292,2,3,3,3,3,4
528071293,2,3,4,4,4,2
528071294,-5,2,4,4,4,2
528071295,2,3,4,4,4,3
528071296,1,3,4,4,4,1
528071297,4,4,4,4,4,2
528071298,3,4,4,4,4,2
528071299,2,2,4,4,4,3
528071300,4,3,4,4,4,2
528071301,2,4,3,4,3,2
528071302,3,4,4,4,4,3
528071303,2,3,3,4,3,2
528071304,3,3,3,3,3,-1
528071305,3,3,3,3,3,3
528071306,1,-1,-1,-1,3,-1
528071307,2,4,4,4,4,2
528071308,2,3,3,3,3,-1
528071309,2,4,-1,3,-1,-1
528071310,2,4,4,4,4,-1
528071311,3,3,3,4,2,3
528071312,-1,4,4,4,4,-1
528071313,2,4,4,4,4,2
528071314,1,2,4,4,4,4
528071315,2,3,3,3,3,3
528071316,2,3,3,3,3,3
528071317,2,4,4,4,4,2
528071318,3,4,3,4,3,-1
528071319,3,3,3,4,4,1
528071320,2,3,4,4,4,3
528071321,3,3,3,3,3,3
528071322,4,-1,3,3,3,-2
528071323,1,4,4,4,4,4
528071324,2,4,4,4,4,2
528071325,2,3,3,4,3,-1
528071326,2,3,3,4,3,-1
528071327,-1,2,4,4,4,3
528071328,3,4,4,4,4,-1
528071329,3,3,3,-1,3,-1
528071330,2,4,4,4,4,1
528071331,1,4,4,4,4,4
528071332,2,4,3,3,3,-1
528071333,2,4,4,4,4,3
528071334,3,3,3,3,3,3
528071335,2,4,3,4,-1,3
528071336,3,3,-1,4,4,-1
528071337,3,4,4,4,4,3
528071338,2,3,3,4,4,3
528071339,3,4,3,3,3,3
528071340,2,3,3,4,4,3
528071341,4,3,2,-1,2,4
528071342,2,3,3,3,3,3
528071343,4,-2,-1,-1,-2,-1
528071344,2,3,3,3,2,-1
528071345,3,4,4,4,4,4
528071346,1,4,4,4,4,-1
528071347,3,3,3,3,3,3
528071348,2,3,4,1,3,2
528071349,3,3,3,3,3,3
528071350,-5,-5,-5,-5,-5,-5
528071351,1,4,4,4,4,1
528071352,2,4,4,4,-1,1
528071353,1,3,4,4,4,2
528071354,2,-1,4,4,4,-5
528071355,3,4,4,4,4,4
528071356,3,4,4,4,4,2
528071357,3,2,-1,3,4,-1
528071358,3,4,3,4,4,-1
528071359,3,3,3,3,2,-1
528071360,-2,-1,-1,-5,-1,-1
528071361,-1,3,3,4,-1,-1
528071362,3,3,3,3,3,3
528071363,1,3,3,3,3,3
528071364,2,3,4,4,4,3
528071365,3,4,4,4,4,2
528071366,2,3,3,3,3,-1
528071367,2,4,4,4,4,4
528071368,3,4,4,4,4,-1
528071369,3,3,3,3,3,3
528071370,1,1,4,4,4,1
528071371,3,3,3,3,4,1
528071372,3,3,3,4,3,3
528071373,3,2,-1,3,-1,1
528071374,2,4,4,4,4,3
528071375,3,4,4,4,4,3
528071376,2,3,3,4,3,3
528071377,4,3,2,3,2,-1
528071378,2,4,4,4,4,3
528071379,2,4,4,4,4,-1
528071380,2,4,4,4,4,2
528071381,2,4,4,4,4,4
528071382,2,4,2,4,4,1
528071383,2,3,3,4,4,2
528071384,2,3,4,4,4,3
528071385,2,4,4,4,4,4
528071386,2,4,4,4,4,2
528071387,2,4,3,4,4,2
528071388,2,3,3,4,4,2
528071389,-1,-1,-1,-1,-1,-1
528071390,1,4,3,3,3,-1
528071391,2,2,-5,-5,-5,2
528071392,2,3,3,3,3,3
528071393,2,4,4,4,4,4
528071394,3,3,3,3,3,2
528071395,2,3,-1,3,-1,2
528071396,2,3,3,3,3,2
528071397,2,3,3,4,-1,2
528071398,2,3,3,4,3,2
528071399,2,2,4,4,4,2
528071400,2,4,4,4,4,4
528071401,2,3,3,3,3,2
528071402,1,4,-1,4,4,2
528071403,3,4,4,4,4,2
528071404,-2,-2,-2,-2,-2,-2
528071405,3,4,4,4,4,3
528071406,2,3,3,3,3,3
528071407,-1,-1,-1,-1,-1,-1
528071408,2,4,4,4,4,1
528071409,3,3,3,3,3,4
528071410,2,3,3,3,3,2
528071411,1,2,1,1,1,2
528071412,3,3,3,3,3,3
528071413,3,4,3,4,3,3
528071414,2,4,3,4,3,-1
528071415,1,3,2,4,3,1
528071416,2,4,4,4,4,2
528071417,2,2,-1,4,2,2
528071418,2,2,4,4,4,-1
528071419,2,4,3,4,3,2
528071420,3,2,3,3,3,2
528071421,2,-5,-1,4,4,2
528071422,3,3,3,4,3,2
528071423,3,3,3,3,4,3
528071424,4,3,4,4,4,2
528071425,3,3,2,3,4,3
528071426,3,3,4,3,4,3
528071427,2,3,3,3,3,2
528071428,3,2,3,2,3,3
528071429,2,2,-1,3,-1,2
528071430,2,3,1,4,3,3
528071431,3,3,4,4,4,2
528071432,2,4,3,4,4,3
528071433,1,3,2,4,2,-1
528071434,2,3,4,4,4,3
528071435,2,3,3,4,3,2
528071436,2,1,3,3,3,3
528071437,3,3,2,2,2,2
528071438,3,4,-1,4,4,-1
528071439,1,4,4,4,4,4
528071440,3,4,4,4,4,3
528071441,2,4,4,4,4,3
528071442,2,3,3,4,4,3
528071443,1,4,3,4,3,-1
528071444,2,2,3,4,3,1
528071445,2,2,4,4,4,1
528071446,2,3,3,3,3,2
528071447,2,3,2,3,3,2
528071448,2,-1,3,3,-1,-1
528071449,2,2,4,4,4,2
528071450,-1,3,4,4,4,-1
528071451,3,4,3,4,4,2
528071452,-5,-5,-5,-5,-5,-5
528071453,2,3,2,3,2,3
528071454,-1,3,3,3,3,3
528071455,1,4,4,4,4,-1
528071456,2,2,2,3,2,2
528071457,3,4,3,2,2,3
528071458,1,2,3,3,3,1
528071459,-2,2,-1,-1,-1,-1
528071460,4,4,4,4,4,2
528071461,-5,3,3,4,3,-1
528071462,2,4,-1,4,4,-1
528071463,2,3,4,4,4,1
528071464,2,3,3,3,3,2
528071465,2,4,3,4,3,-1
528071466,3,4,4,4,4,2
528071467,3,4,4,4,4,3
528071468,3,4,4,4,4,3
528071469,3,3,3,2,3,-1
528071470,2,4,4,4,4,4
528071471,2,3,4,4,3,-1
528071472,2,4,4,4,4,3
528071473,2,3,4,4,4,3
528071474,1,3,4,4,4,-1
528071475,2,4,4,4,4,1
528071476,2,4,3,4,4,-1
528071477,2,4,3,3,3,2
528071478,3,4,4,4,4,-1
528071479,-1,3,3,3,3,3
528071480,2,2,3,3,3,2
528071481,-1,3,3,3,3,-1
528071482,2,3,4,4,4,3
528071483,2,3,4,4,4,2
528071484,1,2,2,4,3,2
528071485,3,3,-1,4,4,3
528071486,3,3,3,3,3,2
528071487,1,2,3,3,3,1
528071488,3,4,4,4,4,-1
528071489,-1,2,4,4,4,2
528071490,1,4,4,4,4,3
528071491,1,4,-1,4,-1,-1
528071492,2,3,4,4,4,2
528071493,2,3,4,4,4,3
528071494,2,3,4,4,4,2
528071495,2,4,4,4,4,3
528071496,1,3,4,4,4,2
528071497,2,3,4,3,4,2
528071498,4,2,4,4,4,1
528071499,2,4,4,4,4,2
528071500,2,3,4,4,4,-1
528071501,3,2,4,4,4,3
528071502,3,3,2,3,2,-1
528071503,2,-1,3,3,-1,-1
528071504,2,3,3,3,4,3
528071505,3,4,4,4,4,2
528071506,3,3,3,4,4,3
528071507,-5,4,4,4,4,4
528071508,2,3,3,3,3,2
528071509,2,3,4,4,4,-2
528071510,2,4,3,3,3,3
528071511,2,3,3,3,3,2
528071512,3,3,3,4,4,3
528071513,1,4,1,4,1,4
528071514,2,4,-1,4,4,3
528071515,2,3,4,4,4,-5
528071516,3,3,3,3,3,-1
528071517,2,4,4,4,4,4
528071518,2,3,4,3,4,2
528071519,1,4,-1,-1,-1,-1
528071520,2,2,4,4,3,-1
528071521,3,4,4,4,4,3
528071522,2,4,4,4,4,1
528071523,2,3,4,1,4,1
528071524,2,1,3,4,3,1
528071525,2,4,3,4,4,2
528071526,1,3,4,3,4,-1
528071527,2,4,3,4,4,2
528071528,3,3,4,4,3,3
528071529,2,3,3,3,3,2
528071530,-1,2,3,3,-1,2
528071531,2,4,-1,4,4,2
528071532,3,3,3,3,3,3
528071533,2,4,2,3,1,2
528071534,2,3,-1,3,3,2
528071535,1,4,3,4,4,4
528071536,2,4,4,4,4,3
528071537,2,2,2,2,2,2
528071538,2,-1,-1,3,3,2
528071539,3,2,2,2,3,2
528071540,2,3,3,4,4,2
528071541,2,2,3,4,3,2
528071542,2,4,4,4,4,4
528071543,3,3,3,4,3,1
528071544,2,4,4,4,4,3
528071545,2,4,4,4,4,-1
528071546,1,4,4,4,4,4
528071547,2,4,4,4,4,-1
528071548,4,4,4,4,4,2
528071549,2,3,3,4,2,-1
528071550,2,3,3,3,3,2
528071551,2,3,3,4,4,2
528071552,3,4,4,4,4,2
528071553,2,4,3,3,3,3
528071554,4,3,4,4,3,4
528071555,1,3,3,3,3,-1
528071556,3,4,4,4,4,-1
528071557,-1,3,4,4,4,3
528071558,2,4,-1,3,3,3
528071559,2,3,4,4,4,2
528071560,2,3,3,3,3,2
528071561,2,4,4,4,4,3
528071562,3,4,4,4,4,-1
528071563,4,4,4,4,4,3
528071564,2,4,4,4,4,-1
528071565,3,4,4,4,4,3
528071566,2,4,4,4,4,2
528071567,2,3,4,4,4,-1
528071568,3,2,2,3,3,1
528071569,2,3,3,3,3,-1
528071570,1,3,3,3,4,4
528071571,2,4,3,4,4,2
528071572,2,2,3,3,3,2
528071573,2,2,3,3,3,2
528071574,2,3,3,3,3,2
528071575,3,4,4,3,3,3
528071576,2,4,3,4,4,2
528071577,4,3,3,3,3,-1
528071578,2,3,4,3,-1,2
528071579,1,3,3,3,3,2
528071580,3,4,4,4,4,3
528071581,2,4,2,3,1,3
528071582,1,4,4,4,4,3
528071583,3,4,4,4,4,4
528071584,4,3,4,4,4,-1
528071585,2,4,4,4,4,3
528071586,2,3,3,4,-1,-1
528071587,2,4,3,3,3,3
528071588,2,4,4,4,4,2
528071589,1,-1,3,3,3,2
528071590,3,3,4,4,4,-1
528071591,2,4,-1,4,4,3
528071592,2,4,4,4,4,3
528071593,3,2,-1,3,-1,2
528071594,-1,3,-1,3,3,1
528071595,2,4,4,4,4,4
528071596,2,2,2,1,1,2
528071597,2,3,4,4,4,2
528071598,2,3,3,3,3,-1
528071599,4,4,4,4,4,2
528071600,2,2,2,2,3,2
528071601,2,4,4,4,4,3
528071602,-5,-5,-5,-5,-5,-5
528071603,-1,-1,-1,-1,-1,-1
528071604,3,4,4,4,4,-1
528071605,1,3,4,4,4,2
528071606,2,3,-1,4,3,2
528071607,2,4,4,4,4,3
528071608,-5,3,4,4,3,2
528071609,4,4,4,4,4,2
528071610,4,2,3,3,3,3
528071611,4,3,4,4,4,-1
528071612,1,2,3,4,3,1
528071613,1,4,3,4,4,4
528071614,2,3,4,4,4,3
528071615,2,3,3,4,2,2
528071616,3,3,3,4,3,-1
528071617,2,3,4,4,4,4
528071618,2,3,3,4,4,3
528071619,3,3,4,4,4,-1
528071620,1,3,4,4,4,1
528071621,2,4,4,4,4,1
528071622,1,3,3,3,3,3
528071623,2,4,4,3,3,3
528071624,1,4,2,4,2,-1
528071625,3,3,4,4,3,-1
528071626,2,4,4,4,4,1
528071627,2,4,4,4,4,3
528071628,2,3,3,3,3,4
528071629,3,4,3,3,3,2
528071630,2,4,4,4,4,3
528071631,2,1,3,4,4,1
528071632,2,4,4,4,4,3
528071633,2,3,3,3,3,2
528071634,3,4,3,3,3,3
528071635,2,4,4,4,4,4
528071636,2,4,4,4,4,3
528071637,2,4,4,4,4,2
528071638,3,4,4,4,4,2
528071639,2,4,4,4,4,4
528071640,1,3,3,4,3,2
528071641,3,4,4,4,4,4
528071642,1,3,3,4,3,4
528071643,2,3,4,4,4,3
528071644,2,-1,-1,4,-1,-1
528071645,2,4,4,4,4,3
528071646,2,4,3,3,3,3
528071647,2,4,3,4,4,2
528071648,3,4,4,4,4,-1
528071649,1,4,4,4,4,2
528071650,-5,3,4,4,4,-1
528071651,2,3,3,3,3,3
528071652,3,3,3,2,3,2
528071653,1,4,4,4,4,-1
528071654,2,3,3,3,3,3
528071655,-5,-5,-5,-5,-5,-5
528071656,3,3,4,4,4,2
528071657,3,3,3,3,3,2
528071658,1,4,2,4,2,3
528071659,2,4,3,4,4,3
528071660,2,3,2,3,2,2
528071661,3,4,4,4,4,4
528071662,3,3,3,3,3,3
528071663,2,3,3,3,4,3
528071664,1,4,4,4,4,2
528071665,3,2,3,4,3,2
528071666,1,4,4,3,4,1
528071667,1,4,4,4,4,4
528071668,4,2,1,4,1,2
528071669,2,3,3,3,3,3
528071670,3,3,4,4,4,-1
528071671,3,4,4,4,4,2
528071672,3,1,2,2,2,2
528071673,2,3,3,3,3,1
528071674,2,3,4,4,-1,2
528071675,2,4,4,4,3,1
528071676,2,3,3,4,4,3
528071677,2,4,4,4,4,2
528071678,1,1,3,3,3,2
528071679,1,4,4,4,4,1
528071680,3,3,3,3,3,-1
528071681,4,4,4,4,4,3
528071682,2,3,3,3,3,4
528071683,2,4,4,4,4,3
528071684,2,3,2,3,2,2
528071685,3,3,4,4,4,3
528071686,3,4,3,4,3,2
528071687,3,3,3,3,3,2
528071688,2,3,3,3,3,4
528071689,1,4,3,4,3,-1
528071690,2,4,3,3,3,3
528071691,2,4,4,4,4,3
528071692,1,3,3,3,3,3
528071693,2,2,3,1,2,2
528071694,4,4,4,4,4,4
528071695,1,3,-1,-1,-1,-1
528071696,3,4,4,4,4,-1
528071697,3,4,4,4,4,4
528071698,3,2,3,3,3,2
528071699,2,4,4,4,3,1
528071700,2,3,3,3,3,2
528071701,3,4,4,4,4,2
528071702,2,2,3,3,3,-1
528071703,3,3,3,3,3,2
528071704,2,3,4,4,4,3
528071705,2,3,3,4,4,3
528071706,2,3,3,3,3,2
528071707,2,-1,3,3,3,-1
528071708,3,4,4,4,4,3
528071709,-1,-1,-1,-1,-1,-1
528071710,2,3,4,4,3,-1
528071711,2,4,4,4,4,4
528071712,2,4,4,4,4,-1
528071713,2,3,4,3,3,2
528071714,-1,4,4,4,4,-1
528071715,2,2,2,2,3,-1
528071716,2,2,-1,3,-1,2
528071717,3,3,3,3,3,3
528071718,2,4,4,4,4,1
528071719,2,3,3,3,3,2
528071720,2,4,3,4,3,3
528071721,1,3,2,2,2,3
528071722,3,2,4,4,4,2
528071723,4,4,4,4,4,-2
528071724,2,3,4,4,3,2
528071725,2,4,4,4,4,3
528071726,-1,3,4,4,4,-1
528071727,-2,-5,-5,-5,4,4
528071728,2,4,4,4,4,3
528071729,1,4,3,4,4,3
528071730,2,3,4,4,4,3
528071731,3,3,3,3,3,-1
528071732,2,3,3,3,3,-1
528071733,-1,-1,-1,-1,-1,-1
528071734,-1,-1,3,4,3,3
528071735,2,4,4,4,4,3
528071736,-1,-5,3,3,3,2
528071737,2,2,-1,4,3,2
528071738,2,4,4,3,3,3
528071739,3,4,4,4,4,2
528071740,2,3,4,4,4,3
528071741,3,4,4,4,4,3
528071742,2,4,4,4,3,4
528071743,4,4,4,4,4,4
528071744,3,3,4,4,4,2
528071745,3,-1,4,4,2,2
528071746,2,3,3,3,3,2
528071747,2,3,4,4,4,4
528071748,1,2,3,3,3,2
528071749,2,4,4,4,4,-1
528071750,2,3,1,4,1,1
528071751,2,4,-5,-5,-5,2
528071752,2,3,3,3,3,3
528071753,2,2,3,3,3,3
528071754,2,4,4,4,4,2
528071755,1,1,1,1,1,1
528071756,2,3,2,3,3,2
528071757,2,3,3,3,3,2
528071758,3,3,-1,3,-1,3
528071759,3,2,2,3,2,2
528071760,3,4,4,4,4,-1
528071761,1,4,4,4,4,3
528071762,2,4,4,4,4,2
528071763,2,3,4,3,3,3
528071764,3,4,3,4,3,-1
528071765,3,4,3,4,4,-1
528071766,-1,3,4,4,4,-1
528071767,-1,4,4,4,4,3
528071768,2,4,4,4,4,4
528071769,3,3,3,3,3,3
528071770,3,2,3,-1,3,3
528071771,2,3,3,3,3,4
528071772,2,4,4,4,4,-1
528071773,1,4,3,4,3,3
528071774,2,-1,2,1,2,4
528071775,1,3,4,3,3,2
528071776,2,3,3,3,3,2
528071777,2,3,3,3,4,3
528071778,2,3,3,3,3,3
528071779,3,-1,-1,4,-1,-1
528071780,1,-1,4,4,4,-1
528071781,1,1,-1,4,4,1
528071782,2,4,4,4,4,2
528071783,3,3,3,4,4,2
528071784,1,3,3,3,3,3
528071785,4,2,2,4,1,2
528071786,1,4,4,4,4,-1
528071787,2,2,3,4,4,2
528071788,2,4,3,4,4,2
528071789,3,4,-1,2,2,4
528071790,2,4,4,4,4,-1
528071791,2,-1,4,4,4,3
528071792,2,4,4,4,4,2
528071793,2,3,3,3,3,3
528071794,3,3,4,4,4,3
528071795,1,3,4,4,4,2
528071796,2,3,4,4,4,3
528071797,2,4,4,4,4,2
528071798,2,3,4,2,3,2
528071799,2,2,-1,2,2,3
528071800,2,2,2,3,2,1
528071801,2,4,3,3,3,-1
528071802,3,4,4,4,4,3
528071803,3,3,4,4,3,2
528071804,1,4,4,4,4,3
528071805,2,3,3,3,3,3
528071806,2,4,4,4,4,-1
528071807,2,3,4,4,4,3
528071808,3,3,4,4,4,2
528071809,4,3,3,3,3,-1
528071810,1,4,-1,4,4,3
528071811,2,3,3,4,3,1
528071812,3,4,4,4,4,1
528071813,2,4,3,4,4,-1
528071814,2,3,3,4,3,2
528071815,3,4,3,4,3,3
528071816,1,-1,-1,-1,-1,-1
528071817,1,4,4,3,4,2
528071818,1,4,4,4,4,-1
528071819,2,3,4,4,4,3
528071820,3,4,4,4,3,3
528071821,2,3,2,3,2,2
528071822,1,2,3,3,3,3
528071823,2,4,4,4,4,4
528071824,3,4,4,4,4,3
528071825,2,4,4,4,4,2
528071826,2,3,-1,-1,-1,2
528071827,4,2,3,3,3,-1
528071828,3,4,4,4,4,3
528071829,3,3,-1,-1,-1,3
528071830,2,3,3,4,4,3
528071831,3,2,1,3,1,3
528071832,2,3,4,4,4,3
528071833,2,3,-1,2,2,2
528071834,2,4,4,4,4,3
528071835,3,3,4,4,-1,2
528071836,2,3,3,3,3,2
528071837,1,3,4,4,3,4
528071838,3,3,3,3,3,2
528071839,2,-1,-1,3,3,-1
528071840,1,3,4,3,3,2
528071841,3,4,4,4,4,3
528071842,2,3,3,4,3,2
528071843,4,3,3,3,3,-1
528071844,2,4,3,4,3,2
528071845,2,2,3,4,3,2
528071846,2,3,3,4,3,4
528071847,3,2,3,3,3,2
528071848,2,3,3,4,4,3
528071849,3,3,3,4,3,2
528071850,3,-1,3,3,3,3
528071851,2,3,3,3,3,-1
528071852,2,2,3,2,-1,2
528071853,2,4,4,4,4,2
528071854,1,3,4,4,4,3
528071855,3,1,3,4,4,2
528071856,1,3,3,4,3,4
528071857,2,3,4,4,4,-1
528071858,2,3,3,4,4,1
528071859,4,2,4,4,4,2
528071860,3,4,4,4,4,3
528071861,2,3,3,4,4,2
528071862,2,4,4,4,4,2
528071863,2,2,3,4,4,2
528071864,3,3,3,3,3,3
528071865,2,4,4,4,4,4
528071866,-1,4,4,4,4,-1
528071867,2,4,4,4,4,-1
528071868,2,3,3,3,3,3
528071869,2,4,3,4,3,-1
528071870,2,3,3,3,3,2
528071871,2,3,4,4,4,3
528071872,-1,4,3,4,4,1
528071873,3,3,4,4,4,2
528071874,3,3,3,4,3,3
528071875,1,3,2,4,2,2
528071876,2,3,3,2,3,3
528071877,2,3,4,4,4,2
528071878,2,3,4,4,3,3
528071879,2,4,4,4,4,-1
528071880,3,4,4,4,4,3
528071881,-1,-1,-1,-1,-1,-1
528071882,4,-1,4,3,2,1
528071883,4,4,4,4,4,4
528071884,3,4,4,4,4,2
528071885,2,3,3,4,3,-1
528071886,-1,-1,4,4,4,1
528071887,2,3,3,3,3,2
528071888,2,4,4,4,4,3
528071889,3,3,4,4,4,2
528071890,2,4,4,4,4,-1
528071891,2,4,4,4,4,4
528071892,2,4,4,4,4,3
528071893,1,3,4,3,3,-1
528071894,2,2,3,3,3,2
528071895,2,3,3,2,3,1
528071896,2,4,4,4,4,-1
528071897,-1,3,4,4,4,3
528071898,2,2,3,3,3,2
528071899,3,3,3,3,4,3
528071900,2,3,3,3,3,2
528071901,3,3,4,4,4,-1
528071902,2,2,3,4,3,3
528071903,2,3,3,4,3,3
528071904,3,3,4,4,4,3
528071905,2,4,-1,4,-1,-1
528071906,2,3,3,3,3,2
528071907,3,3,3,3,3,3
528071908,2,4,4,4,4,4
528071909,2,4,3,4,4,1
528071910,2,4,3,4,3,-1
528071911,3,4,3,4,3,-1
528071912,1,3,3,3,3,3
528071913,3,3,4,3,3,3
528071914,2,2,4,4,4,4
528071915,1,3,4,4,4,4
528071916,2,4,4,4,4,3
528071917,4,4,4,4,4,3
528071918,2,4,4,4,4,-1
528071919,3,2,4,4,4,2
528071920,2,3,3,3,3,-1
528071921,1,3,4,4,4,4
528071922,3,4,4,4,4,-1
528071923,2,3,3,4,3,2
528071924,2,4,4,4,4,3
528071925,2,4,4,4,4,4
528071926,-1,3,4,3,4,3
528071927,2,2,4,4,4,2
528071928,1,3,4,3,3,2
528071929,3,3,3,3,3,-1
528071930,2,2,3,3,3,2
528071931,2,4,4,4,4,1
528071932,2,3,4,4,4,-1
528071933,1,3,3,3,3,2
528071934,2,3,4,4,4,2
528071935,2,2,3,1,3,2
528071936,2,2,3,3,3,1
528071937,3,2,4,4,4,-1
528071938,3,4,4,4,4,4
528071939,4,4,3,4,4,2
528071940,2,4,4,4,4,-1
528071941,1,3,-1,4,3,2
528071942,4,4,4,4,4,2
528071943,2,4,3,4,3,3
528071944,2,3,4,4,3,2
528071945,2,3,3,3,3,2
528071946,-1,4,4,4,4,1
528071947,2,3,4,3,4,2
528071948,2,4,4,4,4,4
528071949,3,3,3,3,3,-1
528071950,2,4,4,4,4,4
528071951,1,2,1,4,2,-1
528071952,1,4,4,4,4,4
528071953,3,1,1,2,1,2
528071954,2,4,3,4,-1,4
528071955,2,3,3,3,3,2
528071956,2,4,-1,4,3,4
528071957,2,4,4,4,4,2
528071958,3,-1,4,4,4,2
528071959,2,3,4,4,4,2
528071960,3,3,-1,3,-1,-1
528071961,3,4,3,3,3,3
528071962,4,2,4,4,4,3
528071963,3,4,4,4,4,-1
528071964,3,3,-1,4,3,3
528071965,3,4,4,4,4,1
528071966,2,2,4,4,4,1
528071967,2,3,4,4,4,2
528071968,1,3,3,3,3,2
528071969,2,3,3,3,3,2
528071970,4,3,3,3,4,3
528071971,2,3,3,4,4,4
528071972,1,3,4,4,4,3
528071973,2,3,3,4,4,1
528071974,4,4,4,4,4,2
528071975,2,4,4,1,4,4
528071976,2,2,4,3,4,2
528071977,3,4,3,4,3,2
528071978,1,3,3,3,3,4
528071979,1,-1,-1,3,3,2
528071980,2,-1,4,4,4,-1
528071981,1,4,4,4,4,3
528071982,2,3,3,3,3,2
528071983,2,4,4,4,4,3
528071984,3,4,-1,3,3,3
528071985,3,4,4,4,4,-1
528071986,1,4,4,4,4,1
528071987,4,4,4,4,4,4
528071988,2,2,3,3,3,3
528071989,3,3,4,4,4,4
528071990,2,3,2,4,2,2
528071991,2,3,3,3,3,2
528071992,3,3,3,3,3,2
528071993,2,4,4,4,4,3
528071994,2,3,3,3,4,2
528071995,2,3,3,3,3,2
528071996,2,-1,-1,3,3,4
528071997,2,4,3,4,4,2
528071998,1,4,4,4,4,3
528071999,1,2,3,3,3,3
528072000,3,3,3,3,3,2
528072001,3,3,4,4,4,-5
528072002,3,3,4,4,3,2
528072003,2,3,3,3,3,3
528072004,2,3,3,4,3,1
528072005,2,3,3,3,2,-1
528072006,1,4,4,4,4,-1
528072007,2,3,-1,4,-1,1
528072008,4,4,4,4,4,2
528072009,-5,2,4,4,4,-1
528072010,3,3,3,3,3,4
528072011,2,4,4,4,4,-1
528072012,3,1,2,3,2,1
528072013,2,2,1,3,2,4
528072014,-2,-2,-2,-2,-2,-2
528072015,2,4,-1,4,4,1
528072016,2,3,3,4,4,2
528072017,2,-1,3,3,3,2
528072018,1,1,2,3,2,4
528072019,3,3,3,4,2,3
528072020,4,4,4,4,4,4
528072021,1,3,4,4,4,3
528072022,1,3,3,3,3,2
528072023,2,3,4,4,4,3
528072024,4,4,4,4,4,2
528072025,3,3,3,3,3,2
528072026,2,3,3,3,3,2
528072027,2,4,4,4,4,-1
528072028,2,4,4,4,4,3
528072029,2,3,3,3,3,-1
528072030,3,4,3,4,4,3
528072031,2,3,4,4,4,2
528072032,1,-1,3,3,3,3
528072033,2,3,3,3,3,3
528072034,2,4,3,4,3,3
528072035,2,3,3,3,3,-1
528072036,2,2,2,3,1,3
528072037,2,4,4,4,4,3
528072038,3,3,4,4,4,3
528072039,2,3,2,3,-1,-1
528072040,2,4,4,4,4,3
528072041,3,4,4,4,4,3
528072042,3,3,3,3,3,2
528072043,2,4,3,3,3,-1
528072044,2,3,4,4,4,-1
528072045,3,3,3,3,3,2
528072046,4,4,4,4,4,3
528072047,3,3,3,3,3,2
528072048,3,4,4,4,4,-1
528072049,3,3,4,4,4,-1
528072050,-1,3,3,3,3,-1
528072051,2,3,3,3,3,2
528072052,3,1,1,1,1,2
528072053,2,2,3,3,3,-1
528072054,2,-1,4,4,4,-1
528072055,-1,3,3,4,3,2
528072056,2,3,4,4,4,4
528072057,2,4,4,4,4,3
528072058,2,4,4,4,2,2
528072059,4,4,4,4,4,1
528072060,3,3,3,3,3,3
528072061,2,3,3,4,3,2
528072062,3,4,4,4,4,3
528072063,2,3,3,4,4,2
528072064,2,3,3,3,3,1
528072065,4,3,4,4,4,3
528072066,2,3,3,3,3,2
528072067,2,3,3,3,3,2
528072068,3,4,4,4,4,4
528072069,-1,4,4,4,4,-5
528072070,2,4,4,4,3,3
528072071,1,2,3,3,-1,2
528072072,2,-1,-1,4,3,3
528072073,3,4,4,4,4,3
528072074,2,3,4,4,4,4
528072075,2,-1,-1,3,3,-1
528072076,3,3,3,3,3,3
528072077,3,3,4,4,4,-1
528072078,2,3,4,4,3,2
528072079,2,3,2,3,3,2
528072080,3,4,4,4,4,3
528072081,3,4,4,4,4,4
528072082,-1,3,3,4,4,3
528072083,4,4,4,4,4,4
528072084,2,3,4,4,4,3
528072085,2,4,3,4,3,2
528072086,3,2,4,4,4,3
528072087,1,4,4,4,4,3
528072088,1,4,4,4,4,2
528072089,2,4,4,4,4,4
528072090,-1,4,4,4,4,3
528072091,2,4,4,4,4,3
528072092,1,3,2,4,1,4
528072093,2,3,3,3,3,3
528072094,2,3,3,3,3,3
528072095,1,3,3,1,3,1
528072096,-1,4,4,4,-1,4
528072097,2,4,4,4,4,3
528072098,2,2,2,3,2,2
528072099,3,3,3,4,3,2
528072100,2,4,4,4,4,2
528072101,2,3,3,3,3,-1
528072102,-5,-5,-5,-5,-5,-5
528072103,1,2,4,4,4,4
528072104,3,4,4,4,4,3
528072105,2,3,4,4,4,2
528072106,2,3,4,4,4,4
528072107,2,4,4,4,4,-1
528072108,3,4,4,4,4,-1
528072109,2,3,3,3,3,4
528072110,3,2,3,3,3,2
528072111,1,4,3,4,3,-1
528072112,1,4,4,4,4,2
528072113,1,3,3,4,4,2
528072114,3,4,4,4,4,2
528072115,2,2,3,3,3,2
528072116,2,-5,2,4,3,2
528072117,2,3,4,-1,-1,-1
528072118,3,3,3,4,3,3
528072119,2,2,3,3,3,3
528072120,2,2,3,1,3,-1
528072121,-1,3,3,3,3,2
528072122,2,4,4,4,4,3
528072123,2,4,4,4,4,2
528072124,4,-1,3,4,-1,-1
528072125,3,4,4,4,4,3
528072126,-1,3,3,3,3,-1
528072127,-1,4,4,4,4,-1
528072128,2,3,3,3,-1,-1
528072129,3,3,3,3,3,-1
528072130,2,4,3,4,4,3
528072131,2,3,3,2,3,2
528072132,1,3,-1,-1,2,3
528072133,1,3,3,3,3,2
528072134,3,4,3,4,4,4
528072135,1,3,4,4,4,-1
528072136,2,2,4,4,4,2
528072137,2,3,3,4,3,3
528072138,3,4,4,4,4,2
528072139,1,2,-1,4,2,1
528072140,2,4,4,4,4,3
528072141,2,2,3,3,3,2
528072142,2,4,4,4,4,4
528072143,2,2,3,4,4,2
528072144,2,4,3,4,3,2
528072145,1,3,4,4,4,1
