D_INTERVIEW,Q64,Q65,Q66,Q67,Q68,Q69,Q70,Q71,Q72,Q73,Q74,Q75,Q76,Q77,Q78,Q79,Q80,Q81
276070001,4,4,3,2,4,1,1,2,2,2,1,1,3,4,2,4,4,4
276070002,2,2,3,3,2,2,2,2,2,2,2,3,2,3,2,2,2,2
276070003,2,2,2,2,3,1,1,3,3,2,2,2,1,3,4,2,3,2
276070004,3,2,2,3,2,2,2,2,3,3,2,2,1,3,3,1,1,2
276070005,4,2,3,3,3,3,3,3,3,3,3,3,3,3,3,3,2,3
276070006,3,2,2,2,2,2,2,2,3,2,2,2,1,3,3,2,2,2
276070007,2,3,3,3,4,3,3,3,4,4,4,3,3,4,4,2,-1,4
276070008,3,-1,4,2,-1,2,3,4,4,4,3,-1,3,3,3,3,2,4
276070009,4,3,4,4,3,4,3,4,4,4,3,2,2,4,4,3,-1,4
276070010,4,3,3,3,4,3,4,3,3,4,3,2,3,3,3,3,-1,3
276070011,2,2,3,3,2,2,2,3,3,3,2,2,2,3,3,2,2,2
276070012,2,3,3,3,3,1,3,4,4,4,4,2,3,3,3,2,2,3
276070013,4,3,3,3,3,3,3,4,4,4,3,3,4,4,4,3,3,3
276070014,3,3,3,3,2,2,2,4,4,4,2,1,1,3,3,2,2,1
276070015,4,3,3,3,2,2,1,2,3,2,-1,2,1,4,3,2,-1,2
276070016,2,3,3,4,-1,2,2,2,3,-1,2,2,2,2,2,2,2,-1
276070017,4,2,3,3,2,2,2,2,3,2,2,2,2,3,3,2,2,3
276070018,3,3,3,3,3,2,2,3,3,3,3,3,2,4,4,3,-1,3
276070019,2,3,2,2,3,4,3,3,3,3,2,2,2,3,3,2,2,2
276070020,3,4,2,2,1,2,2,3,3,3,2,2,2,3,4,1,2,2
276070021,2,3,2,2,2,1,1,2,2,2,2,2,2,3,3,1,2,2
276070022,1,-1,3,3,-1,-1,-1,2,3,3,2,2,2,3,3,3,-1,2
276070023,3,2,3,3,3,1,2,3,3,3,3,2,2,4,3,3,3,3
276070024,4,3,2,2,4,3,4,3,3,3,3,2,2,3,4,3,-1,3
276070025,3,4,3,2,2,2,-1,3,3,3,2,2,2,3,3,2,2,2
276070026,1,-1,3,3,2,2,2,3,3,2,2,-1,3,2,2,2,3,3
276070027,3,2,2,3,3,2,2,2,3,3,2,2,2,3,3,2,3,3
276070028,2,3,3,3,2,2,3,3,2,3,3,2,2,3,3,2,2,3
276070029,3,3,2,2,3,2,3,2,3,2,2,4,1,4,3,2,2,2
276070030,4,2,4,4,2,4,2,4,2,3,3,3,4,3,3,3,3,3
276070031,-1,-1,3,3,-1,2,2,-1,-1,-1,2,2,2,3,3,-1,2,2
276070032,3,2,2,2,2,2,2,2,3,-1,2,2,1,3,4,3,3,3
276070033,3,2,2,3,3,1,2,2,2,2,2,2,2,2,3,2,2,2
276070034,3,2,2,3,2,2,2,2,2,2,2,2,2,3,3,2,2,1
276070035,4,2,2,2,2,2,4,4,3,3,2,2,2,3,4,2,2,2
276070036,3,3,3,3,2,2,3,3,3,3,3,3,3,4,4,4,2,2
276070037,3,3,2,2,2,2,2,3,3,3,3,2,2,3,3,2,-1,2
276070038,2,2,2,2,2,2,2,2,2,2,2,2,2,2,2,2,2,2
276070039,-2,3,2,2,2,2,2,2,2,2,2,2,1,2,2,4,2,2
276070040,-1,-1,3,4,2,3,3,3,3,3,-1,2,4,3,3,2,2,2
276070041,2,2,2,2,3,2,2,2,2,2,2,2,2,2,3,2,2,2
276070042,3,2,3,3,3,2,2,3,3,3,2,2,1,2,3,2,2,2
276070043,3,3,2,3,2,2,2,2,2,2,2,2,2,3,3,2,-1,2
276070044,3,3,3,3,3,2,3,3,3,3,3,2,2,3,3,2,3,3
276070045,-1,2,4,3,3,1,2,3,3,3,2,-1,3,-1,2,1,-1,2
276070046,2,2,4,2,2,2,2,2,2,2,1,2,3,2,2,1,-1,2
276070047,4,4,4,2,-1,2,-1,3,4,3,2,-1,2,3,2,4,-1,-1
276070048,1,-1,2,3,3,1,1,1,2,1,2,2,1,3,3,2,2,1
276070049,3,3,3,3,3,2,2,2,2,2,2,2,1,3,3,3,3,3
276070050,2,3,3,3,3,2,1,2,2,2,2,2,2,3,3,2,2,2
276070051,2,3,3,3,-1,2,2,2,3,3,2,-1,2,2,2,3,3,3
276070052,4,-1,2,2,-1,2,3,3,3,3,-1,-1,2,4,3,2,3,4
276070053,4,3,3,3,3,3,3,3,3,3,3,2,3,4,4,2,2,2
276070054,3,2,2,2,-2,2,3,2,2,2,3,-1,2,3,2,2,-1,3
276070055,-1,-1,3,3,3,2,2,3,-1,3,2,1,2,3,3,3,-1,2
276070056,-1,2,3,3,2,2,2,3,3,3,2,2,3,3,2,1,1,2
276070057,2,3,4,4,2,1,3,3,3,3,1,1,3,2,3,3,-1,3
276070058,3,2,2,3,2,2,2,2,2,2,3,2,2,3,3,2,2,2
276070059,2,2,2,2,2,2,2,3,3,3,2,2,2,3,3,2,2,2
276070060,4,4,4,4,4,3,4,4,4,4,3,3,3,3,4,3,3,2
276070061,3,2,3,3,4,2,3,2,3,2,2,2,3,2,4,2,2,2
276070062,3,3,3,3,2,3,3,3,3,2,3,2,2,3,3,2,2,2
276070063,3,3,2,2,2,3,2,3,3,2,2,2,1,2,3,2,2,2
276070064,3,3,3,3,3,2,2,3,3,3,3,2,2,2,2,3,3,3
276070065,4,4,4,4,2,1,2,3,3,3,2,2,1,4,4,3,2,3
276070066,2,3,3,3,2,2,2,3,2,3,2,2,2,3,2,2,2,2
276070067,-1,-1,2,2,3,2,2,2,4,3,2,3,1,3,2,2,3,3
276070068,-2,-1,3,2,2,2,-2,4,4,4,2,1,-2,-1,3,1,1,1
276070069,-1,-1,-1,-1,-1,2,-1,2,-1,-1,2,2,1,4,3,1,1,2
276070070,2,2,2,2,2,2,1,2,2,2,2,2,1,3,3,2,2,2
276070071,3,3,3,3,1,3,3,3,3,3,4,1,4,4,4,4,3,2
276070072,4,3,1,1,2,2,4,4,3,3,4,2,3,3,4,4,3,2
276070073,2,3,2,3,4,3,3,3,3,3,3,3,3,3,3,3,3,3
276070074,3,2,2,2,2,2,1,2,2,2,2,2,2,3,3,2,2,2
276070075,3,3,3,3,3,2,3,3,3,3,2,2,2,4,4,1,1,1
276070076,2,2,3,3,3,2,2,2,2,2,3,2,2,3,2,2,2,2
276070077,3,3,4,3,3,1,2,3,4,2,2,2,1,3,3,3,2,2
276070078,4,-1,4,4,4,4,3,4,4,4,4,-1,4,4,4,4,-1,4
276070079,3,3,2,2,3,1,2,2,3,2,2,2,2,3,2,2,2,2
276070080,3,1,2,2,1,1,1,2,2,2,1,1,2,2,1,2,2,2
276070081,3,3,4,3,3,2,2,3,3,3,2,2,2,3,3,2,2,2
276070082,4,3,4,4,4,2,2,3,4,3,3,2,3,3,3,3,2,2
276070083,4,3,2,2,2,1,3,4,4,4,3,-1,4,4,4,3,2,2
276070084,3,2,2,2,3,2,2,2,3,2,3,2,2,2,3,4,3,3
276070085,4,-1,4,4,-1,4,4,4,4,-1,4,4,4,4,3,3,3,3
276070086,3,1,2,3,4,1,2,2,2,2,3,1,1,2,3,2,2,2
276070087,2,2,2,2,2,2,2,3,3,3,3,2,2,3,3,2,2,2
276070088,2,2,3,4,3,2,2,3,3,3,2,1,2,4,2,2,3,2
276070089,3,2,2,3,3,2,2,3,3,3,2,2,2,3,3,3,3,2
276070090,4,2,4,3,2,2,2,3,3,3,2,2,1,3,3,2,2,3
276070091,3,3,2,2,2,2,1,3,3,2,3,2,1,3,2,2,2,2
276070092,3,4,2,3,3,2,1,3,3,3,2,2,2,3,3,2,3,2
276070093,4,3,3,4,4,2,2,3,3,4,2,2,3,2,4,2,3,4
276070094,-2,3,3,3,3,2,3,4,4,4,4,2,2,4,3,2,-1,3
276070095,2,2,3,2,-1,1,2,3,3,3,2,2,1,3,3,1,2,3
276070096,2,2,3,2,2,1,1,2,2,2,2,2,2,3,3,3,3,3
276070097,3,2,3,3,3,2,2,3,4,3,3,2,2,3,4,2,3,2
276070098,3,2,2,2,3,2,2,3,3,3,3,2,2,2,2,2,-1,2
276070099,3,3,3,3,3,3,3,3,3,3,3,3,3,3,3,3,3,3
276070100,3,2,3,2,1,2,3,3,3,3,2,1,2,2,3,2,2,2
276070101,3,-1,3,3,-1,2,2,3,3,3,2,-1,2,3,3,-1,-1,2
276070102,2,2,4,4,-1,1,1,2,2,1,1,-1,-1,2,2,2,2,1
276070103,2,2,3,3,-1,4,1,3,2,3,1,3,1,2,2,1,1,1
276070104,3,3,3,3,3,1,2,3,3,3,3,-1,2,3,3,-1,-1,2
276070105,3,2,3,3,2,1,1,2,2,2,2,2,2,2,2,2,2,2
276070106,3,2,3,3,2,2,2,3,3,3,3,2,2,3,3,3,-1,3
276070107,3,2,4,3,1,1,1,2,3,3,2,2,1,4,4,2,3,2
276070108,-1,-1,2,2,-1,1,1,-1,-1,2,-1,2,2,1,2,-1,-1,-1
276070109,2,3,3,3,2,2,2,2,3,3,3,3,2,4,4,1,2,1
276070110,4,3,3,3,3,2,2,2,4,3,3,3,3,3,3,3,3,3
276070111,3,2,3,3,2,2,3,3,4,3,3,2,2,3,2,1,2,1
276070112,2,2,2,2,3,3,3,2,2,1,2,1,1,3,3,1,2,1
276070113,4,2,3,3,-2,3,3,3,3,3,3,2,2,3,4,2,3,3
276070114,3,3,4,4,4,3,3,3,3,3,3,3,1,4,4,3,3,3
276070115,4,3,3,3,2,2,2,3,3,3,2,-1,3,3,4,3,3,3
276070116,3,2,2,1,2,1,3,2,3,3,2,2,3,1,2,1,1,1
276070117,3,2,2,3,2,2,2,2,3,2,2,2,2,2,3,3,-1,3
276070118,2,2,1,2,2,1,1,2,2,2,2,1,2,1,1,2,2,3
276070119,2,2,3,1,1,3,2,2,2,2,3,2,3,3,1,3,2,3
276070120,3,2,3,3,2,2,2,3,3,3,2,-1,2,3,4,2,-1,3
276070121,4,2,1,2,2,1,1,2,3,2,2,1,2,2,1,1,2,1
276070122,3,3,2,3,2,2,2,2,2,2,2,2,1,3,2,2,2,2
276070123,2,2,2,3,3,2,2,2,2,2,3,2,2,3,2,3,3,2
276070124,2,2,2,2,2,1,2,2,2,2,2,2,2,2,3,2,2,2
276070125,1,1,2,2,3,1,1,1,2,1,2,2,1,2,3,2,2,2
276070126,4,2,4,4,2,2,2,4,4,4,4,2,1,3,2,2,2,2
276070127,3,3,3,3,2,2,3,3,3,3,2,2,3,3,3,2,2,2
276070128,2,3,2,2,-1,2,-1,3,3,2,3,-1,2,3,3,2,3,2
276070129,3,4,2,3,3,3,2,2,3,3,3,2,1,4,4,1,1,1
276070130,3,2,2,2,3,2,3,2,3,2,2,2,2,2,2,2,2,2
276070131,2,3,3,3,3,2,2,2,2,2,2,2,2,2,2,2,2,2
276070132,1,-1,2,3,3,1,2,4,4,4,3,2,2,3,2,2,2,2
276070133,2,2,2,3,2,2,2,2,3,2,2,2,2,3,3,2,2,2
276070134,3,3,3,3,2,1,1,3,3,3,3,3,3,3,3,2,2,2
276070135,2,3,2,2,2,2,1,2,2,2,2,1,2,3,3,2,2,1
276070136,3,3,3,3,3,3,3,3,4,4,3,-1,2,4,3,3,3,3
276070137,2,2,2,2,2,2,2,2,2,3,2,2,2,4,3,3,2,2
276070138,3,3,4,3,-1,2,2,3,3,3,2,-1,3,3,3,3,2,1
276070139,3,3,3,3,-1,3,3,-1,-1,-1,-1,-1,2,4,-1,-1,2,-1
276070140,3,2,3,2,3,2,3,2,3,3,3,3,2,3,2,2,2,3
276070141,2,2,3,-1,-1,2,2,2,2,2,2,2,2,-1,2,-1,-1,2
276070142,3,-1,2,3,3,2,2,3,3,3,2,3,2,3,3,3,3,3
276070143,3,3,3,3,3,1,1,3,3,3,2,-1,3,-1,2,-1,-1,-1
276070144,4,3,3,3,3,2,2,3,3,3,3,-2,3,-2,3,-1,-1,-1
276070145,4,-1,-1,4,-1,2,2,2,-1,-1,-1,-1,-1,-1,-1,-1,-1,-1
276070146,3,2,2,3,2,1,2,2,3,2,2,2,2,3,2,3,-1,3
276070147,3,3,2,2,2,2,2,2,3,2,2,-1,2,3,3,-1,3,3
276070148,3,2,2,2,-1,2,2,2,3,2,2,2,1,3,3,1,-1,-1
276070149,2,-1,2,2,-1,1,1,2,2,2,1,-1,1,-1,2,-1,-1,-1
276070150,3,3,3,4,3,2,2,3,3,3,3,2,3,3,2,2,2,2
276070151,2,2,2,2,2,1,2,2,4,3,2,2,2,2,2,1,2,1
276070152,4,3,3,3,3,2,2,2,3,2,3,2,3,2,3,3,3,2
276070153,2,2,2,2,2,2,2,2,3,2,2,1,2,1,1,2,2,2
276070154,4,1,1,2,3,1,1,1,2,1,1,1,1,2,2,2,2,2
276070155,3,3,2,2,3,2,2,3,3,3,3,2,2,3,3,2,2,2
276070156,2,2,2,2,2,1,1,2,2,2,2,1,2,2,1,3,2,2
276070157,2,2,3,3,2,2,2,2,3,2,2,2,2,3,2,2,2,3
276070158,1,1,4,4,3,1,1,2,2,2,1,1,1,2,3,4,2,2
276070159,3,3,3,3,2,2,2,2,3,3,3,2,2,3,3,2,3,2
276070160,2,3,2,3,2,2,2,2,3,3,2,2,2,3,2,2,2,2
276070161,2,2,3,2,2,1,1,2,3,3,3,1,2,2,2,3,1,3
276070162,4,3,2,4,3,3,3,4,3,3,2,1,3,4,3,3,3,3
276070163,3,1,1,1,1,1,1,2,2,2,2,-1,2,1,2,2,2,2
276070164,3,2,2,3,2,2,2,3,3,2,2,2,2,2,2,2,2,-1
276070165,3,3,2,2,2,3,3,3,3,3,3,2,2,3,3,2,2,2
276070166,3,2,2,2,2,1,1,2,3,2,2,-1,3,4,4,2,2,2
276070167,2,3,3,3,3,2,1,3,3,3,2,2,1,3,3,2,3,2
276070168,4,1,3,4,3,1,3,2,-2,3,3,1,3,4,2,1,2,2
276070169,3,2,2,2,-1,1,1,2,3,1,1,-1,1,3,3,2,2,4
276070170,3,-1,-2,-2,2,2,3,3,3,3,2,2,2,3,3,2,2,2
276070171,3,2,2,2,3,1,2,2,3,2,2,2,1,3,3,3,3,3
276070172,4,3,3,4,3,2,3,2,3,2,4,2,1,3,3,2,2,2
276070173,3,3,3,3,2,2,2,2,2,2,2,2,2,3,3,2,2,2
276070174,3,3,4,3,2,2,2,4,4,4,4,2,4,2,3,3,-1,3
276070175,-2,1,2,2,2,1,1,2,2,2,2,2,1,2,2,-2,-2,-2
276070176,3,3,2,2,2,2,2,2,2,2,2,2,2,3,3,2,2,2
276070177,2,2,3,3,2,2,2,2,2,2,2,2,2,3,3,2,2,3
276070178,4,4,3,3,3,4,3,3,3,3,2,-1,4,3,2,3,3,2
276070179,-2,2,2,2,2,2,2,3,3,3,3,2,3,2,2,2,-1,-1
276070180,3,2,3,3,3,2,1,2,3,2,2,2,2,3,3,2,2,2
276070181,1,3,3,3,4,2,3,4,4,4,2,3,3,3,2,2,3,3
276070182,2,2,2,2,2,1,2,2,3,3,2,2,1,3,2,1,2,2
276070183,3,2,4,4,4,2,2,4,3,3,2,2,2,3,3,1,1,1
276070184,4,2,4,4,4,4,4,4,4,4,4,4,4,4,4,4,-2,4
276070185,3,2,2,3,2,2,3,3,3,3,3,2,1,4,3,1,1,1
276070186,2,1,2,3,2,1,1,3,3,3,1,-1,1,4,4,1,1,1
276070187,3,3,3,3,3,2,3,4,3,3,3,2,2,3,4,3,-1,2
276070188,2,2,3,3,2,2,2,2,2,2,2,1,2,3,3,2,2,1
276070189,3,2,3,3,2,2,2,3,3,3,3,2,4,2,2,2,2,1
276070190,2,2,2,2,2,1,2,2,2,2,2,1,1,2,2,1,1,2
276070191,1,1,3,4,1,1,1,3,3,3,1,1,1,2,3,1,3,1
276070192,1,1,1,1,2,1,2,2,2,1,2,2,1,2,2,2,2,2
276070193,4,3,3,3,2,2,2,3,3,3,3,2,2,3,3,3,3,3
276070194,4,3,3,4,3,2,1,4,4,4,2,-1,3,3,3,3,3,3
276070195,2,2,2,2,3,1,1,3,3,3,2,1,3,2,4,2,2,1
276070196,2,4,3,3,2,3,2,3,3,3,3,2,3,3,2,2,2,2
276070197,4,2,3,3,-1,2,2,4,4,4,-1,2,4,3,3,2,-1,2
276070198,4,2,3,3,2,2,2,3,3,4,2,2,3,2,2,2,2,2
276070199,2,2,2,2,2,2,2,2,2,2,2,2,1,2,2,2,2,2
276070200,3,2,4,4,3,3,1,3,3,2,2,3,2,3,4,3,3,3
276070201,2,3,3,3,4,2,2,2,3,3,2,2,2,3,3,2,2,2
276070202,2,3,3,3,3,2,2,3,3,3,2,2,3,3,3,3,2,2
276070203,4,3,3,3,3,2,3,3,3,3,3,3,4,3,3,3,3,3
276070204,3,4,3,3,2,1,1,3,3,3,4,2,2,4,4,1,2,1
276070205,2,2,2,2,3,2,2,3,3,3,2,2,3,3,2,3,2,2
276070206,3,2,2,2,2,2,2,2,3,3,2,2,3,3,3,2,3,2
276070207,1,2,3,3,3,1,2,2,3,2,2,-1,2,3,2,2,2,1
276070208,3,2,3,3,2,2,2,3,3,3,3,2,2,3,3,2,2,2
276070209,3,2,2,2,-1,2,2,2,3,2,2,2,2,3,3,2,2,3
276070210,4,4,4,4,2,2,3,4,4,4,4,2,3,3,4,3,-1,3
276070211,2,2,3,2,2,2,2,2,2,2,2,2,2,2,2,2,2,3
276070212,1,3,3,3,2,2,2,2,3,2,2,2,3,3,2,2,3,3
276070213,3,2,3,3,2,2,3,3,3,3,2,2,3,3,3,3,3,2
276070214,2,2,1,2,2,3,2,1,2,1,2,2,2,2,3,2,2,1
276070215,1,2,2,2,2,2,2,2,2,2,2,2,2,3,3,3,3,2
276070216,4,2,2,3,3,2,2,2,2,2,2,1,1,2,3,3,2,2
276070217,-2,-2,4,4,4,3,-1,3,3,3,3,3,2,3,1,3,3,3
276070218,2,1,4,2,1,1,4,2,2,2,2,2,2,3,3,1,1,1
276070219,2,3,3,2,3,1,3,4,3,3,3,3,4,3,2,3,2,2
276070220,3,3,4,4,3,2,2,3,4,4,2,2,3,3,3,3,3,2
276070221,3,3,2,3,1,2,1,1,2,1,2,1,1,3,3,3,2,2
276070222,3,3,3,3,2,2,3,3,3,3,3,2,3,3,3,2,3,2
276070223,1,3,2,2,3,2,3,2,3,3,2,3,2,3,3,3,2,2
276070224,1,2,3,3,2,1,1,2,3,2,2,1,2,3,3,2,3,2
276070225,4,2,3,4,3,1,4,4,4,4,4,3,4,4,4,3,2,2
276070226,2,3,2,2,2,2,1,2,3,3,2,-1,1,3,3,3,-1,2
276070227,-2,-2,-2,3,2,2,3,3,3,3,3,2,3,3,3,3,2,3
276070228,3,3,3,4,4,2,2,3,4,3,2,-1,4,3,2,3,2,1
276070229,3,-1,3,3,3,2,3,4,3,3,2,-1,2,4,3,4,-1,3
276070230,4,2,2,2,2,2,2,3,3,2,2,2,2,3,3,2,2,2
276070231,3,2,2,2,-1,2,2,3,4,3,2,1,4,4,4,2,2,3
276070232,-1,-1,2,2,2,2,2,2,3,2,2,-1,2,4,3,3,-1,3
276070233,-1,2,3,3,3,2,3,3,3,3,3,3,-1,3,3,3,3,3
276070234,3,3,2,2,2,2,2,3,3,3,3,2,2,3,4,2,3,2
276070235,4,2,2,2,3,2,2,2,3,2,2,1,1,3,4,2,2,2
276070236,4,2,2,2,2,3,2,4,2,4,4,2,4,2,4,2,2,3
276070237,2,2,4,4,-1,2,2,2,3,-1,2,-2,2,-2,2,3,3,-2
276070238,1,2,2,2,2,2,2,2,2,2,2,2,3,2,2,2,2,2
276070239,3,-2,3,3,-1,2,3,3,3,3,3,2,3,3,3,2,3,3
276070240,2,2,2,3,2,2,2,2,3,2,2,2,2,3,3,2,2,2
276070241,3,3,3,3,2,2,2,2,3,2,2,2,1,3,3,2,2,2
276070242,2,1,1,2,3,1,1,1,2,1,2,1,1,1,2,1,1,1
276070243,3,2,2,2,2,2,3,3,3,3,3,3,2,3,3,2,2,2
276070244,1,3,3,4,3,2,2,-1,3,3,3,-1,1,3,3,2,-1,3
276070245,1,2,3,3,1,1,1,2,2,1,2,1,1,2,2,1,2,1
276070246,2,2,4,4,2,3,3,2,2,2,-1,4,4,3,4,4,4,4
276070247,3,3,2,3,2,2,3,3,3,3,3,2,1,3,4,3,2,2
276070248,3,2,4,3,3,2,2,2,3,2,2,2,2,3,3,2,2,2
276070249,3,3,2,2,4,2,2,2,3,3,2,2,2,3,2,3,3,3
276070250,4,3,4,3,4,1,2,2,2,2,2,2,1,3,4,3,2,3
276070251,-1,2,2,2,2,2,2,3,3,3,3,3,3,3,3,3,3,2
276070252,4,2,2,2,2,2,1,2,2,2,2,1,2,3,3,2,2,1
276070253,3,2,2,2,2,1,1,3,3,3,2,2,2,3,3,2,2,2
276070254,2,2,2,2,3,2,2,2,2,2,2,2,2,2,2,2,2,2
276070255,2,2,3,3,4,1,1,3,4,3,2,2,1,3,4,2,2,2
276070256,3,3,2,2,2,3,2,3,3,3,3,2,2,3,4,2,2,2
276070257,2,2,3,3,2,2,2,2,4,3,2,2,1,3,3,2,2,3
276070258,2,2,3,3,2,2,3,3,3,3,2,2,4,4,3,2,2,2
276070259,3,4,4,4,3,3,4,4,3,4,3,3,4,4,4,2,3,3
276070260,4,2,3,3,4,2,2,3,3,3,2,2,3,2,3,3,3,3
276070261,2,4,3,2,3,1,3,3,3,3,2,1,1,4,4,1,-1,2
276070262,4,3,4,4,2,2,3,3,3,3,2,2,2,3,3,2,2,3
276070263,1,3,2,2,3,2,1,1,1,1,1,-1,1,1,1,1,1,1
276070264,2,2,3,3,2,1,1,3,3,2,2,3,1,2,2,2,2,2
276070265,3,3,4,2,3,1,2,2,3,3,3,2,3,3,3,1,2,2
276070266,2,3,3,3,3,2,2,3,3,2,2,2,2,2,2,2,-1,2
276070267,3,2,3,3,3,2,3,3,3,3,2,2,4,4,4,3,3,4
276070268,3,3,3,3,2,3,1,3,3,3,3,1,1,3,3,3,1,3
276070269,3,2,2,2,2,2,2,2,3,3,2,2,2,3,2,3,3,2
276070270,3,2,4,4,2,2,2,2,3,2,2,2,3,2,3,2,2,2
276070271,3,3,4,4,3,2,2,4,4,4,2,2,2,4,4,2,2,3
276070272,2,3,3,3,3,2,2,3,3,2,2,2,2,3,2,3,3,2
276070273,3,3,2,3,3,2,2,3,3,3,2,-1,2,3,3,2,2,2
276070274,2,2,3,3,2,2,2,3,3,3,2,2,2,3,3,2,2,2
276070275,3,3,3,3,3,2,2,2,3,3,2,2,2,3,3,2,2,2
276070276,3,2,3,4,-1,2,2,3,3,3,2,2,2,3,3,2,-1,2
276070277,2,2,2,2,2,2,2,2,3,2,2,2,1,3,3,2,3,2
276070278,3,3,3,3,3,2,2,3,3,2,2,2,2,2,3,2,2,2
276070279,-1,-1,-1,-1,-1,-1,-1,-1,-1,-1,-1,-1,-1,-1,-1,-1,-1,-1
276070280,1,2,2,2,-1,2,2,2,2,2,2,2,2,2,2,2,2,2
276070281,2,3,3,3,2,1,2,2,1,1,2,1,-1,2,1,2,2,2
276070282,3,4,4,3,-1,3,1,2,-2,-2,2,2,2,2,3,3,2,3
276070283,3,2,4,4,3,2,2,2,3,3,2,2,2,3,3,2,2,2
276070284,3,2,2,2,2,2,2,2,3,3,2,2,2,3,3,2,2,2
276070285,3,-1,3,3,-1,3,2,3,3,3,2,4,3,3,2,3,1,3
276070286,3,4,4,3,2,2,2,3,3,3,2,2,3,3,3,3,-1,3
276070287,3,3,4,4,3,2,2,3,4,3,3,2,3,3,3,2,-1,2
276070288,4,3,2,3,1,2,1,3,3,2,3,1,2,4,4,3,4,3
276070289,3,2,3,3,3,2,3,3,3,2,2,2,1,3,3,2,2,2
276070290,4,2,3,2,3,2,2,3,4,3,2,3,2,3,3,2,3,3
276070291,3,2,3,3,2,1,2,3,3,3,2,2,2,2,3,2,2,2
276070292,-1,2,3,3,2,3,3,3,3,2,2,2,1,3,3,2,2,2
276070293,3,2,2,3,2,2,2,2,2,2,2,2,-1,2,2,2,2,2
276070294,2,2,3,3,3,2,2,4,4,4,2,-2,-2,-2,3,4,-2,3
276070295,1,2,3,3,3,2,2,2,3,-2,2,2,2,2,2,2,2,2
276070296,1,2,2,3,2,2,1,2,2,2,2,2,2,3,3,2,2,2
276070297,3,3,3,3,3,2,1,-2,-2,-2,-2,-1,-2,-1,-1,4,3,4
276070298,2,3,4,3,-2,-2,-2,-2,-2,-2,3,2,2,4,3,-1,2,2
276070299,2,2,2,3,3,2,2,3,3,3,3,2,2,3,3,3,-2,2
276070300,4,1,3,3,2,1,1,2,3,2,3,2,3,3,3,2,2,2
276070301,3,2,3,3,2,2,-1,2,-2,2,3,-1,1,2,2,3,-1,-1
276070302,3,2,2,-2,-1,1,2,1,2,2,2,-1,1,3,2,2,2,2
276070303,1,-1,3,3,2,1,3,3,3,3,2,-1,1,4,3,-1,-1,2
276070304,2,1,2,2,3,1,2,-1,3,2,3,2,1,3,3,2,-1,2
276070305,1,-2,2,2,2,1,1,2,-2,2,2,2,1,3,2,2,2,1
276070306,3,4,4,2,2,2,4,4,4,4,2,4,2,4,2,4,4,4
276070307,1,4,3,3,-2,1,1,1,3,1,1,1,-2,2,2,1,1,1
276070308,2,-2,-2,-2,-2,3,-2,-2,-2,-2,-2,-2,-2,-2,2,-2,-2,-2
276070309,3,2,3,3,-1,2,3,-1,-1,-1,-1,-1,-1,-1,-1,-1,-1,-1
276070310,3,3,3,3,2,3,3,3,3,3,3,3,2,4,4,2,2,2
276070311,4,2,2,2,1,1,1,3,3,2,2,2,4,2,2,1,1,1
276070312,2,2,2,2,2,1,2,2,2,2,2,1,1,3,3,1,1,1
276070313,3,-2,2,2,-1,1,3,3,3,3,-1,-1,3,-1,4,2,-1,2
276070314,3,2,3,3,-1,2,2,2,2,3,2,2,2,4,2,2,-1,3
276070315,4,2,2,2,3,2,2,3,3,3,2,2,1,3,4,2,-1,3
276070316,4,2,3,3,3,2,2,3,3,3,2,2,1,2,3,2,2,2
276070317,-1,-1,3,3,-1,2,2,3,3,3,3,-2,2,-2,-1,2,2,2
276070318,4,3,1,2,1,2,1,4,3,2,1,1,1,4,4,2,2,2
276070319,2,2,2,3,3,1,1,2,3,2,2,2,2,3,3,2,2,2
276070320,2,2,4,4,3,2,2,3,4,4,3,2,2,3,3,3,2,2
276070321,4,2,4,4,4,2,2,3,4,3,3,2,3,3,3,3,3,3
276070322,3,3,3,3,3,2,2,3,3,3,3,-1,2,3,3,2,2,2
276070323,3,2,2,3,3,1,1,2,2,2,1,1,1,3,2,1,1,1
276070324,3,3,3,3,4,1,2,4,4,3,2,1,1,2,3,2,2,2
276070325,4,-1,4,4,4,3,3,3,3,3,3,3,3,3,3,3,3,3
276070326,3,3,2,3,2,2,2,2,3,2,2,1,2,3,3,1,1,1
276070327,3,1,3,3,2,1,2,3,3,3,2,1,3,3,3,1,1,2
276070328,2,3,4,4,3,2,2,3,3,3,2,2,3,3,4,3,3,3
276070329,4,1,2,2,1,1,1,2,3,2,3,1,1,3,3,2,2,1
276070330,3,2,3,3,2,2,2,4,3,2,2,2,2,2,3,3,2,1
276070331,2,3,3,3,4,2,2,3,3,3,3,2,3,3,3,2,2,3
276070332,4,-1,2,3,2,2,3,2,3,2,2,2,3,4,4,1,1,2
276070333,3,3,3,3,3,2,3,3,3,3,3,2,2,3,3,2,-1,2
276070334,3,3,3,3,3,2,2,3,3,2,2,2,2,3,3,2,2,2
276070335,3,3,3,3,2,1,2,4,4,4,3,3,2,4,2,1,2,2
276070336,3,2,2,2,2,1,1,2,2,2,-2,2,1,3,3,2,-2,3
276070337,3,-1,2,2,3,2,2,2,3,2,2,2,2,3,3,-1,2,3
276070338,3,2,3,3,3,2,2,3,3,3,3,1,2,2,2,2,1,2
276070339,2,2,2,2,3,2,3,2,3,2,2,2,2,3,2,2,2,2
276070340,3,3,3,3,-1,2,3,3,3,3,3,-1,2,4,2,-1,-1,-1
276070341,2,2,2,3,2,2,2,2,3,2,3,1,2,3,2,1,3,2
276070342,3,3,4,4,3,1,1,3,4,3,2,2,2,3,3,3,2,3
276070343,2,3,2,-1,3,1,1,2,3,2,2,2,1,2,3,2,-1,2
276070344,2,2,3,3,2,2,1,2,3,3,3,2,1,3,3,2,2,2
276070345,-1,3,2,2,-1,1,1,2,3,2,1,-1,-1,3,4,2,-1,2
276070346,2,4,4,4,3,3,3,4,4,4,3,3,4,4,3,4,4,4
276070347,2,2,2,2,3,2,1,2,3,2,2,2,1,3,2,2,3,2
276070348,3,3,3,3,3,2,1,1,3,2,3,2,2,3,3,2,2,2
276070349,4,-1,4,4,3,2,3,-1,3,-1,3,2,1,3,4,2,2,3
276070350,4,3,3,3,-1,2,2,3,3,3,3,3,2,3,3,2,-1,3
276070351,-1,2,4,4,2,2,2,2,3,3,-1,2,2,3,2,-1,-1,-1
276070352,3,2,2,2,2,2,2,3,3,2,2,2,1,3,3,2,2,2
276070353,2,3,2,4,2,2,2,3,3,3,2,2,3,3,3,2,2,2
276070354,2,2,3,3,3,2,2,3,4,4,1,1,1,4,4,3,2,2
276070355,3,3,4,4,3,3,2,4,3,3,2,1,2,3,4,2,3,2
276070356,3,3,3,3,3,3,3,3,3,3,3,3,3,3,3,3,3,3
276070357,3,3,3,3,3,1,2,3,3,3,3,2,3,3,2,2,2,1
276070358,4,3,3,3,2,3,3,4,4,4,4,3,3,4,1,3,3,4
276070359,-1,-1,3,3,-1,3,2,2,2,2,2,-1,2,3,3,-1,2,3
276070360,2,2,2,2,2,1,2,2,2,1,2,1,1,3,3,3,2,1
276070361,2,1,2,2,-1,1,2,2,2,2,2,2,2,3,3,3,2,2
276070362,2,1,4,4,3,1,1,3,3,3,3,2,4,2,3,2,2,2
276070363,-1,2,3,4,3,2,2,2,3,2,3,2,3,4,4,2,2,2
276070364,3,3,3,3,3,3,3,3,3,3,3,-1,2,3,3,3,3,3
276070365,4,3,3,3,2,2,2,3,3,3,3,2,3,3,3,3,3,3
276070366,-1,-1,3,2,2,2,-1,-1,2,2,-1,2,1,3,3,1,2,2
276070367,2,3,3,3,2,2,3,2,3,2,2,2,2,2,3,3,2,2
276070368,2,2,3,3,3,2,2,2,2,2,2,2,1,2,2,2,2,2
276070369,2,2,2,2,2,1,1,1,1,1,1,1,1,2,2,1,1,1
276070370,4,4,4,4,4,2,3,3,3,3,3,2,2,4,4,2,2,2
276070371,3,3,3,3,2,2,1,2,3,3,2,2,1,2,1,2,2,2
276070372,3,3,3,3,2,1,1,1,2,1,3,1,2,1,2,2,3,3
276070373,4,2,3,3,-2,3,4,3,4,4,3,3,2,4,4,2,2,3
276070374,1,2,2,2,2,1,1,1,3,3,1,1,3,4,4,1,1,1
276070375,4,3,4,4,4,3,4,4,4,4,4,1,3,3,4,3,3,4
276070376,4,2,2,3,2,2,1,2,2,2,1,1,2,3,3,2,2,2
276070377,2,2,2,2,2,2,2,2,2,2,2,2,2,3,3,2,2,2
276070378,3,2,4,4,3,2,2,2,2,2,2,2,2,2,2,2,2,2
276070379,3,2,3,3,2,2,2,2,3,2,2,2,2,3,2,2,2,2
276070380,4,4,3,3,2,2,2,2,4,4,2,2,4,4,4,2,-1,2
276070381,3,2,3,2,2,1,1,3,3,3,2,2,2,3,2,2,2,2
276070382,1,-2,2,2,-1,1,1,2,2,2,2,2,1,1,2,1,1,1
276070383,4,4,4,4,3,3,2,3,3,3,3,2,2,3,3,2,2,2
276070384,2,3,3,3,2,2,2,3,2,2,2,-1,2,3,2,2,2,2
276070385,2,2,3,4,2,2,3,2,3,3,2,2,1,3,3,2,-1,2
276070386,2,3,2,3,2,3,2,3,3,2,3,2,2,4,3,3,2,2
276070387,4,2,4,3,3,3,4,4,4,4,3,3,4,3,3,3,-1,3
276070388,3,3,3,4,3,3,2,3,3,3,3,1,4,4,3,2,2,2
276070389,3,2,3,3,3,2,2,1,3,1,3,2,1,4,2,4,4,4
276070390,3,3,3,2,2,1,1,3,3,3,3,2,2,2,3,2,2,2
276070391,-1,-1,2,2,2,-1,2,2,3,2,2,2,2,3,3,2,2,2
276070392,3,2,4,4,2,2,2,3,3,3,2,2,4,2,3,2,2,3
276070393,2,1,3,3,2,2,2,3,4,3,3,-1,2,3,4,2,-1,3
276070394,2,2,2,1,2,1,1,2,3,2,1,-1,1,3,3,2,2,4
276070395,3,2,2,2,2,2,2,3,3,2,2,2,2,3,3,2,2,2
276070396,4,2,3,3,3,2,2,2,2,2,3,2,3,3,3,2,2,2
276070397,4,2,2,2,-1,2,2,2,2,2,2,1,1,2,2,2,2,1
276070398,3,3,3,3,3,2,2,2,3,2,2,2,2,2,2,2,2,2
276070399,3,2,3,3,3,2,3,4,4,3,3,2,2,3,4,2,2,2
276070400,1,2,3,3,2,2,2,3,3,3,3,2,2,3,3,3,3,3
276070401,1,2,2,2,-1,1,1,2,2,2,2,2,2,3,3,2,2,1
276070402,2,2,2,2,2,2,3,2,2,2,2,2,2,3,2,3,3,3
276070403,3,2,2,2,3,2,2,3,3,3,2,2,2,3,3,2,2,3
276070404,4,3,2,2,4,2,2,3,3,3,2,4,2,4,3,2,4,2
276070405,4,3,4,3,2,2,2,4,4,4,3,-1,4,4,4,3,3,3
276070406,3,2,2,2,3,2,2,2,2,2,3,3,2,3,3,3,3,2
276070407,-1,2,3,3,3,2,2,3,4,3,3,-1,4,4,4,3,3,2
276070408,4,4,3,3,3,3,3,4,4,4,2,2,2,3,4,2,-1,-1
276070409,3,3,2,2,2,2,1,3,3,2,2,2,1,3,3,2,2,2
276070410,4,-1,4,4,-1,2,-1,4,4,4,4,-1,4,3,3,2,2,2
276070411,2,2,2,3,3,2,2,2,2,2,2,2,2,2,2,3,3,2
276070412,3,2,3,3,2,2,2,3,3,3,2,2,1,3,3,2,2,2
276070413,-2,-2,3,3,3,2,2,3,3,3,2,2,2,1,3,-2,-2,-2
276070414,3,2,2,3,2,2,2,2,3,3,3,2,3,3,3,2,2,3
276070415,1,2,2,3,3,2,2,3,3,2,2,2,2,2,2,2,-1,2
276070416,3,2,4,4,3,2,4,4,4,4,3,2,2,4,4,4,4,4
276070417,2,2,2,2,2,2,2,2,2,2,2,2,2,4,4,2,3,3
276070418,4,2,4,3,2,2,2,3,3,3,3,-1,2,4,4,2,2,3
276070419,3,3,3,2,2,2,1,3,3,3,3,2,3,2,3,-1,-1,3
276070420,3,3,2,3,3,2,2,3,3,3,3,2,3,3,3,4,3,3
276070421,2,2,2,2,2,1,1,2,2,2,2,2,1,2,2,2,2,2
276070422,1,2,2,3,3,2,1,2,2,1,3,2,1,2,3,3,-1,3
276070423,2,1,3,3,3,2,2,2,3,-1,2,1,1,2,2,3,3,2
276070424,2,2,3,3,3,2,2,2,3,2,3,2,3,3,3,3,2,3
276070425,3,2,3,3,3,2,2,3,3,3,3,2,3,3,2,3,3,3
276070426,2,2,3,3,2,1,2,2,3,3,2,2,2,3,2,2,2,2
276070427,4,2,3,4,2,1,2,3,4,4,3,2,2,3,4,3,3,3
276070428,4,3,4,3,3,2,4,3,3,3,2,-1,3,3,2,2,-1,2
276070429,3,2,3,3,3,2,-1,2,3,-2,-2,-2,-2,-2,-2,-2,-2,-2
276070430,2,3,3,3,2,2,3,3,3,3,2,2,1,3,3,2,2,3
276070431,3,2,3,3,2,3,3,3,3,2,2,-1,2,4,3,3,2,2
276070432,-1,-1,-1,3,3,2,2,3,3,3,3,2,3,-1,2,-1,-1,-1
276070433,3,3,4,4,3,3,3,3,4,4,3,3,3,4,3,4,-1,3
276070434,1,2,2,2,2,1,1,2,3,2,3,1,1,2,2,2,1,1
276070435,3,2,3,3,2,1,2,2,2,2,1,2,1,2,2,2,1,1
276070436,4,2,3,3,2,2,2,4,4,4,3,2,2,3,4,1,4,3
276070437,1,3,3,4,3,1,1,1,1,1,3,-1,1,3,3,3,3,3
276070438,2,2,2,2,2,1,1,4,4,2,2,2,2,3,3,3,2,2
276070439,3,-2,-2,4,-2,2,2,3,3,2,2,-2,-2,3,1,1,1,1
276070440,3,2,2,2,2,1,1,3,3,3,2,2,2,2,2,2,2,3
276070441,2,2,2,2,2,1,1,1,2,2,3,2,1,3,3,2,2,2
276070442,3,2,3,4,3,2,1,3,3,3,2,2,2,3,3,3,2,3
276070443,3,2,4,4,3,2,2,3,3,3,3,2,3,3,3,3,4,3
276070444,2,2,1,3,2,1,1,1,2,1,1,1,1,3,3,2,2,2
276070445,3,3,2,2,2,1,1,2,3,2,3,1,1,3,3,2,1,2
276070446,2,3,3,2,3,3,3,3,3,3,3,2,3,3,3,2,2,2
276070447,4,4,3,3,2,2,4,3,4,4,3,2,2,4,3,4,4,4
276070448,4,-1,3,3,4,3,3,4,4,4,4,-1,4,4,4,-1,-1,4
276070449,4,-1,4,4,4,4,3,4,4,4,3,-1,4,4,4,4,4,4
276070450,2,2,2,1,2,1,1,-1,3,-1,4,1,2,3,2,2,-1,1
276070451,3,2,2,2,2,1,1,2,2,2,2,2,1,3,3,2,2,2
276070452,3,3,3,3,2,3,2,3,3,2,2,2,2,4,4,2,2,2
276070453,3,3,4,3,2,2,2,3,3,3,3,2,3,3,3,2,2,2
276070454,1,1,2,3,-1,1,1,2,2,2,1,1,1,3,3,1,1,1
276070455,1,2,3,3,2,2,1,2,2,2,2,2,1,3,3,2,2,2
276070456,3,3,3,3,3,2,3,4,4,4,4,-1,4,4,4,2,2,3
276070457,3,2,2,3,-1,2,3,3,3,3,3,-1,2,3,3,3,3,2
276070458,2,2,2,3,3,2,2,3,3,3,3,2,3,3,3,3,-1,2
276070459,2,2,2,2,1,1,1,1,2,1,1,1,1,2,2,2,1,2
276070460,2,2,3,2,1,1,1,3,3,3,2,2,1,2,2,3,-1,3
276070461,-1,-1,3,3,-1,2,2,2,2,2,2,2,4,2,2,2,-1,2
276070462,4,4,3,4,-1,3,2,2,3,2,2,-1,2,3,3,2,2,3
276070463,1,1,3,2,2,2,2,2,2,2,2,2,2,2,2,2,2,2
276070464,2,2,3,3,3,1,1,2,2,1,2,1,1,3,3,2,2,1
276070465,3,3,3,3,3,3,3,3,3,3,3,3,2,3,3,3,3,3
276070466,3,2,2,2,2,2,2,2,2,2,2,2,2,1,2,3,2,1
276070467,2,1,3,3,2,2,3,3,3,3,2,1,1,3,3,1,1,1
276070468,3,2,3,3,3,1,2,3,3,3,2,2,2,2,3,2,2,2
276070469,4,2,3,3,4,1,1,3,3,3,3,2,3,3,3,2,2,2
276070470,4,2,2,2,3,2,3,2,3,2,2,2,2,3,3,2,2,2
276070471,3,3,3,3,3,2,2,3,3,3,2,3,2,3,4,2,2,3
276070472,2,2,2,2,2,1,1,1,1,1,1,1,1,3,4,2,2,2
276070473,3,3,3,3,3,3,3,4,4,4,3,3,4,4,3,3,3,3
276070474,3,3,4,4,4,3,3,3,4,4,3,3,3,3,3,3,3,3
276070475,1,1,2,2,2,2,2,2,3,2,2,2,2,3,3,2,2,2
276070476,3,3,2,2,2,1,2,3,3,3,2,2,3,4,3,2,2,2
276070477,4,4,3,3,2,4,3,3,3,3,3,2,1,4,4,2,3,3
276070478,4,3,4,4,3,3,3,3,3,3,3,3,3,3,4,3,3,3
276070479,1,1,3,3,4,1,1,3,3,3,3,1,1,1,1,3,3,3
276070480,1,1,3,2,2,2,2,1,2,1,2,2,1,3,3,2,2,2
276070481,2,1,2,2,2,1,2,2,2,2,3,-1,3,3,3,2,2,2
276070482,4,2,3,3,2,2,3,3,3,3,2,2,2,2,3,2,-2,2
276070483,3,4,3,3,1,3,4,3,3,1,2,2,2,3,4,2,3,2
276070484,2,3,2,3,2,2,2,2,2,2,2,2,2,-2,3,2,2,2
276070485,-1,3,4,4,3,3,4,4,4,4,3,2,4,4,4,3,-1,2
276070486,3,2,4,4,3,2,4,4,4,4,2,3,3,3,4,3,-1,4
276070487,1,3,4,4,-1,2,-1,4,4,4,4,3,3,4,4,2,3,3
276070488,3,3,3,3,3,2,2,3,3,3,3,2,3,3,2,2,2,2
276070489,2,2,3,-2,-2,2,3,2,-2,-2,-2,-2,3,3,2,3,2,2
276070490,2,1,2,2,2,2,1,2,3,1,2,2,2,2,2,2,2,2
276070491,4,3,4,4,4,2,1,3,3,3,3,3,4,4,2,3,4,4
276070492,3,2,3,3,3,2,2,2,3,2,2,2,3,2,2,3,2,3
276070493,3,3,3,3,3,2,2,2,3,2,2,2,2,4,3,3,3,2
276070494,-2,-2,-2,-2,-2,-2,-2,-2,-2,-2,-2,-2,-2,-2,-2,-2,-2,-2
276070495,2,3,2,3,2,1,3,2,2,2,2,2,1,3,2,2,2,2
276070496,2,2,2,3,3,2,1,2,3,2,2,3,2,3,3,3,3,2
276070497,3,3,3,3,3,2,3,3,3,3,3,3,2,3,3,2,3,3
276070498,3,3,3,3,3,3,2,3,3,3,3,1,2,4,4,3,-1,4
276070499,3,2,3,3,4,2,3,3,3,2,2,2,2,4,4,3,3,3
276070500,2,2,3,3,-1,2,2,2,3,3,2,2,2,3,3,3,-1,2
276070501,2,2,3,2,-1,4,4,3,3,-1,2,2,1,-1,3,2,-1,3
276070502,2,-1,2,2,2,1,-1,2,2,2,2,2,2,3,3,2,-1,2
276070503,4,3,3,3,-1,2,2,2,3,2,-1,2,1,3,4,-1,-1,3
276070504,3,2,2,2,2,1,2,2,2,2,2,2,1,2,2,1,1,1
276070505,3,2,2,2,2,2,2,2,2,2,2,1,2,2,3,2,2,2
276070506,2,2,2,2,2,1,2,2,2,2,2,1,2,2,2,1,2,2
276070507,3,3,2,2,2,2,2,3,3,3,-1,2,1,4,4,3,3,3
276070508,-1,2,2,3,2,2,2,2,2,2,2,2,2,2,2,2,2,2
276070509,3,2,2,3,2,1,1,2,3,2,2,2,2,3,3,2,2,2
276070510,3,-1,-1,-1,3,2,3,2,2,3,2,-1,2,3,3,2,3,2
276070511,2,2,3,3,2,2,2,2,2,2,3,1,2,3,2,3,-1,3
276070512,4,3,3,3,3,2,2,4,4,4,3,2,3,3,3,3,3,2
276070513,3,3,3,3,3,2,2,3,3,3,2,2,3,3,3,2,-1,3
276070514,3,3,2,2,2,2,2,2,2,2,2,2,2,2,3,2,2,2
276070515,2,2,1,2,2,2,2,2,-2,2,3,2,2,3,3,2,2,2
276070516,3,3,2,2,4,2,2,2,3,2,2,1,2,3,4,2,2,3
276070517,2,3,3,3,3,2,2,3,3,3,2,3,2,4,2,4,2,2
276070518,2,2,2,3,2,3,3,2,2,2,3,2,1,4,4,2,2,1
276070519,2,2,3,3,3,2,2,3,3,3,2,2,2,3,3,2,2,3
276070520,3,3,3,3,3,2,2,2,3,2,2,2,1,3,3,3,3,3
276070521,3,3,3,3,3,2,3,3,3,3,3,-1,3,3,3,2,2,3
276070522,3,3,3,3,3,2,3,3,3,3,3,2,3,3,3,3,3,3
276070523,-1,-1,2,2,-1,2,2,-1,-1,-1,-1,-1,-1,-1,-1,-1,-1,-1
276070524,3,4,3,3,2,1,1,2,2,2,2,2,2,4,3,2,2,2
276070525,-1,-1,-1,-1,-1,2,-1,-1,-1,-1,2,-1,4,-1,4,-1,-1,-1
276070526,4,2,4,4,3,3,3,4,4,4,3,2,2,4,4,2,1,2
276070527,3,3,3,3,4,2,2,3,3,3,2,2,2,3,3,3,3,2
276070528,4,-1,4,3,3,1,2,2,2,2,2,2,2,2,2,2,2,2
276070529,2,2,2,2,2,2,2,2,2,2,2,2,2,3,2,2,2,2
276070530,2,2,3,3,2,2,2,3,3,4,2,2,2,4,4,2,1,4
276070531,-1,3,3,3,2,2,2,3,3,3,2,2,1,3,3,2,-1,-1
276070532,4,2,3,3,3,2,2,3,3,3,2,2,2,3,3,3,3,3
276070533,3,2,3,3,2,2,2,3,3,3,2,3,3,3,3,3,3,3
276070534,3,1,3,2,2,3,4,2,3,3,2,2,2,3,2,3,-2,2
276070535,1,-1,2,2,2,1,1,3,3,3,2,2,4,2,2,1,1,2
276070536,2,1,3,3,3,3,3,4,4,4,3,1,1,3,4,3,3,3
276070537,3,2,3,3,3,1,1,2,2,2,1,1,3,4,4,3,1,2
276070538,2,3,3,3,2,1,3,4,4,2,2,2,1,2,2,2,2,2
276070539,2,1,2,2,2,1,3,3,3,3,3,1,1,2,4,2,1,2
276070540,4,2,2,2,2,2,2,2,2,2,1,1,1,2,2,3,1,1
276070541,4,3,3,3,3,2,2,3,3,3,2,2,2,3,3,3,2,2
276070542,4,4,3,3,4,2,2,4,4,4,4,2,2,4,4,3,3,3
276070543,4,4,3,3,4,4,3,4,4,4,3,-1,3,3,4,3,2,3
276070544,4,3,2,3,2,2,3,3,3,3,3,2,2,3,3,2,3,2
276070545,-1,-1,3,3,3,2,2,2,-1,-1,2,1,2,3,3,2,2,2
276070546,2,4,3,3,4,1,1,3,3,2,3,1,3,3,3,2,3,2
276070547,2,2,2,2,3,3,2,2,2,2,2,2,2,4,4,2,2,2
276070548,3,3,3,3,-1,3,-1,2,3,2,2,2,2,4,4,3,-1,2
276070549,2,3,3,3,-1,2,2,3,3,3,3,2,2,-1,2,2,-1,3
276070550,3,2,3,3,2,2,2,2,3,3,2,2,2,2,3,3,2,2
276070551,3,2,2,2,3,2,2,2,3,3,3,-1,2,3,3,2,3,2
276070552,2,2,2,2,3,2,2,3,3,3,3,2,2,3,3,2,-1,2
276070553,3,3,3,3,3,2,2,3,3,3,2,2,2,3,2,2,2,3
276070554,3,2,3,3,3,2,1,3,3,2,2,2,1,3,4,1,3,2
276070555,4,3,4,3,1,3,2,4,-1,2,2,2,2,4,4,1,1,2
276070556,4,3,3,3,3,2,3,4,4,4,3,2,4,3,4,2,2,2
276070557,3,4,3,1,2,3,3,2,2,2,2,1,1,2,3,1,1,2
276070558,3,2,3,3,3,2,2,2,3,3,3,2,3,3,3,3,3,3
276070559,3,2,4,3,2,3,3,3,3,3,3,2,3,3,2,2,2,2
276070560,3,2,4,3,2,2,3,3,3,3,2,2,3,3,3,3,2,2
276070561,3,1,2,2,1,1,2,2,4,1,2,1,2,4,4,2,1,2
276070562,4,3,3,3,3,2,2,3,3,3,3,2,2,2,3,3,3,3
276070563,2,3,3,3,3,2,2,3,3,2,2,2,2,3,2,3,3,3
276070564,3,3,3,3,3,2,2,3,3,2,2,2,2,3,3,2,3,3
276070565,2,-1,2,2,4,2,1,-1,-1,-1,2,2,-1,-1,2,-1,-1,2
276070566,4,2,2,3,3,2,2,3,3,3,2,2,3,3,3,3,3,3
276070567,3,2,2,-1,3,2,2,2,2,2,2,2,2,3,3,2,-1,2
276070568,2,1,2,2,3,2,2,2,2,2,2,2,2,2,2,2,2,3
276070569,3,3,4,3,3,2,2,3,3,2,2,2,2,3,3,3,2,3
276070570,2,3,2,2,2,2,2,3,3,3,2,2,2,3,2,2,2,2
276070571,3,2,2,2,2,2,2,2,2,2,2,1,2,3,3,2,2,2
276070572,1,2,3,3,3,2,2,2,3,3,2,2,2,3,2,3,3,3
276070573,3,3,3,3,3,2,2,3,3,3,2,2,3,3,3,2,2,3
276070574,3,3,3,3,2,1,2,2,2,2,3,2,2,2,3,2,2,3
276070575,3,3,2,2,2,1,1,1,2,2,2,1,1,3,3,2,2,2
276070576,3,4,2,1,1,1,1,2,3,2,2,2,2,3,2,2,2,2
276070577,4,2,2,2,2,2,2,3,3,3,3,2,2,3,3,2,2,2
276070578,3,3,2,2,2,1,1,2,2,2,2,1,1,2,3,1,2,1
276070579,3,3,3,3,3,2,2,2,3,3,3,2,2,2,3,2,2,2
276070580,4,2,2,3,3,1,2,3,3,3,2,1,3,4,4,2,2,3
276070581,3,2,2,2,2,1,1,2,2,2,2,1,1,3,3,2,3,3
276070582,4,3,4,4,4,3,4,4,3,3,3,3,3,4,4,4,4,4
276070583,2,3,3,3,4,2,2,3,3,3,3,3,3,3,3,2,2,2
276070584,3,3,2,4,-2,2,2,2,3,3,2,2,2,3,2,2,2,2
276070585,3,3,3,3,2,2,4,2,3,2,2,2,2,3,3,2,2,2
276070586,4,3,3,3,2,1,1,3,4,2,2,-2,2,3,1,3,3,3
276070587,4,3,2,3,2,2,3,3,3,3,3,3,2,4,3,2,2,2
276070588,1,1,3,3,3,1,2,2,3,2,2,2,3,3,2,2,2,1
276070589,3,2,3,3,3,3,2,3,3,3,3,3,3,4,4,2,-1,3
276070590,1,2,3,2,3,1,1,3,3,3,2,2,3,3,3,3,3,2
276070591,-2,2,2,2,2,1,1,2,2,2,2,2,2,2,2,2,2,2
276070592,2,3,3,3,3,2,2,2,2,2,2,2,2,3,3,2,2,2
276070593,2,2,2,-1,2,1,1,1,1,1,1,1,2,2,2,2,2,2
276070594,3,4,2,3,2,3,3,3,3,3,2,2,2,3,3,2,2,2
276070595,3,3,2,2,2,3,3,3,3,3,3,3,2,3,3,2,3,3
276070596,4,3,2,2,2,3,3,3,3,3,2,2,1,3,3,3,1,3
276070597,3,2,2,2,2,2,2,2,3,3,2,1,1,3,3,2,-1,2
276070598,2,2,4,3,3,2,2,3,3,2,2,2,2,3,2,2,2,2
276070599,3,3,2,-2,2,1,2,2,2,2,2,2,2,-2,3,2,2,2
276070600,3,3,3,4,3,2,1,2,2,2,2,2,1,3,3,3,-1,-1
276070601,3,2,3,3,3,3,3,4,3,3,3,3,3,3,3,3,3,3
276070602,1,3,3,4,2,3,2,4,4,4,3,2,3,3,4,3,2,2
276070603,3,2,3,2,2,2,2,2,3,3,2,2,3,3,3,2,3,2
276070604,2,2,3,3,4,2,2,2,3,2,2,2,3,2,3,3,3,3
276070605,3,1,4,4,4,1,4,4,3,3,2,2,2,4,1,1,2,4
276070606,3,2,3,2,2,3,3,3,3,2,2,1,2,2,3,3,4,4
276070607,2,2,2,3,1,1,2,2,3,2,1,1,1,2,1,3,2,2
276070608,4,2,3,3,2,1,2,4,4,4,2,2,3,3,3,2,2,3
276070609,4,3,4,4,3,3,2,3,4,4,3,2,2,2,2,2,2,3
276070610,2,3,2,2,2,1,2,2,3,2,2,-1,1,3,4,2,2,2
276070611,2,-1,3,2,2,2,3,2,2,2,2,2,2,3,3,2,2,2
276070612,2,2,3,3,3,2,2,2,3,2,2,2,2,3,3,2,3,2
276070613,3,3,2,2,2,2,2,2,3,1,2,1,1,1,3,2,2,2
276070614,3,2,4,3,2,2,3,3,3,2,3,3,3,3,3,2,3,2
276070615,4,3,3,3,4,2,2,3,3,3,3,2,3,4,4,2,2,3
276070616,2,2,2,2,2,2,2,2,2,2,2,2,2,2,2,2,2,2
276070617,3,2,2,2,3,2,2,3,3,3,3,2,3,3,3,2,2,3
276070618,3,2,4,4,4,2,3,3,3,3,3,3,2,3,2,2,2,2
276070619,3,2,2,3,2,2,2,2,3,2,3,2,3,3,3,2,3,2
276070620,2,3,3,3,2,2,2,3,3,3,2,2,3,4,3,2,2,2
276070621,3,2,3,3,3,2,2,3,3,3,1,-1,1,-1,-1,3,-1,2
276070622,3,3,4,3,3,2,2,3,3,3,2,2,4,3,3,2,4,2
276070623,3,2,3,3,3,2,2,2,3,3,2,2,2,3,4,3,2,2
276070624,4,3,3,3,3,2,3,3,3,3,3,3,3,4,4,3,3,3
276070625,3,4,3,3,3,3,2,4,4,4,3,2,2,4,4,3,2,2
276070626,2,2,2,2,2,1,1,2,2,2,2,2,1,3,3,2,2,2
276070627,4,4,4,4,3,2,2,3,3,3,2,2,2,3,3,2,2,2
276070628,3,3,3,3,3,2,3,3,3,3,2,2,2,2,2,3,3,3
276070629,-2,2,4,3,2,2,2,3,3,3,2,2,2,3,2,-1,-1,-1
276070630,2,2,3,3,3,2,2,2,2,2,2,2,2,2,2,2,2,2
276070631,3,-1,3,3,-1,3,-1,3,3,3,3,-1,3,4,3,-1,-1,3
276070632,3,2,3,3,3,2,2,4,3,3,2,2,2,2,3,3,3,3
276070633,2,2,2,2,2,2,2,2,2,2,2,2,2,2,2,1,1,1
276070634,3,-2,-2,-2,-2,-2,-2,3,3,3,-2,-2,2,3,3,-2,-2,-2
276070635,-1,2,-1,3,-1,-1,2,-1,-1,-1,2,-1,2,3,-1,2,2,-1
276070636,4,3,2,2,1,4,3,4,3,3,2,2,3,3,3,3,2,3
276070637,2,2,3,3,3,2,2,2,3,2,2,2,2,3,3,3,3,3
276070638,2,2,3,3,3,2,2,3,3,3,3,2,1,3,3,2,2,2
276070639,4,2,3,3,2,1,3,4,4,4,3,-1,4,-1,3,2,2,2
276070640,3,2,2,2,2,1,1,2,2,2,2,2,2,2,2,1,1,1
276070641,3,2,3,2,2,1,1,2,3,2,2,2,1,1,2,2,2,2
276070642,-1,3,4,3,3,2,-1,3,3,3,3,-1,-1,4,2,-1,-1,2
276070643,3,2,3,3,3,2,3,3,4,4,3,3,4,3,2,3,4,4
276070644,3,2,3,3,4,2,3,3,4,3,3,2,2,2,3,3,3,3
276070645,3,3,3,2,2,2,2,3,3,3,2,2,2,3,3,2,2,2
276070646,3,3,3,3,4,2,2,2,2,2,3,2,2,4,4,4,-1,2
276070647,2,-2,2,2,2,2,1,1,-1,2,2,-1,1,2,1,2,-1,2
276070648,1,1,3,3,-1,1,3,2,2,2,2,2,2,3,3,2,2,2
276070649,4,2,2,2,2,1,2,3,3,3,2,2,1,3,3,2,2,2
276070650,3,2,4,4,3,2,2,4,4,3,3,2,3,3,3,3,3,3
276070651,3,2,4,3,3,2,1,3,3,2,2,3,3,3,3,2,4,3
276070652,3,3,3,2,2,2,2,3,3,3,3,-1,2,2,2,4,4,4
276070653,3,4,3,4,2,2,2,3,3,3,1,2,1,4,1,3,3,4
276070654,-1,-1,4,4,-1,3,2,2,4,4,2,-1,3,3,2,-1,-1,3
276070655,3,2,2,3,2,2,2,2,2,2,3,2,2,3,3,2,2,2
276070656,2,2,3,2,2,1,1,1,2,2,2,2,2,3,3,3,3,2
276070657,2,2,2,2,2,2,2,2,2,2,2,2,2,3,2,2,2,2
276070658,4,3,3,2,2,2,2,2,3,3,2,2,2,3,3,3,-1,4
276070659,3,-1,3,3,-1,1,2,3,3,3,2,2,3,3,2,3,-1,-1
276070660,-1,2,3,3,2,2,2,3,3,3,3,-1,2,2,2,3,-1,2
276070661,4,3,3,3,3,2,-1,3,3,3,3,-1,1,3,3,2,-1,4
276070662,3,-1,4,4,2,2,4,4,4,4,3,2,2,4,4,2,-1,4
276070663,3,3,3,3,2,2,3,4,4,4,2,2,2,3,4,1,-1,3
276070664,4,4,3,3,3,3,2,4,4,3,2,2,3,4,4,2,3,3
276070665,3,2,3,3,2,2,3,4,4,4,3,-1,2,4,2,3,3,2
276070666,2,3,3,3,-1,3,2,3,3,-1,3,2,2,3,3,2,1,2
276070667,3,2,2,3,1,2,2,3,2,2,2,1,1,4,4,1,1,1
276070668,1,1,2,1,2,1,1,2,-1,2,2,2,2,2,2,1,2,3
276070669,2,2,1,3,2,1,1,3,3,3,2,1,3,4,4,1,2,1
276070670,2,-1,3,3,-1,2,2,2,2,2,2,2,2,3,2,2,2,2
276070671,1,2,3,3,2,1,1,2,2,1,1,2,3,3,2,2,1,1
276070672,3,2,2,2,2,1,1,2,2,2,2,2,2,3,3,2,2,2
276070673,3,3,3,3,2,2,1,3,3,3,3,1,2,3,3,2,-1,2
276070674,4,3,1,2,2,2,1,2,2,2,2,2,1,3,3,2,2,1
276070675,4,2,4,2,2,1,1,2,2,1,3,2,2,1,2,3,2,2
276070676,2,2,3,3,2,2,2,3,3,3,2,2,3,3,2,2,2,2
276070677,2,2,3,3,3,2,2,-1,-1,-1,2,2,2,2,2,2,2,2
276070678,3,2,3,3,3,2,-1,4,4,4,3,-1,-1,4,4,-1,2,2
276070679,3,2,3,3,3,2,3,3,4,3,3,2,2,3,4,2,1,2
276070680,3,3,3,4,-1,3,3,4,4,4,3,-1,3,-1,-1,3,-1,-1
276070681,3,-1,3,4,-1,2,2,4,4,4,3,-1,3,-1,3,3,-1,2
276070682,-1,4,3,3,2,2,2,3,3,3,2,1,3,3,4,2,-1,2
276070683,3,2,1,2,3,2,1,2,2,2,3,3,1,3,3,2,2,3
276070684,4,3,2,2,3,2,3,3,3,3,3,2,3,3,4,3,3,4
276070685,3,4,2,2,3,2,2,3,3,2,2,2,1,2,4,2,2,1
276070686,2,3,2,3,2,2,2,3,3,3,2,2,3,4,4,2,2,2
276070687,4,2,3,3,-1,2,-1,3,3,3,3,-1,2,2,2,-1,3,3
276070688,4,3,3,3,3,2,2,3,3,3,-1,-1,3,3,-1,2,-1,2
276070689,3,2,3,3,2,1,1,3,2,3,2,1,2,3,3,3,3,3
276070690,3,2,1,2,2,1,1,3,3,2,2,1,2,2,3,2,3,2
276070691,3,3,3,3,4,2,1,3,3,2,3,2,3,4,4,2,2,2
276070692,3,3,4,4,3,3,3,3,3,3,3,1,4,3,3,3,-1,-1
276070693,4,2,4,3,3,2,2,3,3,2,2,2,-1,3,4,-1,-1,2
276070694,2,2,4,4,-1,1,3,3,3,3,2,-1,1,3,4,3,3,3
276070695,3,3,3,2,-1,3,3,3,3,3,3,3,2,3,3,-1,-1,-1
276070696,-2,-2,4,3,2,2,2,2,2,2,2,-2,-2,4,4,-2,-2,-2
276070697,2,2,3,2,2,1,1,2,3,2,2,1,2,2,2,1,1,1
276070698,3,3,3,3,3,2,1,2,3,2,2,2,1,3,3,3,3,2
276070699,4,2,3,3,2,2,2,3,3,2,2,2,2,3,3,2,3,3
276070700,2,3,3,3,3,2,2,2,3,2,2,3,2,3,3,3,3,3
276070701,-1,2,4,3,-1,2,3,3,3,3,2,-1,2,3,2,2,2,3
276070702,2,3,3,3,3,1,1,3,3,3,2,3,3,2,2,3,3,3
276070703,3,2,4,3,3,2,2,3,4,3,2,2,2,-1,2,2,2,3
276070704,3,3,2,2,-1,2,2,2,3,2,2,2,1,2,2,2,-1,3
276070705,2,2,2,2,2,2,2,2,2,2,2,2,2,2,2,2,2,2
276070706,3,2,3,3,3,2,1,2,3,2,2,2,3,1,2,3,3,2
276070707,3,2,3,3,3,2,3,3,3,3,3,2,2,3,2,2,2,3
276070708,4,2,3,2,2,2,2,2,2,2,2,2,2,4,4,2,2,2
276070709,2,2,2,3,-1,1,2,2,4,3,2,2,1,3,3,-1,2,3
276070710,3,-1,3,3,-1,2,3,3,3,3,2,-1,1,3,4,2,-1,3
276070711,2,3,3,3,2,1,1,2,3,3,2,2,2,3,3,2,2,2
276070712,1,3,3,2,-1,2,-1,-1,3,3,2,2,1,3,3,2,2,2
276070713,4,2,4,2,2,2,4,2,-1,-1,-1,1,-1,4,2,4,-1,2
276070714,4,3,4,4,2,2,3,2,3,2,2,2,3,4,4,1,1,1
276070715,-1,2,3,3,3,1,1,2,-1,-1,2,2,-1,-1,2,2,2,2
276070716,2,3,4,4,4,2,2,3,3,2,2,2,2,3,2,2,3,3
276070717,2,3,3,3,3,2,2,3,3,3,3,3,2,4,3,2,2,2
276070718,3,2,3,2,2,1,1,2,2,2,2,2,2,3,3,2,3,2
276070719,4,4,2,4,3,3,2,4,4,4,3,2,1,3,4,2,-1,2
276070720,3,1,2,3,2,1,3,2,2,2,2,2,1,2,2,1,1,1
276070721,3,2,3,2,-1,2,3,3,3,3,3,2,2,3,3,2,-1,2
276070722,3,1,1,2,2,1,1,2,3,2,1,1,1,2,2,2,1,1
276070723,4,3,2,2,2,1,3,3,3,3,3,3,3,4,3,3,3,3
276070724,3,3,2,2,2,1,1,2,2,2,1,1,1,3,3,2,-1,2
276070725,2,2,2,2,2,2,3,2,3,2,2,2,2,2,2,2,2,2
276070726,1,1,2,2,2,1,1,1,2,1,1,1,1,1,1,1,1,1
276070727,3,4,2,3,2,1,1,1,2,2,1,2,2,2,1,2,1,2
276070728,1,3,2,2,2,1,1,3,4,3,3,-1,3,-1,-1,3,3,3
276070729,3,3,3,3,3,3,3,3,3,2,3,2,2,3,3,3,3,2
276070730,3,2,2,3,3,1,2,2,3,2,3,3,2,2,3,2,-1,-1
276070731,4,3,4,4,3,1,2,4,3,3,1,2,4,3,4,2,2,3
276070732,3,2,3,3,-1,1,3,3,3,3,3,3,2,3,3,2,2,3
276070733,4,2,2,2,2,2,2,3,3,3,2,2,2,3,4,2,2,3
276070734,3,2,3,3,3,4,3,4,3,3,3,2,2,3,3,3,2,3
276070735,4,3,4,4,3,2,3,4,4,3,3,2,2,2,3,2,-2,3
276070736,4,2,3,3,3,4,4,4,4,4,3,2,3,4,2,2,-2,2
276070737,1,2,2,2,2,2,2,2,2,2,2,2,2,3,2,2,2,2
276070738,1,3,3,4,-1,2,2,3,3,3,2,-1,2,3,3,2,4,3
276070739,3,2,4,3,3,2,2,3,3,3,2,2,2,3,2,2,2,2
276070740,3,3,3,3,3,2,2,3,3,3,2,2,1,4,2,2,3,2
276070741,2,-1,4,3,3,3,2,3,3,3,2,-1,4,4,2,3,2,2
276070742,3,3,3,3,2,2,2,2,2,2,1,2,2,3,2,2,2,1
276070743,3,2,3,3,2,1,2,2,2,2,2,2,2,3,3,2,2,3
276070744,-1,-1,4,4,4,2,3,4,4,4,2,2,4,4,3,4,4,3
276070745,2,2,3,3,2,2,2,2,3,2,2,2,2,3,3,3,2,3
276070746,2,3,2,2,-2,3,3,2,2,2,2,-1,1,3,3,1,-1,2
276070747,4,2,3,3,3,2,2,2,2,2,1,2,1,2,1,2,-1,2
276070748,3,2,3,3,2,2,1,2,2,2,2,2,2,2,2,2,-1,2
276070749,2,2,3,3,4,2,3,2,2,2,2,2,1,3,2,2,1,3
276070750,4,2,3,4,3,2,2,3,4,4,3,2,3,-1,4,3,3,3
276070751,1,-1,2,3,-1,2,2,-1,-1,-1,2,2,2,3,2,2,2,2
276070752,-2,2,2,-2,-2,2,2,2,2,2,2,2,2,3,3,2,2,2
276070753,-2,3,3,3,3,2,2,-2,-2,-2,3,3,3,3,3,3,3,3
276070754,3,2,3,3,3,2,3,2,2,2,2,1,2,2,3,1,1,1
276070755,2,2,3,2,2,2,2,2,2,2,2,2,2,2,-1,-1,-1,-1
276070756,2,2,2,3,2,2,2,2,3,2,2,2,2,3,3,2,2,2
276070757,3,2,3,3,4,1,3,3,4,3,3,2,2,3,4,2,3,3
276070758,2,2,2,2,-1,2,2,2,2,2,2,-1,2,2,2,2,2,2
276070759,2,2,3,2,2,2,2,3,3,3,3,2,2,3,3,2,2,2
276070760,4,2,3,3,3,2,2,2,2,2,2,2,2,3,3,2,2,2
276070761,2,1,3,3,3,1,2,3,4,3,2,2,3,3,3,2,2,1
276070762,2,2,2,3,2,2,2,3,3,2,2,2,2,3,3,2,3,2
276070763,3,2,3,4,2,2,2,2,2,2,2,2,2,3,2,3,2,2
276070764,2,2,3,3,3,2,2,2,2,2,2,-1,2,3,2,2,-1,2
276070765,2,2,2,2,-1,2,2,3,3,3,3,2,1,4,3,2,2,3
276070766,3,2,2,2,2,2,2,2,2,2,2,2,1,2,2,2,2,2
276070767,4,-1,2,3,-1,3,2,-1,3,2,3,1,2,3,4,2,2,2
276070768,2,2,3,3,3,2,1,3,3,3,2,3,3,3,3,2,3,2
276070769,3,2,3,3,3,2,4,4,4,4,4,2,3,3,4,3,3,2
276070770,2,3,3,3,2,1,2,3,4,3,2,1,2,3,3,3,3,2
276070771,2,3,2,3,3,2,2,2,2,2,2,2,1,3,4,2,2,2
276070772,3,3,1,2,4,2,1,3,4,2,2,1,1,4,3,3,4,4
276070773,3,3,3,4,-2,2,2,2,3,3,2,2,2,3,3,2,2,2
276070774,2,2,3,3,-2,2,3,2,3,3,-1,2,2,3,2,2,2,2
276070775,3,-1,3,3,-1,2,-1,-1,3,-1,-1,-1,3,3,3,-1,-1,-1
276070776,3,3,3,2,3,-1,-1,-1,3,3,3,2,2,3,3,2,2,2
276070777,3,2,4,3,2,1,2,4,4,4,3,2,3,3,3,3,2,2
276070778,3,2,3,3,3,2,2,3,3,3,3,2,3,2,2,2,2,2
276070779,3,3,3,3,3,2,2,2,2,2,3,3,2,3,3,3,3,2
276070780,3,2,2,2,2,1,1,1,3,2,2,2,3,3,3,3,2,2
276070781,2,2,2,2,2,2,2,2,2,2,2,2,2,3,2,2,2,2
276070782,2,2,2,2,2,2,2,2,2,2,2,2,2,2,2,2,2,2
276070783,2,1,3,3,2,1,2,2,2,2,2,2,1,2,3,1,2,1
276070784,2,1,3,2,2,1,1,2,3,2,1,2,2,2,2,2,2,2
276070785,3,2,4,4,4,2,2,4,4,4,3,2,2,3,4,2,2,2
276070786,2,2,2,2,2,2,2,2,3,3,2,-2,2,3,3,2,2,2
276070787,3,3,2,3,2,2,2,2,-2,2,2,2,1,3,3,2,-2,2
276070788,3,4,2,2,3,3,3,3,4,3,2,2,2,3,3,2,2,3
276070789,3,2,3,3,2,3,3,3,3,3,3,2,1,2,2,2,2,2
276070790,3,2,2,2,2,2,2,3,3,3,2,2,2,3,3,2,2,2
276070791,3,3,2,2,3,2,2,3,3,3,2,2,2,3,3,2,2,2
276070792,2,1,1,2,1,1,1,1,2,1,1,1,1,3,2,1,2,1
276070793,4,2,4,4,4,2,4,4,4,4,4,4,4,4,4,4,4,4
276070794,3,3,4,4,4,1,3,4,4,4,3,3,4,3,4,4,-2,-2
276070795,1,2,2,2,3,2,2,3,3,3,2,1,2,2,3,1,1,1
276070796,2,2,3,3,3,2,3,3,3,3,3,-1,4,4,4,4,4,4
276070797,2,3,3,3,3,2,3,3,4,3,3,2,2,3,4,3,3,3
276070798,3,2,2,3,3,2,1,2,3,2,2,3,1,-2,3,3,-1,2
276070799,3,2,3,3,3,2,3,3,3,3,2,2,2,3,3,3,2,2
276070800,4,1,3,2,3,3,3,4,4,4,3,2,3,3,4,-1,2,2
276070801,2,3,4,4,3,2,2,2,2,2,2,3,2,4,2,2,2,2
276070802,4,3,2,3,2,2,2,2,3,2,2,2,3,-1,-1,2,4,3
276070803,4,2,3,3,2,1,1,2,2,2,2,2,1,2,2,2,2,2
276070804,3,3,3,3,2,2,2,3,3,3,4,2,2,3,2,2,2,2
276070805,2,2,2,2,3,2,2,2,2,2,2,2,1,3,3,2,2,2
276070806,3,3,3,3,3,2,2,3,3,2,2,2,2,3,3,2,2,2
276070807,4,4,4,4,4,2,4,4,4,4,4,2,4,3,4,-1,3,4
276070808,2,2,3,3,3,2,2,3,3,3,2,2,3,3,3,2,2,2
276070809,1,2,2,3,2,1,2,3,3,3,2,1,1,3,2,2,2,1
276070810,3,2,2,3,2,2,1,2,3,2,2,2,1,3,3,2,2,3
276070811,4,3,3,3,3,2,3,3,3,3,3,-1,4,3,2,-1,-1,-1
276070812,2,2,3,3,3,2,2,3,3,3,3,2,2,3,2,2,2,1
276070813,2,2,2,2,2,2,2,2,2,2,2,2,2,2,2,2,2,2
276070814,2,2,3,3,-1,1,1,1,3,3,2,2,2,3,3,2,2,2
276070815,-2,2,3,3,2,2,2,3,3,3,3,2,3,3,3,3,3,3
276070816,3,3,3,3,3,3,3,3,3,3,3,3,3,3,3,3,3,3
276070817,2,2,3,3,3,2,2,2,3,2,2,2,2,3,3,3,2,2
276070818,3,3,3,3,3,2,2,3,3,3,2,2,2,3,3,2,3,3
276070819,4,-1,3,3,3,1,4,4,4,4,3,3,3,3,3,3,-1,3
276070820,3,3,3,3,3,3,3,3,3,3,3,3,2,3,3,3,3,3
276070821,2,2,2,3,2,1,2,3,3,3,2,2,1,3,4,3,2,3
276070822,3,2,2,3,2,2,2,2,2,2,2,2,2,2,2,2,2,3
276070823,2,3,3,3,3,2,2,3,3,3,3,2,2,2,3,2,2,2
276070824,2,2,3,3,3,1,2,3,3,3,3,2,2,3,3,2,2,3
276070825,4,2,4,4,3,2,2,2,4,3,2,2,2,3,2,4,2,3
276070826,1,2,2,3,2,2,1,1,-2,2,2,1,2,2,2,1,2,2
276070827,4,2,2,2,2,2,-1,3,3,3,2,2,2,3,2,3,-1,-1
276070828,3,2,3,4,3,1,1,2,2,2,2,2,2,3,3,2,2,2
276070829,3,3,2,3,2,2,1,2,2,2,2,1,2,3,3,3,2,2
276070830,3,3,3,3,2,2,3,3,4,3,2,2,2,3,3,2,3,3
276070831,3,3,2,3,2,2,2,3,3,3,3,-1,2,3,3,2,2,2
276070832,4,2,3,3,3,1,2,2,3,2,1,2,3,3,2,2,2,2
276070833,3,-1,-1,-1,-1,2,2,-1,-1,-1,2,-1,4,3,3,3,3,2
276070834,3,3,3,3,2,3,3,3,3,3,3,2,2,3,4,2,2,2
276070835,4,3,3,3,3,2,2,4,3,3,3,2,2,3,2,2,2,3
276070836,4,3,3,3,3,2,1,3,3,3,2,1,2,3,1,1,-2,2
276070837,4,3,3,3,4,2,2,3,3,3,3,-1,1,3,3,2,2,2
276070838,1,2,2,2,2,2,2,2,2,2,2,1,1,2,2,1,1,2
276070839,1,2,3,3,4,1,1,3,3,3,2,2,2,2,2,2,2,1
276070840,2,-1,3,2,-1,-1,3,2,2,-1,-1,2,-1,-1,3,-1,-1,-1
276070841,2,1,2,2,3,2,2,3,3,3,3,-1,3,3,3,3,-1,3
276070842,3,3,4,3,3,3,3,3,3,4,4,-1,2,4,4,3,2,2
276070843,3,3,4,3,3,4,3,3,3,3,3,2,3,4,4,4,4,4
276070844,3,3,2,2,2,2,2,2,3,2,2,2,1,3,3,2,3,2
276070845,3,2,4,4,2,1,2,2,3,3,3,2,2,2,1,2,1,2
276070846,1,3,3,2,2,2,2,2,2,2,2,2,2,3,3,3,2,2
276070847,3,3,3,3,3,2,2,2,3,3,2,2,2,4,4,3,-1,-1
276070848,2,2,2,2,2,2,2,2,-2,2,2,2,2,-2,2,3,2,2
276070849,4,3,3,3,-1,3,3,3,3,3,3,-1,3,-1,3,-1,-1,-1
276070850,-2,-2,3,3,-2,3,2,4,4,4,4,-2,3,3,2,2,2,2
276070851,4,3,3,3,3,2,2,3,3,3,3,1,1,3,3,1,1,3
276070852,3,1,3,3,2,3,2,3,4,3,2,-1,3,2,2,2,-1,-1
276070853,1,3,2,3,3,4,3,3,3,3,3,3,3,3,2,2,3,3
276070854,2,2,3,3,3,2,2,2,3,2,2,2,2,2,2,2,3,2
276070855,3,2,3,3,4,2,2,3,3,3,3,2,3,3,3,4,3,2
276070856,3,2,2,2,2,1,1,2,2,2,1,2,1,3,3,2,2,2
276070857,2,3,2,2,3,1,1,2,3,3,2,2,3,3,3,3,2,2
276070858,4,3,4,3,4,3,3,4,4,4,3,4,4,3,4,3,4,3
276070859,3,3,3,3,3,2,2,3,3,3,2,2,2,3,3,3,3,3
276070860,2,2,3,3,3,2,2,3,4,3,2,2,2,2,3,2,2,2
276070861,3,-1,3,3,3,2,2,2,3,2,2,2,2,3,3,2,2,3
276070862,3,2,2,2,2,2,2,2,3,3,3,2,2,3,3,3,-1,3
276070863,4,3,4,4,4,3,3,4,4,4,2,2,4,3,3,2,-1,3
276070864,2,2,2,3,2,1,1,1,2,2,2,1,1,3,4,1,2,2
276070865,4,2,4,4,2,3,4,4,3,3,2,-1,4,2,1,1,-1,2
276070866,1,3,3,3,2,2,-1,2,3,3,2,2,3,3,2,3,3,2
276070867,3,1,2,2,2,1,1,2,3,2,1,1,2,3,2,2,2,2
276070868,2,1,1,1,2,1,1,1,2,1,1,1,2,1,1,2,1,2
276070869,4,2,4,3,3,2,3,3,4,3,2,1,2,4,4,2,2,1
276070870,4,4,3,3,4,3,4,3,4,3,2,-1,3,4,4,2,2,2
276070871,4,3,4,4,4,2,2,3,3,3,3,2,1,4,3,-1,-1,-1
276070872,3,2,4,3,3,4,4,3,3,3,3,2,1,4,2,2,2,4
276070873,3,3,2,2,2,1,1,2,3,2,2,2,1,2,2,3,-1,2
276070874,4,2,3,3,-1,2,4,3,3,3,3,3,2,4,3,4,-1,-1
276070875,1,2,2,2,2,1,1,2,2,2,3,2,1,3,3,1,1,1
276070876,4,4,3,3,4,3,3,3,3,3,2,-1,3,-1,3,-1,-1,-1
276070877,4,3,3,3,2,2,2,3,3,3,3,2,2,3,3,2,2,3
276070878,-1,2,3,-2,3,1,2,3,3,3,2,-1,2,3,3,2,2,2
276070879,3,2,-2,3,4,2,2,3,3,3,3,2,4,4,2,2,2,3
276070880,4,3,2,2,2,2,3,4,4,3,3,2,1,4,2,2,2,2
276070881,2,1,2,2,2,2,1,2,3,2,2,2,1,2,2,2,2,1
276070882,3,2,3,3,3,2,2,2,3,3,3,2,3,3,3,2,3,3
276070883,2,2,3,3,3,2,2,4,4,4,3,2,3,4,4,3,-2,3
276070884,2,2,3,3,3,2,2,2,3,3,2,2,2,3,3,2,2,2
276070885,3,2,2,2,1,2,2,3,3,2,2,2,1,3,4,3,3,3
276070886,3,2,4,4,3,1,1,4,4,4,3,2,3,3,2,1,2,2
276070887,4,2,3,3,-1,3,2,2,3,3,2,2,2,2,3,3,-1,2
276070888,3,2,2,2,2,1,1,3,3,3,2,2,2,2,2,2,2,2
276070889,2,2,4,4,4,1,1,3,3,3,1,1,1,4,4,2,2,2
276070890,3,-1,-1,3,-1,2,2,3,3,3,2,2,3,3,3,2,2,3
276070891,3,2,4,4,4,2,2,2,4,4,3,-1,3,2,2,2,2,3
276070892,3,3,4,3,3,2,3,4,3,3,2,-1,3,4,3,2,2,2
276070893,3,1,3,4,3,1,2,2,2,2,2,2,3,3,3,3,3,2
276070894,2,2,2,2,2,1,1,3,3,3,2,2,1,3,2,2,2,2
276070895,2,2,3,3,2,2,2,2,3,2,2,2,2,2,1,2,2,2
276070896,2,2,3,3,2,3,2,3,3,3,2,2,2,2,2,2,2,2
276070897,4,2,2,3,1,1,1,2,2,2,3,1,1,2,2,2,2,3
276070898,3,-1,3,3,2,1,4,4,4,4,3,3,4,4,4,2,2,3
276070899,2,2,2,3,2,2,2,2,2,2,2,2,2,3,2,2,2,2
276070900,4,3,2,2,2,1,1,2,3,2,2,3,1,4,4,2,4,3
276070901,2,3,2,2,2,2,3,2,3,2,2,1,2,2,3,2,1,2
276070902,3,2,3,3,3,2,2,3,3,3,3,2,2,3,3,2,-1,3
276070903,3,3,3,3,2,2,2,3,3,3,2,2,3,3,3,2,2,2
276070904,3,2,1,2,1,1,1,1,2,1,1,1,1,3,3,2,2,2
276070905,3,2,1,3,-2,2,1,2,2,2,3,2,1,3,4,2,-2,2
276070906,1,1,4,4,1,1,1,2,2,2,1,-1,2,4,4,2,2,1
276070907,3,2,2,3,3,1,2,2,3,2,3,2,2,3,3,2,-1,3
276070908,2,-1,4,4,4,2,3,4,4,4,3,-1,2,4,4,3,-1,3
276070909,4,3,4,3,3,2,3,3,3,3,3,2,3,3,3,2,-1,2
276070910,4,2,4,4,2,1,3,4,4,4,2,2,3,2,4,1,1,1
276070911,3,3,3,3,2,2,2,2,3,2,2,2,2,3,3,2,2,2
276070912,2,3,4,3,3,2,2,3,3,3,2,2,3,3,2,2,2,2
276070913,3,2,3,3,2,2,2,3,3,3,2,2,3,3,2,3,3,2
276070914,2,2,1,1,2,1,1,2,2,1,2,1,2,2,1,2,2,2
276070915,3,3,2,2,2,2,1,2,3,2,2,2,2,4,4,2,2,3
276070916,3,4,2,4,2,3,2,-2,-2,2,3,2,2,3,2,2,2,2
276070917,3,3,4,4,3,2,2,3,3,3,3,2,3,4,4,3,2,2
276070918,3,3,3,3,-1,1,1,3,3,3,3,3,3,3,3,3,3,3
276070919,3,2,2,2,2,2,2,2,3,3,3,2,3,3,3,2,2,2
276070920,3,2,3,3,2,2,2,3,3,3,2,2,3,2,2,2,3,2
276070921,2,3,3,3,2,2,2,3,3,3,2,3,3,3,3,3,3,2
276070922,2,3,3,3,3,2,2,2,3,2,2,2,2,3,3,2,-1,2
276070923,3,3,3,3,3,2,3,2,3,3,2,2,2,3,2,2,2,2
276070924,3,3,4,3,3,2,3,4,4,4,3,2,3,3,3,2,-1,-1
276070925,-1,-1,4,3,-1,2,-1,-1,-1,-1,-1,-1,-1,-1,-1,-1,-1,-1
276070926,2,3,2,2,2,1,1,2,2,1,1,1,1,3,3,2,2,2
276070927,4,4,4,4,3,4,4,4,4,4,3,3,3,3,2,3,3,3
276070928,1,1,2,2,2,1,1,3,3,3,2,2,2,3,3,1,1,3
276070929,-1,3,3,2,2,3,3,3,3,3,3,2,2,3,2,3,2,3
276070930,1,4,3,3,3,2,2,4,4,4,3,2,4,4,4,2,-2,-2
276070931,2,-1,-1,-1,2,2,2,-1,-1,2,2,1,2,3,-1,1,1,1
276070932,3,3,2,2,-1,1,1,2,2,2,2,1,1,3,3,2,2,2
276070933,2,-1,2,3,3,-1,2,-1,-1,-1,-1,2,2,3,3,2,-1,3
276070934,3,2,4,3,3,2,2,2,2,2,1,2,1,1,2,2,2,2
276070935,1,1,3,2,1,1,1,1,-1,2,2,1,1,2,1,1,-1,-1
276070936,2,3,3,3,2,3,4,4,4,4,3,2,2,3,4,2,3,2
276070937,2,-1,4,4,4,2,2,3,3,3,2,2,3,3,3,2,2,2
276070938,4,4,4,4,3,2,2,3,3,3,3,2,2,4,4,2,2,2
276070939,3,3,3,3,2,2,3,3,3,3,3,2,2,3,3,3,3,3
276070940,2,3,3,3,3,2,2,3,3,2,2,2,3,3,3,2,2,1
276070941,4,4,4,4,4,3,3,4,4,4,4,2,4,4,4,3,3,3
276070942,3,3,3,2,3,2,2,2,3,2,2,2,2,3,3,3,-2,2
276070943,1,2,3,3,4,2,2,3,3,3,1,1,2,4,4,2,2,1
276070944,4,3,4,3,3,1,2,4,4,4,1,2,2,4,4,3,2,2
276070945,3,3,2,-2,3,3,3,4,3,3,3,2,1,3,3,3,4,2
276070946,2,2,2,2,3,2,2,2,3,2,2,2,2,3,3,2,2,2
276070947,3,4,3,2,2,3,3,3,4,4,4,2,2,4,4,2,2,2
276070948,3,2,3,3,2,2,2,4,3,3,4,2,3,4,4,3,3,3
276070949,3,3,3,3,3,3,3,3,3,3,3,3,3,3,3,3,3,3
276070950,2,2,2,2,2,1,1,2,2,2,1,2,2,3,2,2,2,2
276070951,2,2,2,2,1,1,2,2,3,2,2,1,1,2,3,2,2,2
276070952,4,4,4,4,4,2,3,4,4,4,4,2,3,3,3,4,3,3
276070953,3,3,4,3,3,2,3,4,4,3,3,-2,2,4,4,2,-1,3
276070954,3,3,3,3,2,2,3,3,3,3,3,3,3,3,3,2,2,3
276070955,3,3,3,3,2,2,2,4,4,4,2,3,3,3,2,3,2,3
276070956,4,3,4,3,3,2,2,3,4,3,2,-1,3,4,4,2,-1,3
276070957,3,3,3,3,3,2,2,3,3,3,3,2,3,3,3,2,3,3
276070958,2,2,2,3,-1,2,2,2,3,2,2,2,2,2,2,3,2,2
276070959,3,2,3,3,3,2,2,3,3,3,3,-1,2,3,2,3,3,3
276070960,1,2,3,2,3,1,1,2,-1,-1,1,-1,-1,3,2,-1,-1,-1
276070961,3,2,2,2,2,2,1,3,3,2,2,2,1,4,4,2,2,3
276070962,3,3,4,4,3,3,4,4,4,4,3,3,4,4,4,3,-1,-1
276070963,3,2,4,3,3,2,2,3,3,3,2,-1,3,3,3,2,2,3
276070964,3,2,3,3,2,1,1,3,3,3,2,2,2,3,3,2,2,1
276070965,2,-1,-1,3,3,2,2,-1,-1,-1,-1,-1,2,-1,3,2,2,2
276070966,3,2,2,2,3,2,2,2,2,2,2,-1,2,2,3,2,-1,3
276070967,2,3,2,2,3,2,2,3,3,3,3,3,2,3,3,3,3,3
276070968,1,2,3,3,4,1,2,3,4,2,2,1,4,3,3,2,-1,2
276070969,3,2,2,2,2,1,2,3,3,3,2,2,4,3,3,2,2,2
276070970,2,1,3,3,3,1,3,3,3,3,2,1,3,4,3,3,1,1
276070971,2,2,3,3,2,1,1,1,2,2,2,2,2,3,2,2,2,2
276070972,3,1,3,3,2,1,1,1,2,1,1,1,1,2,1,2,3,2
276070973,3,3,1,1,4,2,3,2,3,2,3,2,2,3,3,2,3,3
276070974,2,2,3,2,2,1,1,2,2,2,2,1,1,2,2,2,2,1
276070975,2,2,2,2,2,2,2,2,2,2,2,2,2,3,3,2,2,2
276070976,3,3,1,2,1,1,1,1,2,1,1,2,1,3,4,2,2,1
276070977,4,4,2,2,3,3,2,2,3,3,2,2,1,3,3,2,3,3
276070978,2,2,3,3,2,2,2,2,3,2,3,-1,1,3,4,2,-1,3
276070979,3,2,3,3,3,2,2,3,3,3,3,2,3,3,3,3,3,-1
276070980,3,3,3,3,3,2,3,3,3,3,3,2,2,2,2,2,2,2
276070981,3,2,3,3,3,2,2,3,3,3,3,3,3,3,3,3,2,3
276070982,3,3,3,3,3,2,-1,2,3,3,2,2,2,3,3,2,-1,2
276070983,4,2,3,3,3,2,3,4,4,4,3,2,4,4,3,3,3,3
276070984,3,3,2,3,2,2,2,3,3,2,2,1,2,4,4,1,1,1
276070985,4,2,4,4,4,2,2,2,4,4,2,2,2,4,2,2,2,2
276070986,3,2,3,3,3,2,3,3,3,3,3,3,4,3,3,3,3,3
276070987,2,3,3,2,3,2,3,3,3,3,4,2,1,3,3,2,2,2
276070988,3,3,3,3,3,2,2,3,3,2,2,2,2,3,3,2,2,2
276070989,4,2,2,3,1,1,1,3,3,3,2,1,3,4,4,1,1,1
276070990,4,2,3,3,3,3,3,3,4,4,4,2,4,2,2,4,3,3
276070991,3,3,2,3,3,2,2,2,3,3,3,3,3,2,1,1,1,2
276070992,3,4,4,4,2,2,2,2,4,4,4,1,3,2,2,2,2,3
276070993,3,3,2,2,3,2,2,3,3,3,1,2,3,2,2,2,2,2
276070994,3,3,4,4,3,2,3,3,3,3,2,2,2,3,3,2,2,2
276070995,3,3,4,4,4,3,3,4,4,4,3,3,4,4,4,4,3,4
276070996,2,3,2,2,2,2,2,2,2,2,2,2,1,3,2,2,2,2
276070997,3,2,2,3,3,2,2,2,2,2,2,2,2,3,3,2,2,2
276070998,4,4,4,3,3,4,3,4,4,4,3,2,2,4,4,3,3,3
276070999,2,2,3,3,2,2,2,3,3,3,2,1,2,2,2,2,2,2
276071000,1,-1,3,3,-1,2,2,3,3,3,2,2,2,4,4,3,-1,2
276071001,2,2,2,2,2,2,2,2,2,2,2,2,2,2,2,2,2,2
276071002,3,2,3,4,-1,1,1,1,2,-1,-1,2,1,-1,1,-1,-1,-1
276071003,4,3,3,2,3,2,2,3,3,3,2,2,4,1,3,2,2,2
276071004,4,3,4,4,4,2,2,4,4,4,3,2,4,3,4,3,3,3
276071005,4,3,4,3,2,2,2,4,4,4,3,4,4,3,2,1,1,1
276071006,3,2,2,2,2,2,1,2,3,3,2,1,2,3,2,2,2,2
276071007,3,2,4,3,3,3,2,4,4,4,3,2,1,2,3,4,3,3
276071008,4,3,3,3,2,2,2,3,3,3,3,2,2,3,3,3,3,3
276071009,2,3,4,3,2,1,1,2,3,3,2,1,2,2,1,1,1,1
276071010,-1,-1,2,2,-1,2,2,-1,-1,-1,-1,2,2,3,2,2,1,2
276071011,2,2,2,2,2,2,3,2,2,2,2,2,2,3,2,2,2,2
276071012,3,2,2,2,2,3,3,4,4,4,2,2,4,4,4,2,2,3
276071013,-1,1,2,2,2,2,-1,3,-1,-1,2,2,2,2,2,1,3,2
276071014,4,3,3,3,2,2,2,3,3,2,2,2,2,3,2,2,2,2
276071015,3,3,4,4,2,2,3,3,3,3,2,2,3,3,4,3,2,3
276071016,3,2,3,3,2,2,2,2,3,2,2,2,2,2,3,3,2,2
276071017,3,3,3,3,3,3,3,3,3,3,3,3,3,3,3,3,3,3
276071018,3,3,3,3,3,2,2,4,4,3,2,2,3,4,4,4,2,4
276071019,4,3,2,2,2,2,2,2,2,2,2,2,1,2,2,2,2,2
276071020,-1,2,4,4,3,1,2,3,3,3,2,2,1,3,3,2,2,2
276071021,3,3,2,2,3,2,2,2,3,3,2,-1,2,-1,3,2,2,2
276071022,3,4,3,3,2,2,3,4,4,4,3,2,3,4,3,2,3,2
276071023,2,2,3,3,3,2,2,3,3,2,3,2,3,3,3,2,2,2
276071024,2,-1,3,2,3,-1,2,3,3,3,3,2,3,3,2,2,-1,2
276071025,3,2,2,2,2,2,2,2,2,2,2,3,2,2,2,2,3,3
276071026,3,3,3,3,-1,1,-1,3,3,3,3,-1,3,3,3,3,3,-1
276071027,3,3,4,3,1,1,1,1,4,2,3,1,1,3,3,1,1,3
276071028,3,3,2,3,2,3,3,3,3,3,2,2,2,3,3,2,-2,2
276071029,3,3,2,2,3,2,2,2,2,2,2,2,1,3,3,2,2,3
276071030,4,4,3,3,2,2,2,3,3,3,3,2,1,4,4,3,3,2
276071031,3,2,3,2,2,1,2,3,3,2,3,2,2,3,3,2,2,2
276071032,2,3,2,3,3,2,4,2,2,2,3,2,2,3,2,3,3,2
276071033,3,2,2,3,1,1,1,2,3,2,2,1,1,3,3,1,1,2
276071034,3,2,2,3,3,2,2,3,3,3,3,2,2,3,4,2,2,2
276071035,3,3,3,2,2,3,3,3,3,2,2,2,2,3,3,2,2,2
276071036,2,2,2,2,3,1,1,2,2,2,2,1,2,2,2,2,2,2
276071037,2,2,3,2,2,2,3,2,2,2,2,2,2,3,3,3,2,2
276071038,3,3,2,2,3,2,2,2,3,2,2,1,2,3,2,3,1,1
276071039,4,4,2,2,2,2,2,3,3,3,3,3,2,4,4,2,2,2
276071040,4,3,3,3,3,2,2,4,4,4,3,-1,3,3,1,2,1,3
276071041,3,3,2,2,1,2,2,3,2,2,2,1,1,3,3,2,2,1
276071042,3,2,3,3,-1,2,2,3,3,3,3,-1,2,3,3,2,2,2
276071043,3,2,2,2,3,2,2,2,3,3,3,2,2,4,3,3,3,2
276071044,2,2,3,2,2,2,2,2,3,2,2,2,2,3,4,2,2,2
276071045,-1,2,2,2,2,2,2,2,-1,2,2,2,2,3,3,2,2,2
276071046,2,2,2,2,2,2,2,2,2,2,2,2,2,2,2,2,2,2
276071047,2,3,2,2,1,2,2,3,3,2,2,2,3,3,4,2,1,2
276071048,4,2,3,3,2,1,2,4,4,4,3,2,2,3,2,1,2,2
276071049,2,3,3,3,2,2,2,2,3,-1,3,2,2,3,2,1,2,2
276071050,3,3,4,3,1,2,-1,4,4,4,3,2,1,4,2,-1,-1,1
276071051,2,2,2,3,2,2,2,2,3,3,2,2,2,3,2,2,2,2
276071052,2,2,1,3,2,2,2,2,2,2,2,2,1,3,3,2,1,2
276071053,3,3,3,3,4,2,2,3,3,3,3,3,3,3,4,3,3,3
276071054,3,2,1,2,2,2,2,3,3,2,3,2,2,3,3,2,2,2
276071055,1,-1,3,3,-1,2,2,1,-1,-1,3,-1,-1,-1,-1,-1,-1,1
276071056,2,2,2,2,2,1,1,2,2,2,2,2,2,3,3,2,2,2
276071057,4,4,1,1,1,1,2,3,4,3,2,1,1,4,4,2,3,3
276071058,3,2,3,4,3,2,1,3,3,3,2,3,2,3,1,3,2,3
276071059,3,3,4,4,3,3,3,4,4,4,2,1,4,3,4,2,4,3
276071060,3,3,2,2,2,3,3,2,2,3,2,2,2,3,4,2,2,2
276071061,2,3,3,4,2,2,2,3,3,2,1,2,3,3,3,2,2,3
276071062,4,3,2,-2,2,2,2,3,3,3,2,2,2,3,4,1,1,1
276071063,3,2,3,3,3,2,2,2,-1,-1,2,2,3,-1,3,3,-1,2
276071064,3,-1,-1,3,-1,-1,-1,3,3,3,-1,-1,-1,4,4,-1,-1,-1
276071065,2,1,4,4,2,1,1,3,3,3,2,2,1,3,4,2,4,3
276071066,3,3,3,3,3,3,3,3,3,3,3,3,3,3,3,3,3,3
276071067,1,1,4,3,2,1,2,3,3,3,3,1,3,3,4,1,1,2
276071068,3,2,3,4,3,2,2,3,3,3,3,2,3,4,4,3,-1,3
276071069,3,1,3,3,2,2,1,3,2,2,2,1,1,3,3,2,3,2
276071070,2,3,3,3,3,2,1,4,4,3,2,3,4,4,4,3,3,2
276071071,4,2,2,3,2,2,2,3,3,3,2,1,2,2,2,2,2,2
276071072,3,2,2,2,2,2,2,2,3,1,2,2,2,3,4,1,1,1
276071073,3,4,4,4,4,2,2,3,4,4,2,2,2,3,4,2,2,4
276071074,3,2,2,2,2,2,2,3,3,2,3,2,2,3,4,1,1,2
276071075,4,3,3,2,3,2,2,3,3,3,3,2,1,3,3,2,2,2
276071076,4,2,3,3,3,2,2,2,3,3,2,2,3,2,3,2,2,2
276071077,2,2,4,2,3,2,2,3,3,1,2,1,2,2,2,4,2,3
276071078,-1,2,2,2,-1,2,2,2,2,2,2,2,1,2,3,2,-1,2
276071079,3,3,3,3,3,1,2,3,3,3,3,2,2,3,4,2,2,2
276071080,4,1,3,3,3,1,1,3,3,3,3,3,3,3,4,4,3,4
276071081,2,2,2,2,2,2,3,3,3,3,2,2,2,3,3,2,1,1
276071082,1,3,3,2,1,1,1,3,3,3,2,3,3,3,2,3,2,2
276071083,2,2,3,2,-1,3,3,2,3,3,3,2,3,3,3,3,2,2
276071084,3,3,4,3,3,3,3,3,3,3,3,3,3,3,4,3,3,2
276071085,3,2,4,3,3,3,2,3,3,3,3,2,3,3,2,-1,-1,2
276071086,3,2,2,2,2,2,2,2,3,2,2,2,2,3,3,2,-1,2
276071087,2,2,2,2,2,2,2,2,2,2,2,2,1,3,3,2,2,2
276071088,3,2,3,2,3,2,2,2,2,2,2,1,1,2,2,2,2,2
276071089,4,3,4,3,4,2,3,4,4,4,2,-1,4,4,4,4,4,4
276071090,3,2,2,3,3,2,2,2,3,2,2,2,2,2,2,2,2,2
276071091,2,2,2,3,3,1,3,3,4,2,1,1,3,3,4,2,1,3
276071092,2,2,3,3,2,1,1,1,2,2,2,2,2,2,2,2,1,1
276071093,2,2,2,2,3,2,2,2,3,2,2,2,1,2,2,3,2,2
276071094,2,2,2,3,2,1,1,2,4,2,2,2,1,4,4,2,2,2
276071095,3,1,2,2,2,1,1,1,1,1,1,1,1,2,2,2,2,2
276071096,3,3,4,4,4,2,2,3,3,3,2,2,3,3,3,3,-1,-1
276071097,4,4,4,4,3,1,3,4,4,4,3,-2,3,4,3,2,3,3
276071098,3,2,2,2,3,2,2,2,3,3,3,2,3,3,3,-1,-1,2
276071099,2,3,3,3,3,2,2,2,3,2,2,3,2,3,3,2,3,2
276071100,1,2,2,2,-1,1,2,2,3,2,2,-1,1,3,3,2,2,3
276071101,2,2,2,2,2,2,2,2,2,2,2,3,2,3,2,3,3,2
276071102,3,3,3,4,3,2,3,3,4,3,2,2,2,3,3,2,2,3
276071103,3,1,4,4,4,1,1,4,4,4,4,4,1,4,4,4,4,4
276071104,3,3,3,3,-1,3,2,4,4,3,2,2,2,3,2,4,3,4
276071105,4,3,2,2,2,2,2,3,3,3,2,1,2,2,1,1,2,2
276071106,1,1,3,3,2,1,1,2,2,2,2,2,2,2,2,2,2,2
276071107,4,3,4,4,2,1,2,3,3,4,3,3,3,4,4,2,2,4
276071108,4,4,3,3,3,3,3,4,4,4,4,-1,4,4,3,2,2,2
276071109,4,4,3,3,3,3,3,4,4,4,3,-1,-1,4,4,-1,-1,-1
276071110,4,2,3,3,3,3,2,3,3,3,3,3,3,3,3,2,2,3
276071111,2,2,3,3,2,2,1,3,3,2,2,2,2,3,2,3,2,2
276071112,2,3,3,3,2,3,3,2,3,3,3,2,3,4,4,4,2,3
276071113,2,3,3,3,2,2,3,3,3,3,2,2,2,2,2,2,2,2
276071114,2,2,3,2,2,2,2,2,2,2,2,2,2,3,2,2,2,2
276071115,4,-1,3,3,-1,-1,-1,3,4,-1,-1,2,4,3,-1,2,-1,2
276071116,2,2,-2,3,3,2,3,3,3,3,3,3,3,3,3,3,3,3
276071117,3,2,3,2,2,2,2,2,3,2,3,2,2,3,3,1,2,-1
276071118,4,3,3,3,4,2,3,3,3,3,3,3,4,3,3,2,3,2
276071119,3,2,2,3,3,1,1,1,2,1,2,1,1,2,3,2,2,2
276071120,3,3,4,4,2,2,3,3,3,3,2,2,2,3,3,3,3,3
276071121,2,1,3,3,3,2,2,2,2,1,2,2,1,3,3,2,2,1
276071122,2,2,3,2,3,3,2,2,3,2,2,2,2,2,2,3,3,2
276071123,2,3,3,3,3,2,-1,3,3,3,2,2,2,2,2,2,-1,2
276071124,4,2,4,3,3,3,3,3,4,4,2,3,2,3,3,3,3,3
276071125,3,1,4,3,2,1,2,3,4,4,3,3,4,4,3,4,-1,4
276071126,3,3,3,3,-1,2,2,2,3,2,2,3,2,4,4,4,2,2
276071127,2,2,2,2,4,2,3,3,3,3,2,2,2,3,3,3,3,3
276071128,4,2,3,3,2,1,1,3,3,3,1,1,1,3,2,4,2,4
276071129,1,1,2,2,1,2,2,2,2,2,2,2,1,2,2,1,1,1
276071130,3,3,3,3,2,2,2,2,2,3,3,2,2,2,4,3,3,2
276071131,1,3,2,2,2,2,-1,3,3,3,2,2,2,3,2,2,2,2
276071132,3,2,2,2,2,2,2,2,2,2,2,2,1,3,4,2,-1,-1
276071133,3,2,3,3,2,2,2,2,3,3,2,2,2,3,3,3,3,2
276071134,3,3,4,4,2,1,1,3,3,3,2,2,2,3,3,2,2,2
276071135,2,2,2,2,3,1,1,1,1,1,1,2,1,2,3,2,2,2
276071136,2,1,2,2,2,1,1,1,2,2,3,1,1,3,3,1,1,1
276071137,2,2,3,3,2,2,2,3,3,2,2,2,3,2,2,1,1,1
276071138,2,2,2,2,2,2,2,2,3,2,2,2,2,3,2,2,2,2
276071139,2,2,1,2,2,2,1,2,2,2,2,1,1,2,2,1,1,1
276071140,3,3,3,2,4,2,1,2,3,2,1,1,1,3,3,3,2,2
276071141,2,2,3,3,3,2,2,3,3,3,2,3,3,3,3,3,3,3
276071142,2,2,2,2,2,2,2,2,2,2,2,2,2,2,2,2,2,2
276071143,4,1,2,3,3,1,1,3,4,4,3,-1,3,3,4,3,2,3
276071144,3,2,4,4,3,2,2,3,3,3,2,3,3,3,3,3,3,3
276071145,2,3,2,2,1,2,2,3,3,2,2,1,2,4,4,2,2,2
276071146,-1,3,2,2,3,2,2,3,3,2,2,1,1,2,3,3,2,2
276071147,3,2,2,2,2,1,1,2,2,2,1,1,1,3,3,2,2,1
276071148,3,3,3,3,2,1,2,3,3,3,3,2,4,3,3,2,3,-1
276071149,3,2,3,2,3,1,2,3,4,4,2,2,1,3,3,3,2,3
276071150,2,2,-1,-1,-1,1,2,2,2,2,2,2,2,-1,2,2,2,2
276071151,3,2,3,3,3,2,2,2,2,2,2,2,2,3,3,3,-1,3
276071152,2,2,2,3,-1,2,3,2,3,2,2,1,1,3,2,3,3,3
276071153,3,3,2,2,2,2,2,2,2,2,2,2,2,3,3,2,2,2
276071154,3,3,3,3,3,2,2,3,3,4,1,1,1,3,4,3,2,2
276071155,4,3,3,4,2,2,2,3,3,3,3,2,3,4,4,3,3,2
276071156,-1,-1,3,2,2,2,2,2,-2,2,2,2,1,3,3,2,2,2
276071157,3,2,2,2,2,2,1,2,2,2,2,2,2,2,2,2,2,2
276071158,2,1,3,3,3,2,2,2,2,2,2,2,1,3,3,2,2,2
276071159,2,2,3,3,2,2,1,2,3,2,2,1,1,2,2,2,2,2
276071160,2,2,3,3,2,2,2,2,2,2,2,2,2,3,3,3,2,2
276071161,2,2,3,3,2,2,3,2,2,2,2,1,2,3,3,3,3,3
276071162,3,3,4,4,3,2,3,3,3,3,2,2,2,3,3,2,2,2
276071163,2,2,2,2,2,2,2,3,3,2,2,2,2,3,3,2,2,2
276071164,2,2,3,3,3,2,2,3,3,2,2,2,2,3,3,2,3,2
276071165,3,2,3,3,3,1,1,2,3,2,2,2,1,4,3,2,2,3
276071166,1,2,2,2,2,2,1,2,2,2,1,1,1,2,1,1,1,1
276071167,1,2,2,2,3,1,2,3,3,3,2,2,2,3,3,3,2,3
276071168,4,2,2,3,3,2,4,3,4,3,4,2,2,4,4,2,2,3
276071169,4,4,4,4,2,2,2,4,4,4,2,2,4,4,4,2,2,1
276071170,3,3,2,2,2,1,2,2,3,2,2,2,2,3,3,2,2,2
276071171,2,2,3,3,2,2,2,3,3,3,2,2,2,3,3,2,1,2
276071172,2,2,3,3,2,2,1,2,2,2,2,2,1,2,3,3,2,1
276071173,2,2,3,3,2,2,2,3,3,3,2,2,2,3,3,2,2,2
276071174,1,1,3,3,1,1,2,2,1,1,1,1,1,1,2,2,2,2
276071175,3,2,3,3,3,3,3,4,4,3,2,2,3,3,3,3,2,3
276071176,3,3,4,4,3,2,2,2,3,2,2,2,2,2,3,3,4,3
276071177,2,3,3,3,2,2,2,2,3,2,2,2,2,3,3,2,2,2
276071178,3,2,2,2,3,2,2,2,3,3,2,2,3,2,2,3,3,3
276071179,2,1,3,3,1,1,1,1,2,1,2,1,3,3,1,1,1,1
276071180,4,2,3,3,-1,2,-1,2,-1,2,2,-1,-1,2,2,2,-1,2
276071181,3,2,3,3,3,2,3,4,4,4,3,2,3,4,4,3,3,3
276071182,4,3,2,3,1,1,3,4,4,4,3,2,2,4,4,2,4,2
276071183,2,3,2,3,3,2,1,2,3,1,2,2,2,3,3,2,2,2
276071184,2,2,4,3,2,2,2,2,-1,-1,2,1,2,2,1,2,-1,-1
276071185,3,2,2,2,2,2,2,2,2,2,3,2,2,3,4,2,2,2
276071186,3,2,3,3,2,2,1,2,2,-1,1,2,1,3,3,2,2,1
276071187,4,4,3,4,3,2,3,4,4,4,2,2,2,3,3,3,3,3
276071188,3,3,3,3,2,2,3,3,3,3,3,2,2,3,3,2,2,2
276071189,-1,2,3,3,3,1,1,3,3,3,2,2,2,3,3,2,2,2
276071190,3,3,3,4,3,2,2,2,2,2,2,2,2,3,2,2,2,2
276071191,2,3,2,2,1,1,1,2,3,3,1,2,1,3,2,2,3,2
276071192,2,3,2,2,3,2,2,2,3,2,3,2,1,3,3,3,3,2
276071193,3,3,3,3,3,2,2,3,3,3,3,2,2,3,3,2,2,3
276071194,4,2,4,4,4,3,2,3,3,3,3,2,2,2,2,3,2,2
276071195,3,2,3,2,3,3,3,3,3,3,3,3,3,4,3,2,2,3
276071196,1,3,3,3,2,2,2,2,3,2,3,2,2,3,3,2,3,3
276071197,3,2,2,2,2,2,2,2,2,2,2,2,2,3,4,2,2,3
276071198,3,3,3,3,3,2,3,3,3,3,2,2,3,3,3,3,3,3
276071199,1,2,3,3,3,2,3,2,3,2,2,1,2,3,3,3,3,3
276071200,3,3,3,3,3,2,2,3,3,3,3,3,2,3,2,2,3,3
276071201,4,2,3,3,2,2,2,2,3,3,2,2,2,3,2,2,2,2
276071202,4,4,3,3,3,3,3,4,4,3,3,4,3,3,3,2,2,2
276071203,3,2,3,3,2,2,2,2,3,3,3,3,3,3,3,2,2,2
276071204,3,2,2,2,2,2,1,3,3,3,2,1,3,3,4,1,1,1
276071205,4,2,2,2,3,2,2,3,3,3,2,4,4,3,2,3,3,2
276071206,4,4,2,2,4,2,2,2,3,3,3,4,4,4,3,3,4,4
276071207,4,3,3,3,2,2,2,3,2,3,2,2,3,2,2,3,2,3
276071208,2,2,3,4,4,2,2,3,4,3,2,1,2,4,4,2,1,2
276071209,2,2,2,3,2,1,1,2,2,2,1,1,1,3,3,2,2,2
276071210,3,2,3,3,4,1,2,2,3,2,2,1,3,3,4,2,2,2
276071211,4,2,3,3,2,2,3,4,2,2,2,2,3,3,1,2,2,3
276071212,3,2,3,3,3,1,3,3,3,3,2,-1,4,3,2,3,3,2
276071213,2,2,3,3,2,2,2,2,3,2,2,2,2,3,3,3,3,3
276071214,3,2,3,3,3,2,2,2,2,2,2,2,2,2,2,2,2,3
276071215,-2,-1,-1,-1,-1,2,2,-1,-1,-1,-1,2,2,-1,2,2,2,-1
276071216,1,1,2,2,1,1,1,1,1,1,1,-1,2,2,3,2,2,1
276071217,3,-1,3,3,3,2,3,4,4,4,3,-1,3,3,3,-1,-1,-1
276071218,3,2,4,4,2,2,3,4,3,3,2,3,2,2,3,2,2,2
276071219,2,2,3,3,3,3,3,3,4,4,3,3,4,4,3,3,3,2
276071220,2,2,2,2,2,2,1,3,3,2,2,2,3,3,3,2,2,2
276071221,3,3,3,3,3,3,3,3,3,3,3,2,4,3,3,2,2,2
276071222,4,2,4,4,2,2,3,4,3,4,4,4,2,3,4,2,3,3
276071223,-1,2,2,-1,2,2,2,2,3,2,2,-2,2,2,3,3,-2,3
276071224,3,2,4,4,-1,2,3,3,3,3,3,2,4,-2,4,3,-2,-2
276071225,3,3,4,4,3,4,3,4,4,4,3,2,2,3,4,4,3,4
276071226,3,4,4,3,4,3,2,4,4,4,3,1,1,2,3,3,-1,3
276071227,2,4,-1,3,-1,2,-1,-1,-1,-1,-1,-1,3,3,3,-1,-1,-1
276071228,4,4,3,3,3,2,2,3,3,3,2,2,2,2,2,2,2,2
276071229,2,3,2,3,-1,3,3,2,3,2,2,-1,2,-1,2,2,-1,-1
276071230,2,2,2,2,2,3,3,3,3,3,2,1,1,3,3,2,1,2
276071231,3,-1,-1,-1,4,3,3,-1,-1,-1,-1,-1,-1,-2,3,3,3,-1
276071232,4,3,4,-1,2,-1,-1,4,4,4,3,-1,3,4,2,-1,-1,3
276071233,2,1,2,2,3,3,3,-2,-2,-2,3,2,3,2,2,2,1,1
276071234,3,2,2,2,2,2,3,3,3,-1,2,2,2,3,2,2,-1,2
276071235,2,3,3,3,3,2,2,3,3,3,3,3,3,3,3,4,3,3
276071236,2,2,2,2,3,1,-1,3,3,-1,1,1,1,1,3,-1,-1,3
276071237,3,-1,-1,-1,-2,2,2,3,3,3,3,-1,2,3,3,2,2,2
276071238,3,-2,3,-1,3,2,2,2,3,2,2,2,2,-1,-1,-1,-1,2
276071239,3,3,3,3,3,4,3,3,3,3,3,3,2,3,3,3,3,3
276071240,3,1,4,3,-1,1,2,3,-1,-1,3,2,2,4,1,-2,2,-2
276071241,3,2,2,2,3,1,1,3,3,3,2,-1,1,3,3,2,3,3
276071242,3,2,3,3,2,2,2,2,3,2,2,2,1,3,3,2,2,2
276071243,2,2,4,3,3,1,1,2,3,3,2,2,4,3,2,3,1,1
276071244,3,2,2,2,2,2,2,3,2,2,2,2,2,3,2,1,1,2
276071245,3,2,2,3,3,2,2,2,3,2,2,2,2,3,3,2,2,3
276071246,3,3,3,3,3,3,3,3,3,3,3,3,3,3,3,3,-1,3
276071247,3,2,3,2,2,2,2,2,3,2,2,2,2,3,3,2,2,2
276071248,3,3,3,3,3,3,3,3,3,3,3,3,3,3,3,3,3,3
276071249,3,3,3,3,3,1,1,3,3,3,2,3,3,2,2,2,2,2
276071250,4,4,4,4,4,3,3,4,4,4,4,4,2,4,4,2,2,4
276071251,3,2,3,3,3,2,3,3,3,3,3,2,2,3,2,3,2,3
276071252,4,2,3,3,2,2,2,3,3,2,2,1,3,3,2,2,-1,-1
276071253,4,3,3,4,3,2,2,2,2,2,4,-1,2,3,-1,3,3,3
276071254,2,4,3,2,-2,3,3,3,3,3,2,-1,-1,2,2,3,-1,2
276071255,3,3,3,3,3,2,2,3,3,3,3,2,3,3,3,2,2,2
276071256,2,2,3,3,4,1,2,2,3,3,2,-1,1,3,3,3,-1,3
276071257,4,2,3,3,3,3,-1,4,2,4,2,-1,4,2,2,4,1,3
276071258,3,3,3,3,4,3,3,3,3,3,3,2,3,3,3,3,3,3
276071259,4,2,2,2,3,2,2,2,2,2,2,2,2,3,2,2,2,2
276071260,2,2,2,2,3,1,1,1,2,1,2,2,2,3,3,2,2,3
276071261,3,2,2,3,2,1,1,3,3,3,2,2,1,2,2,1,1,2
276071262,-2,2,3,3,3,1,2,-2,3,2,2,2,1,3,1,-2,-2,2
276071263,3,3,2,3,3,2,2,3,3,3,3,3,2,3,3,2,3,2
276071264,3,3,2,3,3,2,1,2,3,2,2,2,1,3,3,2,-2,2
276071265,3,2,3,3,2,1,2,2,3,3,2,2,1,3,3,2,2,2
276071266,4,3,2,3,2,1,2,1,2,2,2,3,1,2,2,3,4,1
276071267,3,4,3,2,2,2,3,3,4,3,3,2,3,2,4,3,-1,3
276071268,-2,-2,2,3,-1,2,2,2,2,2,2,2,2,-1,-1,-2,-2,-1
276071269,4,4,4,4,3,3,3,3,4,3,3,2,3,4,3,3,3,3
276071270,4,2,3,3,2,2,2,3,3,3,2,3,2,3,3,2,2,2
276071271,2,3,2,3,3,2,2,3,3,3,2,2,1,3,2,2,2,2
276071272,2,2,3,2,2,2,2,2,2,2,2,2,1,3,3,2,1,2
276071273,3,4,3,3,3,2,2,4,4,4,3,2,3,3,3,3,3,2
276071274,3,3,3,3,3,2,3,4,4,3,3,4,4,4,3,2,3,3
276071275,3,3,2,2,2,2,2,2,2,2,2,2,2,3,3,2,3,2
276071276,4,4,3,3,2,2,2,3,3,3,3,2,3,2,3,2,2,2
276071277,3,3,3,3,3,2,2,2,2,2,2,1,1,3,3,2,2,1
276071278,4,3,3,3,3,3,4,4,4,4,3,-1,3,3,4,3,3,4
276071279,2,4,2,2,2,1,2,3,4,3,2,1,2,4,3,1,1,2
276071280,4,3,2,3,2,2,3,3,3,3,3,2,2,2,3,2,2,2
276071281,3,3,4,4,3,2,2,2,3,2,3,1,2,3,4,2,3,3
276071282,3,3,3,3,-1,3,3,3,4,4,3,3,3,4,4,1,1,1
276071283,3,3,3,3,3,2,2,4,4,4,2,3,3,3,3,3,2,3
276071284,1,1,3,3,3,1,1,1,3,1,1,1,2,3,3,-1,-1,-1
276071285,3,2,2,2,1,1,1,3,3,3,2,2,1,4,4,1,1,1
276071286,3,3,3,3,3,1,3,3,4,3,2,3,3,4,4,3,3,3
276071287,3,2,3,2,2,2,2,3,3,-1,1,1,1,4,4,2,2,2
276071288,3,1,4,4,2,1,3,3,3,3,3,1,3,4,4,2,1,1
276071289,4,3,2,3,2,2,2,2,3,2,2,2,2,3,3,2,2,2
276071290,3,-1,3,3,-1,2,-1,3,3,3,-1,-1,2,3,2,2,-1,2
276071291,2,2,2,3,2,1,1,2,2,1,2,1,1,2,3,1,1,1
276071292,3,2,2,2,2,2,2,4,4,4,2,2,2,4,4,2,2,2
276071293,3,3,3,3,3,2,2,2,3,2,2,2,3,3,3,3,3,2
276071294,3,3,2,3,-1,2,1,-1,-1,-1,3,2,2,3,4,2,-1,3
276071295,3,2,3,3,2,2,2,2,3,2,2,2,2,2,2,3,3,2
276071296,4,3,2,3,-1,2,1,2,-1,2,2,1,1,3,2,2,2,2
276071297,2,2,3,3,3,1,3,3,3,3,2,-1,1,3,3,2,-1,2
276071298,3,3,3,3,3,2,3,2,3,3,2,1,2,3,3,3,2,2
276071299,3,2,2,3,-1,1,1,2,-1,-1,2,2,1,3,3,-1,-1,2
276071300,3,2,3,3,3,2,2,2,3,2,2,2,2,3,4,3,2,2
276071301,2,-1,2,2,-1,2,2,4,2,-1,-1,-1,2,-1,2,-1,-1,-1
276071302,-1,2,3,4,-1,2,2,-1,2,2,2,1,2,4,-1,2,2,1
276071303,3,3,4,3,3,2,3,2,3,2,3,3,2,-1,3,2,2,2
276071304,2,2,2,2,2,1,1,2,2,2,2,2,1,2,3,1,2,1
276071305,3,4,4,3,-1,2,3,3,3,3,3,-1,3,2,3,2,2,3
276071306,-1,2,2,1,2,1,2,-1,-1,-1,1,1,1,2,-1,1,-1,2
276071307,2,2,3,3,2,1,2,2,2,2,2,2,3,3,3,3,2,2
276071308,2,3,3,3,-1,1,2,2,3,2,1,2,1,3,3,1,-1,1
276071309,3,2,3,3,-1,2,2,3,3,3,3,3,3,3,3,3,-1,3
276071310,3,2,3,3,3,2,2,3,3,3,2,2,3,2,3,3,2,3
276071311,2,2,2,2,3,2,2,2,3,1,2,1,2,3,3,2,2,2
276071312,3,-1,3,4,3,2,2,2,3,3,3,2,2,3,3,3,-2,3
276071313,4,3,2,2,3,2,1,2,3,2,2,1,1,3,3,3,-1,2
276071314,2,3,2,2,3,2,2,3,3,3,1,2,3,2,2,3,3,3
276071315,3,-1,3,3,3,3,3,3,3,3,3,-1,3,3,3,3,3,3
276071316,2,2,2,3,3,2,3,2,2,2,2,2,1,2,2,2,2,2
276071317,3,-1,2,2,2,2,2,3,3,3,3,2,1,3,3,-1,-1,-1
276071318,2,2,1,2,3,1,2,2,2,2,2,1,1,2,2,1,2,1
276071319,2,2,2,2,2,2,2,2,2,2,3,2,1,2,3,2,2,2
276071320,3,2,2,2,3,2,1,2,3,2,3,2,1,3,2,2,2,2
276071321,2,3,2,3,3,2,2,2,2,2,2,2,2,2,3,2,2,2
276071322,3,3,3,3,3,2,2,3,3,3,3,2,3,3,3,1,2,3
276071323,3,3,3,3,3,2,2,3,3,2,3,3,2,3,3,2,2,2
276071324,3,4,4,4,2,2,2,2,3,3,2,-1,3,4,2,1,1,3
276071325,1,2,2,2,2,1,1,1,3,2,2,1,1,2,2,2,2,-1
276071326,2,-1,3,3,-1,1,1,3,3,3,2,2,2,2,3,2,2,-1
276071327,4,3,3,2,2,1,3,3,3,2,2,2,1,3,2,2,2,3
276071328,2,2,2,2,2,1,2,2,3,3,2,2,2,3,3,2,2,2
276071329,4,2,3,3,3,2,1,4,4,4,3,3,4,3,3,2,-1,3
276071330,2,2,2,3,3,2,3,2,3,2,2,2,2,3,3,2,2,3
276071331,2,1,2,3,2,2,2,3,3,2,2,2,1,3,2,3,2,3
276071332,4,1,1,2,2,1,1,1,2,1,1,2,2,2,3,2,2,2
276071333,3,2,2,3,3,2,2,2,2,1,2,1,1,3,2,2,2,2
276071334,2,2,2,3,2,2,3,2,2,2,2,2,2,2,2,2,2,2
276071335,2,2,1,2,2,2,2,3,3,3,2,2,1,4,4,2,2,2
276071336,1,2,2,2,-1,2,4,3,3,2,3,2,4,3,1,1,2,2
276071337,4,2,3,3,2,2,2,2,3,3,3,2,3,3,3,3,2,-1
276071338,3,4,4,2,3,2,2,4,3,4,2,2,3,2,2,2,2,2
276071339,2,2,3,3,2,1,2,2,3,2,3,2,1,3,3,2,2,1
276071340,3,3,2,3,2,2,2,2,2,2,2,2,2,3,3,2,2,2
276071341,2,3,2,2,2,2,2,2,2,2,2,2,1,3,3,2,2,2
276071342,4,3,3,3,3,2,2,3,2,2,2,2,2,2,3,2,2,2
276071343,2,1,2,2,1,1,1,1,2,1,1,1,1,2,2,2,2,2
276071344,2,2,2,2,2,2,2,2,2,2,2,2,2,-1,3,2,2,2
276071345,2,2,2,3,2,2,1,2,2,2,2,2,2,2,2,2,2,3
276071346,4,1,2,2,2,1,2,2,2,2,3,1,1,3,3,2,3,2
276071347,1,1,2,2,-1,1,2,2,3,1,2,1,1,3,3,3,-1,1
276071348,3,3,3,3,3,2,3,3,3,3,3,2,2,3,3,2,-1,3
276071349,3,1,3,3,3,1,1,2,2,2,2,-1,2,2,2,3,2,2
276071350,3,2,3,3,3,-1,-1,3,3,3,3,-1,3,-1,3,3,3,3
276071351,4,3,3,3,2,2,2,2,3,2,3,2,2,4,4,2,2,2
276071352,2,3,1,2,3,2,2,3,3,2,3,2,2,4,4,2,3,2
276071353,3,3,3,3,3,2,2,3,3,3,4,2,2,4,3,2,2,2
276071354,2,2,2,2,2,1,1,1,2,2,2,2,2,3,3,2,2,2
276071355,2,2,2,3,2,2,1,2,3,2,2,2,1,3,3,2,2,2
276071356,3,3,2,3,1,2,2,4,2,3,3,3,3,3,4,2,2,3
276071357,3,2,3,2,3,2,2,3,3,3,3,2,3,-1,2,2,2,2
276071358,2,2,3,3,2,2,3,2,3,2,2,3,2,3,3,4,3,2
276071359,3,2,2,2,2,2,2,2,3,2,2,2,2,2,3,2,2,2
276071360,2,2,3,3,2,1,1,2,3,2,2,1,1,3,3,2,2,2
276071361,3,3,4,4,3,1,4,4,4,4,3,2,2,3,4,3,2,2
276071362,3,2,1,-1,2,1,2,3,3,2,3,2,1,1,4,1,2,1
276071363,4,2,1,3,-1,1,2,4,4,4,3,1,1,2,4,1,1,1
276071364,3,3,4,3,2,2,3,4,3,3,2,1,1,4,4,3,3,3
276071365,2,2,2,2,2,2,1,2,2,2,2,1,2,3,2,2,1,1
276071366,1,4,3,3,3,2,2,2,2,2,3,2,1,3,1,2,1,2
276071367,3,3,3,4,3,2,2,3,3,3,4,-1,3,3,3,3,3,3
276071368,4,-1,4,4,3,3,2,3,3,3,2,-1,3,-1,2,2,1,1
276071369,-1,-1,-1,2,-2,1,1,2,2,-1,2,-2,3,-2,2,-2,-2,-2
276071370,3,3,2,2,2,2,2,2,2,-1,2,2,2,3,2,2,-1,2
276071371,4,4,3,3,3,2,2,3,3,3,2,1,3,4,3,2,3,2
276071372,3,2,3,3,2,2,2,2,2,2,2,1,2,3,4,3,2,1
276071373,-2,3,2,2,2,1,1,2,2,2,2,1,2,3,3,2,-1,-1
276071374,3,3,3,3,3,3,3,3,-1,-1,3,3,3,3,3,2,2,2
276071375,2,1,3,3,2,1,1,1,2,1,1,1,1,2,2,2,2,2
276071376,2,2,-1,3,2,1,2,2,2,2,2,2,1,3,2,2,2,3
276071377,3,2,2,4,3,1,3,3,4,3,3,1,3,4,4,4,3,3
276071378,2,2,2,2,2,2,2,2,2,2,1,2,1,3,3,3,2,2
276071379,2,1,3,2,2,1,2,2,3,2,2,1,1,2,3,2,1,1
276071380,3,1,2,3,3,2,2,2,3,3,3,3,2,3,3,2,2,2
276071381,4,2,2,2,2,1,2,2,3,2,-1,2,2,3,3,2,2,3
276071382,3,2,3,3,2,2,2,2,3,2,2,2,2,2,2,2,2,2
276071383,4,2,4,4,3,1,1,2,3,3,3,3,1,4,4,3,3,2
276071384,3,-1,3,-2,-1,2,2,3,3,3,2,2,2,3,3,2,2,-1
276071385,2,-1,2,2,-1,2,2,2,2,2,2,2,2,2,3,1,1,2
276071386,3,3,2,2,2,2,2,2,3,2,2,-1,2,3,3,-1,-1,2
276071387,3,2,2,2,-1,2,-1,-1,2,2,-1,2,2,-1,3,2,-1,-1
276071388,3,3,3,3,-2,2,3,2,4,2,3,-2,2,4,4,2,2,2
276071389,4,-1,4,4,4,4,4,4,4,4,4,4,4,4,4,4,4,4
276071390,2,2,1,1,3,1,1,2,3,2,2,2,1,3,2,2,3,2
276071391,2,2,2,2,2,2,2,2,2,2,2,2,2,2,2,2,2,2
276071392,2,2,3,2,1,4,3,2,2,2,2,2,2,3,3,2,3,3
276071393,3,3,3,3,2,2,2,2,2,2,2,1,2,3,2,2,2,2
276071394,2,2,3,3,3,2,2,2,3,2,2,2,2,3,3,2,2,2
276071395,4,2,4,4,4,2,3,4,3,4,3,3,3,2,4,4,3,3
276071396,2,3,3,2,4,2,2,2,2,2,2,2,2,-1,3,2,2,2
276071397,2,2,4,4,3,2,3,2,3,2,2,2,3,2,2,2,2,2
276071398,2,2,2,2,3,2,1,1,3,2,2,3,2,3,3,2,3,2
276071399,3,2,2,2,2,1,1,3,3,3,2,2,2,3,2,2,2,2
276071400,3,3,3,3,3,2,3,3,3,3,3,2,3,3,3,3,3,2
276071401,4,2,2,3,2,1,1,2,2,2,1,1,1,3,3,2,2,1
276071402,4,3,3,3,3,2,2,2,3,3,3,2,3,3,3,3,3,3
276071403,3,2,2,2,2,2,2,2,2,2,1,1,1,3,3,2,2,2
276071404,3,3,3,3,3,2,3,3,4,3,2,2,1,4,4,2,3,3
276071405,4,3,3,3,3,2,2,4,4,3,3,2,2,4,4,3,2,3
276071406,2,1,3,3,3,1,1,1,2,-1,2,2,1,-1,1,-1,-1,-1
276071407,3,2,3,4,-2,1,2,2,3,2,2,2,2,2,3,2,2,2
276071408,2,3,3,3,2,2,-1,2,3,2,3,2,1,3,4,2,-1,3
276071409,1,2,3,4,3,1,2,2,2,2,2,2,2,3,3,2,2,2
276071410,2,2,3,3,2,2,2,2,2,2,2,2,2,3,3,2,2,2
276071411,3,2,2,2,1,2,3,2,3,2,2,2,1,2,3,2,2,1
276071412,3,1,3,3,3,2,2,3,3,2,3,2,3,4,4,3,3,2
276071413,2,1,1,2,2,1,1,1,2,1,1,1,1,2,2,2,2,2
276071414,3,3,3,3,2,2,2,2,3,2,2,2,2,3,4,2,2,2
276071415,-2,2,3,3,-1,1,3,2,2,2,2,1,1,3,2,2,-1,3
276071416,2,3,2,3,3,2,2,3,2,2,2,2,2,3,3,2,2,2
276071417,4,3,3,4,2,2,2,3,4,3,4,2,3,3,3,3,3,3
276071418,2,4,3,3,2,3,2,3,3,3,3,2,2,4,4,1,2,1
276071419,3,2,4,4,3,2,2,3,3,3,2,2,1,4,4,4,3,2
276071420,3,4,3,4,2,2,1,3,3,3,2,2,1,3,4,2,2,1
276071421,3,3,3,3,3,3,3,4,4,4,2,2,4,4,4,2,2,4
276071422,3,2,3,2,2,2,2,3,3,3,2,2,3,2,2,3,2,2
276071423,2,2,3,3,2,2,2,3,3,3,2,2,2,3,3,3,3,2
276071424,1,2,2,3,-1,1,1,2,2,2,2,-1,-1,-1,2,2,-1,2
276071425,2,2,2,2,-1,1,1,2,3,3,1,1,2,3,3,3,3,3
276071426,1,1,3,2,2,1,1,2,2,2,1,1,1,3,3,1,1,1
276071427,2,2,2,2,2,2,2,2,2,2,2,2,2,3,3,2,2,2
276071428,1,1,2,2,2,2,2,2,3,2,2,2,2,3,2,2,2,2
276071429,2,2,2,2,2,2,2,2,-1,2,2,2,2,3,3,2,-1,2
276071430,3,2,4,4,3,1,1,1,3,3,3,3,2,2,2,3,3,3
276071431,3,3,3,3,3,3,3,3,3,3,3,3,3,3,3,2,3,2
276071432,3,2,3,3,2,2,3,3,3,3,3,2,2,3,3,2,3,3
276071433,1,1,1,1,1,1,1,1,3,1,1,1,-1,3,1,1,1,2
276071434,3,4,3,3,2,2,2,4,3,4,3,3,3,4,4,3,1,1
276071435,3,2,3,3,2,2,2,2,3,3,3,2,1,3,3,2,2,1
276071436,1,3,2,2,4,2,2,2,4,2,2,2,2,2,2,2,2,2
276071437,2,2,2,2,-1,4,2,2,2,2,3,2,2,3,3,2,2,2
276071438,-1,-1,-1,-1,-1,-1,-1,-1,-1,-1,-1,-1,-1,-1,-1,-1,-1,-1
276071439,3,-1,3,3,-1,2,2,2,3,3,3,2,2,3,3,2,2,2
276071440,3,3,3,3,3,2,2,2,3,3,3,-1,4,4,2,2,-1,1
276071441,2,2,2,2,2,2,2,2,2,2,2,2,2,2,2,2,2,2
276071442,-1,3,3,3,-1,2,2,2,3,3,-1,-1,3,3,3,-1,-1,3
276071443,2,-1,2,2,-1,2,3,2,2,2,-1,2,2,-1,3,-1,-1,3
276071444,3,-1,3,-1,-1,1,-1,2,-1,2,2,2,1,4,4,-1,-1,-1
276071445,4,-1,4,4,-1,3,3,4,4,4,4,-1,4,4,4,4,4,3
276071446,3,1,3,4,2,1,1,2,3,1,4,2,1,4,2,2,2,3
276071447,3,2,2,2,2,2,2,3,3,2,2,2,2,3,3,2,2,2
276071448,3,2,2,-2,3,1,1,2,3,2,2,2,3,2,2,2,2,2
276071449,3,2,2,3,3,2,3,2,2,2,3,2,2,2,2,3,3,3
276071450,4,2,3,3,2,2,2,3,3,3,2,2,2,3,3,2,3,2
276071451,3,2,3,3,3,2,3,2,3,3,3,2,2,2,3,2,2,2
276071452,3,1,2,3,2,2,3,2,3,1,3,2,1,3,2,3,2,2
276071453,2,2,4,4,2,1,1,3,3,3,2,2,1,3,2,2,2,2
276071454,4,2,2,2,3,2,3,3,3,3,3,2,2,4,2,3,-1,3
276071455,3,3,2,2,3,2,1,2,3,2,2,1,1,3,3,2,2,1
276071456,3,2,4,4,3,3,2,3,4,3,4,2,2,4,4,3,3,4
276071457,2,2,2,2,-1,2,2,2,3,2,2,-1,2,-1,2,2,3,2
276071458,4,3,1,3,2,3,1,1,1,1,1,1,1,3,3,3,2,2
276071459,3,3,3,4,2,2,3,3,3,2,2,2,2,2,3,3,2,3
276071460,4,2,2,2,2,2,2,2,3,3,3,2,3,2,3,2,2,2
276071461,2,2,-1,3,2,2,1,2,2,2,2,2,2,3,2,2,2,2
276071462,3,-1,3,3,3,2,3,3,3,3,3,-1,3,4,3,3,3,3
276071463,2,1,2,3,3,1,3,3,3,3,3,2,3,3,3,2,-1,2
276071464,4,3,2,2,4,2,3,1,3,2,2,2,2,3,3,-1,-1,3
276071465,3,2,3,3,3,2,4,2,2,2,2,2,2,2,2,2,2,2
276071466,2,2,3,4,-1,2,2,3,3,3,1,-1,2,3,1,2,2,1
276071467,2,2,2,2,2,2,2,2,2,2,3,1,1,3,3,1,1,3
276071468,4,2,2,4,1,1,1,4,4,4,3,1,4,3,4,3,3,3
276071469,3,3,4,4,4,2,3,3,3,3,2,-1,-1,4,1,4,2,3
276071470,3,2,3,3,3,2,2,2,3,2,3,2,2,3,3,2,2,2
276071471,4,4,4,2,2,2,2,4,4,4,2,2,4,2,4,4,2,2
276071472,3,2,2,3,2,2,2,3,3,3,3,2,2,2,3,2,1,3
276071473,3,2,3,4,3,2,2,3,3,3,2,2,2,3,3,2,2,2
276071474,2,2,3,3,3,2,2,3,3,3,3,2,3,3,3,2,3,2
276071475,2,2,3,3,2,1,1,3,4,3,2,2,1,3,3,3,2,3
276071476,3,2,2,2,2,1,1,3,4,3,2,2,2,3,3,3,2,3
276071477,4,2,3,3,3,2,2,3,4,3,2,2,2,2,3,3,2,2
276071478,1,2,2,2,-1,1,1,2,3,3,2,2,1,2,2,2,2,2
276071479,1,3,3,3,2,2,3,3,2,2,1,3,2,3,3,2,2,1
276071480,4,2,4,3,2,2,2,4,3,4,2,2,-1,4,4,3,2,2
276071481,3,2,2,2,2,2,2,2,2,2,2,2,2,3,3,2,2,2
276071482,3,2,3,3,2,2,2,3,3,2,2,1,1,3,3,3,2,3
276071483,2,3,3,3,3,2,4,3,4,3,3,2,2,3,3,2,3,2
276071484,3,2,3,2,2,2,4,4,4,2,2,-1,4,4,4,2,2,3
276071485,2,2,3,3,-1,2,2,-1,-1,-1,3,3,3,3,2,2,2,2
276071486,3,2,3,3,2,2,2,2,2,2,2,2,2,2,2,2,2,2
276071487,4,3,3,3,3,3,3,3,3,3,3,3,3,4,4,3,3,3
276071488,3,3,3,3,2,2,3,3,3,3,-1,-1,2,3,4,2,2,3
276071489,2,2,2,3,3,1,1,3,2,2,2,2,1,3,3,2,2,2
276071490,3,2,2,2,2,2,4,3,3,3,3,2,4,3,2,2,2,2
276071491,2,2,3,3,3,3,2,2,2,2,2,1,2,-1,1,3,3,3
276071492,1,-2,3,3,-2,2,2,-2,-2,-2,2,2,-2,4,2,2,-2,1
276071493,3,3,3,3,3,2,2,3,3,3,3,2,2,2,2,2,2,2
276071494,2,1,3,2,2,1,1,2,2,2,3,1,3,2,2,3,2,2
276071495,4,3,4,4,2,1,1,3,4,3,2,2,2,3,3,3,2,2
276071496,4,2,2,2,2,2,2,2,2,2,2,2,2,2,2,2,2,2
276071497,2,-1,-1,2,-1,1,1,1,2,2,3,-1,2,3,2,3,3,2
276071498,2,1,3,3,2,1,1,2,2,2,2,1,1,2,2,3,2,2
276071499,3,4,4,4,-1,3,3,3,3,3,3,-1,3,4,4,4,4,3
276071500,1,-1,3,3,-1,2,-1,3,-1,-1,-1,-1,2,-1,2,-1,-1,2
276071501,2,3,3,3,3,3,2,3,3,3,3,2,2,3,3,2,2,2
276071502,3,3,3,3,2,2,2,3,3,3,2,2,2,3,3,2,2,2
276071503,4,-1,3,3,4,2,3,3,3,3,3,-1,1,2,2,3,-1,-1
276071504,4,2,3,3,2,3,3,3,3,3,3,-1,2,3,3,3,-1,2
276071505,-1,2,3,3,3,2,2,3,3,3,2,2,3,3,-1,-1,-1,-1
276071506,4,3,3,3,-1,2,3,4,4,4,4,-1,3,3,3,3,3,3
276071507,4,3,4,4,2,2,4,4,4,4,2,2,3,4,4,2,-1,3
276071508,3,-1,3,3,4,2,-1,3,3,3,2,3,1,3,2,-1,-1,-1
276071509,3,2,3,3,-1,2,3,2,3,2,-1,3,3,3,2,3,2,2
276071510,3,2,3,3,2,2,2,3,3,3,2,2,2,2,2,3,2,3
276071511,3,2,3,3,2,2,2,2,3,3,2,-1,2,3,3,2,2,3
276071512,2,2,2,2,1,1,1,1,1,1,1,1,2,3,3,1,1,1
276071513,3,2,1,1,1,2,2,2,3,2,2,2,2,3,3,1,1,3
276071514,3,2,2,2,3,1,1,3,3,3,2,2,2,3,2,2,2,2
276071515,2,3,2,2,2,2,2,3,3,3,2,2,3,3,2,2,2,2
276071516,2,2,2,2,2,2,2,2,2,2,2,2,2,3,3,2,2,2
276071517,2,2,2,3,2,2,2,2,2,2,2,2,2,3,3,2,2,2
276071518,1,1,3,3,3,2,2,3,3,3,3,3,2,3,3,3,3,3
276071519,2,2,2,2,2,2,2,2,3,2,2,2,2,3,3,2,2,2
276071520,4,4,3,3,3,2,3,4,4,4,3,3,4,3,3,3,3,3
276071521,2,2,3,3,3,2,2,3,3,3,3,3,3,3,2,3,3,3
276071522,2,2,2,3,1,1,1,2,3,2,1,2,1,3,4,2,-2,2
276071523,2,-1,3,3,2,2,2,2,2,2,2,-1,2,2,2,2,2,2
276071524,2,1,4,4,-2,1,2,2,3,2,2,1,1,3,2,2,-2,2
276071525,2,3,3,3,3,2,2,3,3,3,1,2,2,2,2,3,2,3
276071526,2,2,3,3,2,1,1,2,3,2,2,1,2,3,2,2,2,2
276071527,4,4,3,3,2,3,1,4,4,3,3,3,1,3,3,3,3,4
276071528,2,2,3,3,2,2,2,3,3,3,2,2,2,2,3,2,2,3
