D_INTERVIEW,Q235,Q236,Q237,Q238,Q239
528070001,-5,-5,-5,-5,-5
528070002,4,2,4,1,4
528070003,2,4,3,1,4
528070004,4,3,4,1,4
528070005,-1,-1,-2,-2,4
528070006,1,1,4,1,4
528070007,4,2,4,1,4
528070008,-2,-2,-5,-1,-5
528070009,4,3,4,1,4
528070010,2,3,4,1,2
528070011,-1,-1,4,1,3
528070012,3,3,4,1,4
528070013,2,3,3,1,4
528070014,4,2,4,1,4
528070015,4,4,4,1,4
528070016,2,1,4,1,4
528070017,3,-1,4,2,4
528070018,2,4,4,2,4
528070019,3,3,4,1,4
528070020,2,2,-1,2,2
528070021,3,4,3,2,4
528070022,2,3,3,2,3
528070023,2,1,-1,1,4
528070024,4,4,4,1,4
528070025,2,1,4,1,4
528070026,3,2,4,1,4
528070027,4,4,4,1,4
528070028,3,3,4,1,4
528070029,3,2,3,2,4
528070030,3,3,4,1,4
528070031,3,3,3,-1,4
528070032,-1,-1,-1,-1,-1
528070033,3,-1,4,1,4
528070034,-5,-5,-5,-5,-5
528070035,2,2,4,1,4
528070036,3,3,4,2,4
528070037,3,2,4,1,4
528070038,3,2,3,2,4
528070039,4,3,4,1,4
528070040,2,2,4,2,4
528070041,4,2,4,1,4
528070042,4,2,4,1,4
528070043,-1,-1,-1,-1,-1
528070044,4,3,4,2,4
528070045,-5,-5,-5,-5,-5
528070046,-1,-1,-1,-1,-1
528070047,3,3,4,1,3
528070048,-1,-1,4,-1,4
528070049,-5,-5,-5,-5,-5
528070050,3,2,3,2,4
528070051,4,2,4,1,4
528070052,4,2,4,1,4
528070053,3,2,4,2,4
528070054,2,-1,-1,-1,-1
528070055,3,2,4,2,4
528070056,4,2,4,1,4
528070057,2,1,4,1,4
528070058,3,2,4,1,4
528070059,3,3,4,2,4
528070060,-1,2,4,2,4
528070061,3,2,4,1,4
528070062,2,2,4,2,-1
528070063,-1,-1,4,-1,4
528070064,-1,-1,4,1,-5
528070065,2,3,4,2,4
528070066,4,2,4,1,4
528070067,2,2,4,1,4
528070068,2,2,4,-1,3
528070069,4,1,4,1,4
528070070,-1,-1,-1,-1,-1
528070071,2,3,4,1,4
528070072,-5,-5,-5,-5,-5
528070073,2,-1,-1,-1,-1
528070074,2,2,4,1,4
528070075,4,3,4,1,4
528070076,3,3,3,2,3
528070077,4,1,4,1,4
528070078,4,2,4,2,4
528070079,1,1,3,2,4
528070080,4,2,4,1,4
528070081,-1,-1,-1,-1,-1
528070082,2,2,3,3,4
528070083,3,3,4,2,4
528070084,4,3,4,1,4
528070085,4,3,4,1,4
528070086,1,2,4,2,4
528070087,2,2,4,1,4
528070088,3,2,4,1,4
528070089,4,3,4,2,-5
528070090,3,2,4,1,4
528070091,3,2,4,1,4
528070092,-1,-1,-1,-1,-1
528070093,3,1,3,1,3
528070094,-1,-1,-1,-1,3
528070095,3,2,4,2,4
528070096,4,2,4,1,4
528070097,4,2,4,2,4
528070098,4,3,4,1,4
528070099,1,4,4,1,2
528070100,4,2,4,1,4
528070101,3,3,4,1,4
528070102,3,-1,4,1,-1
528070103,-1,-1,4,2,4
528070104,3,3,4,1,4
528070105,-1,-1,3,-1,4
528070106,3,3,4,2,4
528070107,1,2,3,2,4
528070108,-2,-1,-5,2,-5
528070109,3,3,4,1,2
528070110,1,2,4,2,4
528070111,3,3,4,1,4
528070112,3,4,4,1,4
528070113,-5,-5,-5,-5,-5
528070114,2,2,-1,-1,4
528070115,4,4,4,1,4
528070116,2,2,-1,-1,-1
528070117,2,2,4,1,-1
528070118,-1,-1,-1,-1,-1
528070119,4,4,4,1,4
528070120,3,3,4,1,4
528070121,-1,-1,-1,-1,-1
528070122,1,3,3,1,3
528070123,2,3,3,2,4
528070124,-5,-5,-5,-5,-5
528070125,3,3,4,4,3
528070126,2,1,4,1,4
528070127,1,2,4,1,4
528070128,4,2,4,1,4
528070129,3,3,4,1,4
528070130,4,3,4,2,4
528070131,4,3,4,2,4
528070132,4,2,4,2,4
528070133,-2,-1,-2,-1,-5
528070134,3,3,4,2,4
528070135,4,3,4,1,4
528070136,-1,-1,4,2,4
528070137,4,3,4,1,4
528070138,3,2,4,2,4
528070139,2,2,4,2,4
528070140,3,2,4,1,4
528070141,1,1,4,1,4
528070142,4,1,4,1,4
528070143,4,3,4,1,4
528070144,4,-1,4,3,4
528070145,-1,-1,-1,-1,-1
528070146,2,2,4,4,4
528070147,2,3,3,2,4
528070148,-1,-1,-1,-1,-1
528070149,3,1,4,1,4
528070150,2,3,2,3,3
528070151,-5,-5,-5,-5,-5
528070152,1,1,3,2,4
528070153,2,1,4,1,4
528070154,4,2,4,2,4
528070155,3,3,3,2,4
528070156,4,2,3,1,4
528070157,-1,2,4,2,4
528070158,4,2,4,1,4
528070159,-1,-1,-1,-1,-1
528070160,2,2,4,1,4
528070161,-1,-1,-1,-1,-1
528070162,4,3,4,1,4
528070163,2,2,4,3,2
528070164,2,2,4,2,4
528070165,3,3,4,1,4
528070166,1,1,3,3,4
528070167,3,2,3,2,4
528070168,2,1,4,1,4
528070169,3,4,4,1,3
528070170,4,2,4,1,4
528070171,3,2,4,2,4
528070172,4,2,4,1,4
528070173,4,1,3,1,4
528070174,2,4,4,2,4
528070175,-5,-5,-5,-5,-5
528070176,-5,-2,-1,-5,-5
528070177,4,2,3,1,-1
528070178,2,3,3,1,4
528070179,4,-1,4,1,4
528070180,4,4,4,1,4
528070181,-1,-1,-1,-1,-1
528070182,3,-1,3,2,3
528070183,3,3,4,2,3
528070184,-1,-1,-1,1,4
528070185,3,2,4,1,4
528070186,-1,-1,-1,-1,-1
528070187,1,1,4,1,4
528070188,-1,-1,-1,-1,-1
528070189,2,3,3,1,4
528070190,3,2,4,1,4
528070191,4,3,4,1,4
528070192,-2,-2,-2,-2,-2
528070193,-1,2,3,1,4
528070194,3,3,4,1,4
528070195,4,-5,4,1,4
528070196,2,4,4,1,3
528070197,2,3,4,2,4
528070198,2,2,2,3,3
528070199,1,3,4,1,4
528070200,2,-1,-1,-1,-1
528070201,4,1,4,1,4
528070202,1,1,4,2,4
528070203,1,-1,4,1,4
528070204,2,2,4,1,3
528070205,4,2,4,1,4
528070206,-1,-1,4,-1,-1
528070207,-5,-5,-5,-5,-5
528070208,3,2,4,1,4
528070209,4,3,3,1,4
528070210,4,2,4,1,4
528070211,-1,2,4,2,4
528070212,2,2,4,2,4
528070213,4,4,4,1,4
528070214,-1,-1,-1,-1,-1
528070215,1,3,3,2,4
528070216,-1,-1,-1,-1,-1
528070217,2,2,3,1,4
528070218,4,4,4,2,4
528070219,-5,-5,-5,-5,-5
528070220,1,3,4,1,4
528070221,1,3,4,2,4
528070222,-1,1,4,1,-5
528070223,2,3,4,1,3
528070224,3,2,4,1,4
528070225,2,3,4,1,4
528070226,-1,2,4,2,4
528070227,4,2,4,1,4
528070228,-1,1,4,1,4
528070229,3,2,4,1,4
528070230,1,4,4,1,4
528070231,2,2,-1,1,3
528070232,3,3,4,1,4
528070233,3,2,4,2,4
528070234,4,2,4,3,4
528070235,2,2,4,2,4
528070236,3,4,4,1,4
528070237,-1,-1,-1,-1,-1
528070238,2,3,4,2,4
528070239,3,2,4,1,4
528070240,3,2,3,2,4
528070241,4,3,4,1,4
528070242,1,2,4,1,4
528070243,1,3,4,1,3
528070244,2,-1,4,1,4
528070245,2,-1,4,-1,4
528070246,-1,-1,-1,-1,-1
528070247,-1,-1,-5,-1,-1
528070248,2,3,4,2,4
528070249,3,3,4,1,4
528070250,4,3,4,2,4
528070251,3,2,4,-1,4
528070252,2,2,4,2,4
528070253,2,3,4,1,4
528070254,2,1,3,2,3
528070255,2,2,3,2,4
528070256,4,2,4,1,4
528070257,4,2,4,2,4
528070258,4,1,4,2,4
528070259,-1,4,4,1,-1
528070260,3,2,4,1,4
528070261,3,3,4,2,4
528070262,2,-1,-1,-1,-1
528070263,4,3,4,1,4
528070264,3,2,4,1,4
528070265,4,2,4,1,4
528070266,4,4,4,1,4
528070267,4,1,4,1,4
528070268,3,3,4,1,3
528070269,4,2,4,2,4
528070270,-1,2,4,2,4
528070271,-1,-1,3,-1,4
528070272,-5,-5,-5,-5,-5
528070273,-5,-5,-5,-5,-5
528070274,-1,3,4,-1,4
528070275,3,2,4,1,4
528070276,3,2,4,1,4
528070277,-1,-1,-1,-1,-1
528070278,2,1,4,1,4
528070279,4,4,4,1,4
528070280,4,3,4,1,4
528070281,4,3,4,1,4
528070282,-5,-5,-5,-5,-5
528070283,-1,2,4,1,4
528070284,-5,-5,-5,-5,-5
528070285,-1,2,4,2,-1
528070286,4,4,4,2,4
528070287,4,-1,4,1,4
528070288,2,2,2,2,2
528070289,1,1,3,1,3
528070290,2,-1,3,2,3
528070291,3,3,4,1,4
528070292,4,2,4,2,4
528070293,3,3,4,1,3
528070294,3,3,4,2,4
528070295,-1,-1,4,1,4
528070296,4,3,3,1,4
528070297,4,3,4,1,4
528070298,-1,2,4,2,-1
528070299,4,3,4,2,3
528070300,-5,-5,-5,-5,-5
528070301,3,4,4,1,4
528070302,2,-1,4,2,4
528070303,3,-1,4,1,4
528070304,4,2,4,1,4
528070305,4,2,4,1,4
528070306,3,2,4,1,4
528070307,2,2,4,2,4
528070308,4,2,4,1,4
528070309,-1,-1,-1,-1,-1
528070310,4,3,4,1,4
528070311,4,2,4,1,4
528070312,1,2,4,1,4
528070313,4,3,4,1,4
528070314,4,3,4,2,4
528070315,2,-1,4,1,4
528070316,-1,3,2,3,-1
528070317,4,2,4,1,4
528070318,4,3,4,1,4
528070319,2,2,4,1,4
528070320,4,2,4,1,4
528070321,2,2,2,2,2
528070322,3,3,4,1,4
528070323,3,2,4,1,4
528070324,4,4,4,1,4
528070325,-5,-5,-5,-5,-5
528070326,2,4,4,1,3
528070327,-5,-5,-5,-5,-5
528070328,-5,-5,-5,-5,-5
528070329,-1,2,4,1,4
528070330,-1,2,2,2,4
528070331,-1,-1,4,2,-1
528070332,4,3,4,2,4
528070333,1,-1,4,1,4
528070334,-1,2,-1,2,3
528070335,2,3,3,2,4
528070336,4,3,4,2,4
528070337,2,2,3,2,3
528070338,4,4,4,1,4
528070339,-5,-5,-5,-5,-5
528070340,2,3,3,3,4
528070341,4,2,4,2,4
528070342,3,3,4,2,4
528070343,4,3,4,1,4
528070344,2,2,4,1,4
528070345,2,2,3,-1,4
528070346,3,2,4,1,4
528070347,-5,-5,-5,-5,-5
528070348,4,4,4,1,4
528070349,2,2,3,2,4
528070350,2,2,-1,2,-1
528070351,3,-1,4,2,4
528070352,4,4,4,1,4
528070353,2,3,4,2,3
528070354,4,2,4,1,4
528070355,3,2,4,1,4
528070356,4,4,4,1,3
528070357,4,3,4,1,4
528070358,3,2,4,2,4
528070359,-1,2,4,-1,3
528070360,3,2,3,2,3
528070361,4,3,4,-1,4
528070362,-1,-1,-1,-1,-1
528070363,1,2,4,3,4
528070364,3,3,4,1,4
528070365,4,2,4,1,4
528070366,-2,-2,-2,-2,-2
528070367,4,2,4,1,4
528070368,2,-1,4,1,4
528070369,4,2,4,1,4
528070370,4,2,4,2,4
528070371,4,4,4,2,2
528070372,-5,-5,-5,-5,-5
528070373,2,2,3,3,3
528070374,-1,3,4,-1,4
528070375,1,1,4,1,4
528070376,3,3,4,1,4
528070377,4,3,4,1,4
528070378,2,4,4,2,4
528070379,4,4,4,1,4
528070380,-1,-1,-1,-1,-1
528070381,3,3,4,2,4
528070382,4,2,4,1,4
528070383,-5,-5,-5,-5,-5
528070384,2,-1,-1,2,4
528070385,-1,2,4,1,4
528070386,4,2,4,1,4
528070387,4,4,4,1,4
528070388,2,2,4,2,4
528070389,4,2,4,1,4
528070390,4,2,3,1,4
528070391,-1,-1,-1,-1,-1
528070392,4,3,4,1,4
528070393,4,2,4,1,4
528070394,2,3,3,1,4
528070395,2,2,4,2,-1
528070396,3,3,4,1,4
528070397,-5,4,4,-5,4
528070398,2,2,3,2,4
528070399,2,3,4,1,-1
528070400,3,2,3,1,4
528070401,-1,-1,-1,-1,-1
528070402,-5,-5,-5,-5,-5
528070403,4,2,3,2,4
528070404,2,3,4,2,-1
528070405,4,2,-1,2,4
528070406,-1,2,4,2,4
528070407,3,3,4,1,4
528070408,4,4,4,1,4
528070409,3,2,4,1,4
528070410,-1,-1,-5,-1,-1
528070411,4,2,4,1,4
528070412,2,2,4,3,3
528070413,3,3,4,1,4
528070414,4,3,4,1,4
528070415,4,3,4,1,4
528070416,1,2,4,1,4
528070417,-1,-1,4,1,4
528070418,4,4,4,1,4
528070419,2,3,4,2,4
528070420,-1,2,4,-1,4
528070421,2,1,4,2,4
528070422,2,3,3,2,2
528070423,4,3,4,1,4
528070424,3,2,-1,2,2
528070425,4,3,4,1,4
528070426,4,3,4,1,4
528070427,4,4,4,1,4
528070428,1,1,4,2,4
528070429,4,4,4,1,4
528070430,4,2,4,2,4
528070431,-1,-1,-1,-1,-1
528070432,4,3,4,1,4
528070433,2,3,4,1,4
528070434,3,2,4,2,4
528070435,2,2,4,2,4
528070436,3,3,4,1,4
528070437,2,2,2,2,2
528070438,4,2,4,1,4
528070439,3,3,4,2,3
528070440,2,2,4,1,4
528070441,3,2,4,2,4
528070442,-1,-1,-1,-1,-1
528070443,1,1,-1,-1,4
528070444,1,1,4,2,3
528070445,3,3,4,2,4
528070446,4,4,4,1,4
528070447,3,3,4,1,4
528070448,-1,-1,4,2,-5
528070449,2,3,4,1,4
528070450,-1,-1,-1,-1,-1
528070451,3,1,4,1,4
528070452,4,3,4,1,4
528070453,4,3,4,2,4
528070454,-2,3,3,1,4
528070455,3,2,3,2,4
528070456,4,4,4,2,4
528070457,3,2,4,2,4
528070458,1,2,3,1,4
528070459,4,4,4,1,4
528070460,3,-1,3,2,3
528070461,4,3,4,1,4
528070462,-1,-1,-1,-1,-1
528070463,-1,3,4,2,4
528070464,2,2,4,1,4
528070465,4,2,4,1,4
528070466,2,2,2,2,2
528070467,3,3,4,1,4
528070468,2,1,3,1,3
528070469,-1,-1,4,2,4
528070470,4,3,4,1,4
528070471,3,3,4,1,4
528070472,1,2,4,1,4
528070473,3,3,4,1,4
528070474,4,3,3,2,4
528070475,2,2,3,2,4
528070476,3,2,4,1,4
528070477,-2,-2,-2,-2,-2
528070478,2,2,4,1,4
528070479,4,4,4,2,4
528070480,4,2,4,2,4
528070481,1,1,3,3,-1
528070482,4,2,4,1,4
528070483,-1,-1,-1,-1,-1
528070484,-1,-1,4,1,4
528070485,3,2,4,2,3
528070486,-5,-5,-5,-5,-5
528070487,2,2,4,1,3
528070488,3,2,4,1,4
528070489,3,2,4,1,4
528070490,-1,-1,3,2,-1
528070491,3,2,4,1,4
528070492,4,2,4,1,4
528070493,-1,-1,-1,-1,-1
528070494,4,2,4,1,4
528070495,3,2,4,1,4
528070496,2,3,4,1,3
528070497,4,2,4,1,4
528070498,4,2,4,2,4
528070499,2,3,4,1,4
528070500,2,3,3,2,4
528070501,4,2,4,1,4
528070502,4,2,4,1,4
528070503,3,2,4,2,4
528070504,2,2,3,2,-1
528070505,4,3,4,2,4
528070506,4,4,4,1,4
528070507,-1,-1,-1,-1,-1
528070508,-1,-1,-1,-1,-1
528070509,-5,-5,-5,-5,-5
528070510,1,2,4,2,4
528070511,3,3,4,1,4
528070512,-1,2,4,2,4
528070513,4,3,4,1,4
528070514,3,2,4,1,4
528070515,2,2,3,2,4
528070516,4,2,4,2,4
528070517,2,2,4,1,4
528070518,-5,-5,-5,-5,-5
528070519,2,2,4,1,4
528070520,3,2,3,1,4
528070521,3,4,4,3,4
528070522,-5,-5,-5,-5,-5
528070523,4,-1,-1,4,4
528070524,3,3,4,2,4
528070525,4,3,4,2,-5
528070526,3,-1,3,1,4
528070527,3,3,4,1,4
528070528,3,3,4,1,4
528070529,-5,-5,-5,-5,-5
528070530,-5,-5,-5,-5,-5
528070531,2,2,3,2,4
528070532,2,3,3,3,3
528070533,1,2,-1,1,3
528070534,2,1,-1,-1,3
528070535,3,3,4,1,4
528070536,3,2,3,1,4
528070537,3,3,4,1,4
528070538,-1,3,4,-1,4
528070539,-1,2,4,1,4
528070540,4,4,4,1,4
528070541,2,2,3,2,3
528070542,-1,2,4,2,3
528070543,-1,-1,4,-1,-1
528070544,2,2,4,2,4
528070545,2,3,4,3,4
528070546,4,3,4,1,4
528070547,3,2,4,1,4
528070548,-5,-5,-5,-5,-5
528070549,3,1,4,1,4
528070550,-1,-1,-1,-1,-1
528070551,1,2,4,1,2
528070552,4,3,4,1,4
528070553,3,3,4,1,4
528070554,3,2,4,1,4
528070555,1,4,3,2,3
528070556,1,-1,4,1,4
528070557,-1,2,4,2,4
528070558,4,2,4,1,4
528070559,3,3,3,2,4
528070560,3,2,3,2,4
528070561,-1,-1,-1,-1,4
528070562,-1,-1,-1,-1,-1
528070563,2,2,4,1,4
528070564,-1,-1,4,2,4
528070565,-5,-5,-5,-5,-5
528070566,4,3,4,1,4
528070567,1,1,4,1,4
528070568,2,2,4,1,4
528070569,2,1,4,1,4
528070570,1,1,4,1,4
528070571,3,2,2,3,2
528070572,-1,-1,-1,-1,-1
528070573,-5,-5,-5,-5,-5
528070574,4,3,4,1,4
528070575,3,2,3,2,4
528070576,4,1,-1,1,4
528070577,3,2,3,2,3
528070578,2,2,3,-1,-1
528070579,4,3,4,1,4
528070580,1,3,4,1,4
528070581,-1,2,3,2,4
528070582,-1,-1,-1,-1,-1
528070583,3,3,4,1,4
528070584,3,-1,4,1,-1
528070585,3,2,4,2,4
528070586,4,3,4,1,4
528070587,4,3,4,1,4
528070588,2,3,4,1,-1
528070589,2,2,4,1,3
528070590,2,2,3,-1,4
528070591,4,1,4,1,4
528070592,4,2,4,2,4
528070593,2,2,4,2,4
528070594,4,3,4,1,4
528070595,2,2,3,2,3
528070596,-5,-5,-5,-5,-5
528070597,4,-1,4,1,4
528070598,4,3,4,1,4
528070599,1,-1,-1,1,3
528070600,4,4,4,2,4
528070601,2,2,3,2,3
528070602,1,2,4,1,4
528070603,3,2,4,1,4
528070604,2,2,2,3,3
528070605,-1,-1,-1,-1,-1
528070606,2,4,2,3,3
528070607,3,2,4,1,4
528070608,2,2,3,1,3
528070609,1,4,4,3,1
528070610,1,2,4,1,4
528070611,4,4,4,1,4
528070612,4,2,4,1,4
528070613,3,3,4,1,4
528070614,1,1,4,1,4
528070615,-5,-5,-5,-5,-5
528070616,3,2,4,1,2
528070617,4,2,4,1,4
528070618,-1,-1,3,2,4
528070619,4,2,4,1,4
528070620,2,2,4,1,4
528070621,2,3,4,2,3
528070622,4,4,4,2,4
528070623,2,-1,4,1,4
528070624,4,2,4,2,4
528070625,4,2,4,1,4
528070626,4,3,4,1,4
528070627,3,3,2,2,4
528070628,4,3,4,2,4
528070629,3,3,4,1,4
528070630,4,2,4,1,4
528070631,2,2,3,2,4
528070632,4,4,4,2,4
528070633,4,4,4,1,4
528070634,4,1,4,2,4
528070635,4,3,4,1,4
528070636,3,1,3,2,4
528070637,4,2,4,3,4
528070638,2,2,3,2,4
528070639,-2,-2,-2,-2,-2
528070640,3,2,4,1,4
528070641,-5,-5,-5,-5,-5
528070642,2,2,2,2,2
528070643,2,2,3,2,4
528070644,2,2,2,3,3
528070645,-5,-5,-5,-5,-5
528070646,3,2,3,2,4
528070647,4,2,4,1,4
528070648,4,4,4,2,3
528070649,4,3,4,1,4
528070650,4,3,4,1,4
528070651,3,1,4,2,2
528070652,2,2,3,2,3
528070653,4,3,4,1,3
528070654,4,4,4,2,2
528070655,-1,-1,4,1,4
528070656,3,3,4,1,4
528070657,4,2,3,2,4
528070658,4,2,4,1,4
528070659,-1,2,4,2,4
528070660,2,2,3,-1,4
528070661,-1,4,-1,-2,-1
528070662,3,2,4,1,4
528070663,4,3,4,1,4
528070664,-1,-1,-1,-1,-1
528070665,4,4,4,2,4
528070666,4,3,4,1,4
528070667,3,2,4,1,4
528070668,3,2,4,1,4
528070669,4,3,4,1,4
528070670,-5,-5,-5,-5,-5
528070671,-5,-5,-5,-5,-5
528070672,4,2,4,2,4
528070673,2,2,4,4,4
528070674,4,3,4,1,4
528070675,1,1,4,1,4
528070676,-5,-5,-5,-5,-5
528070677,4,4,4,1,4
528070678,2,2,3,2,4
528070679,4,3,4,1,4
528070680,2,2,-1,1,4
528070681,2,2,3,2,4
528070682,4,2,4,-1,4
528070683,-5,-5,-5,-5,-5
528070684,-1,2,4,2,4
528070685,2,2,3,2,2
528070686,3,3,4,1,4
528070687,4,4,4,1,4
528070688,-1,-1,4,1,4
528070689,3,3,4,2,4
528070690,3,3,3,2,3
528070691,4,2,4,2,4
528070692,2,2,3,-1,4
528070693,3,2,3,2,4
528070694,3,-1,3,2,4
528070695,-1,-1,4,1,4
528070696,2,2,3,-1,4
528070697,2,1,4,-1,4
528070698,4,3,4,1,4
528070699,4,2,4,2,4
528070700,-5,-5,-5,-5,-5
528070701,3,3,3,1,3
528070702,3,3,-1,-1,4
528070703,2,2,-1,2,3
528070704,-1,-1,4,-1,4
528070705,3,1,3,2,3
528070706,2,2,2,1,4
528070707,-1,-1,-1,-1,-1
528070708,2,2,4,1,4
528070709,3,3,3,2,3
528070710,2,2,4,1,4
528070711,4,3,4,1,4
528070712,2,2,4,1,4
528070713,2,3,4,1,2
528070714,1,1,4,3,3
528070715,4,3,4,1,3
528070716,4,4,4,1,4
528070717,4,2,-1,1,4
528070718,3,2,2,2,2
528070719,4,4,4,1,4
528070720,4,3,4,1,4
528070721,3,2,4,1,4
528070722,3,4,4,1,4
528070723,4,2,4,2,4
528070724,4,3,4,1,4
528070725,2,3,4,2,4
528070726,4,2,4,1,3
528070727,2,2,4,1,4
528070728,4,3,4,1,4
528070729,2,2,3,1,-1
528070730,2,-1,4,2,4
528070731,4,3,4,1,3
528070732,2,2,4,4,4
528070733,3,2,4,1,4
528070734,-1,-1,-1,-1,-1
528070735,4,3,4,2,4
528070736,3,2,4,1,4
528070737,2,2,4,2,4
528070738,2,2,4,2,3
528070739,4,3,4,1,4
528070740,3,2,3,2,4
528070741,4,4,4,1,4
528070742,4,3,4,1,4
528070743,2,2,3,2,3
528070744,4,4,4,1,4
528070745,2,3,4,1,4
528070746,2,2,4,2,4
528070747,4,2,4,4,4
528070748,2,2,4,1,4
528070749,-1,-1,-1,-1,-1
528070750,3,4,4,1,4
528070751,-1,4,4,-1,4
528070752,1,3,-1,-1,4
528070753,3,2,4,1,4
528070754,2,2,4,4,4
528070755,2,2,-1,-1,-1
528070756,4,3,4,1,4
528070757,1,1,4,1,1
528070758,1,1,4,1,3
528070759,-1,-1,4,2,4
528070760,-1,3,4,2,4
528070761,-5,-5,-5,-5,-5
528070762,3,2,4,1,4
528070763,-1,-1,4,-1,-1
528070764,-1,-1,-1,-1,-1
528070765,2,2,4,1,4
528070766,-1,2,3,2,4
528070767,3,2,3,2,4
528070768,3,2,4,2,4
528070769,2,3,4,1,4
528070770,2,2,2,2,4
528070771,3,2,4,2,2
528070772,3,3,4,2,2
528070773,3,3,4,2,4
528070774,3,3,4,2,4
528070775,2,2,4,2,3
528070776,-1,3,4,1,4
528070777,2,2,3,-1,4
528070778,-1,-1,-1,-1,-1
528070779,3,2,4,2,4
528070780,2,2,3,2,3
528070781,4,2,3,2,1
528070782,-5,-5,-5,-5,-5
528070783,-1,-1,4,1,1
528070784,1,-1,4,1,4
528070785,3,-1,3,2,3
528070786,2,2,4,1,4
528070787,3,2,4,1,4
528070788,4,2,4,1,4
528070789,4,2,4,2,3
528070790,1,4,4,1,4
528070791,4,-1,3,4,3
528070792,2,1,4,1,4
528070793,4,2,4,1,4
528070794,3,3,4,1,4
528070795,4,3,4,2,4
528070796,4,2,4,2,4
528070797,1,1,1,1,1
528070798,-1,-1,-1,-1,-1
528070799,3,2,4,1,4
528070800,3,-1,4,2,4
528070801,4,2,4,2,4
528070802,3,2,4,1,4
528070803,2,1,4,2,4
528070804,4,4,4,4,4
528070805,4,3,4,1,4
528070806,3,3,4,2,4
528070807,-1,-1,-1,-1,-1
528070808,4,3,4,1,4
528070809,2,3,3,1,3
528070810,1,1,3,1,4
528070811,-1,-1,3,-1,4
528070812,2,2,4,1,4
528070813,4,4,4,2,4
528070814,4,2,4,2,4
528070815,1,2,4,1,4
528070816,3,2,4,1,4
528070817,2,3,3,2,4
528070818,3,2,4,1,4
528070819,4,3,4,1,4
528070820,4,3,4,2,4
528070821,4,-1,4,2,3
528070822,4,4,4,1,4
528070823,4,2,4,1,3
528070824,-1,2,4,2,4
528070825,3,-1,4,1,4
528070826,4,4,4,1,4
528070827,3,3,4,4,3
528070828,-1,-1,-1,-1,-1
528070829,2,3,4,1,4
528070830,4,2,4,1,4
528070831,4,3,4,1,4
528070832,-2,2,4,2,4
528070833,3,3,4,1,4
528070834,-5,-5,-5,-5,-5
528070835,4,3,4,2,4
528070836,4,2,4,1,4
528070837,1,1,4,1,4
528070838,2,2,4,2,4
528070839,3,2,3,2,3
528070840,2,-1,3,2,4
528070841,4,4,4,1,4
528070842,2,-1,-1,2,4
528070843,-5,-5,-5,-5,-5
528070844,-1,-1,-1,-1,-1
528070845,3,-1,3,-1,4
528070846,-5,-5,-5,-5,-5
528070847,2,-1,-1,2,-1
528070848,4,2,4,1,4
528070849,4,2,4,2,4
528070850,2,2,3,2,3
528070851,3,3,-1,-1,-1
528070852,1,2,4,1,4
528070853,4,2,4,1,4
528070854,2,1,3,2,4
528070855,4,4,4,1,4
528070856,3,2,4,2,4
528070857,4,3,2,3,3
528070858,4,4,4,2,4
528070859,2,-1,4,1,4
528070860,-1,-1,-1,-1,-1
528070861,4,3,3,2,4
528070862,4,2,4,2,4
528070863,2,4,4,4,3
528070864,-5,-5,-5,-5,-5
528070865,3,4,4,2,4
528070866,3,-1,-1,1,4
528070867,-1,-1,2,-1,-1
528070868,4,2,4,1,4
528070869,-1,-1,-1,-1,-1
528070870,4,3,4,2,4
528070871,-1,-1,-1,-1,-1
528070872,3,2,3,1,3
528070873,4,4,4,2,4
528070874,4,3,4,1,4
528070875,-5,-5,-5,-5,-5
528070876,2,3,4,1,4
528070877,4,4,4,1,4
528070878,-5,-5,-5,-5,-5
528070879,1,2,4,1,4
528070880,4,3,4,1,4
528070881,3,-1,4,1,4
528070882,2,3,4,1,4
528070883,4,4,4,2,4
528070884,2,3,4,-1,-1
528070885,4,2,4,2,4
528070886,-5,-5,-5,-5,-5
528070887,1,-1,-2,-5,4
528070888,-1,1,4,1,4
528070889,-1,-1,-1,-1,-1
528070890,2,2,3,1,3
528070891,1,1,4,-1,4
528070892,-5,-5,-5,-5,-5
528070893,4,4,4,1,4
528070894,2,-1,4,1,4
528070895,3,2,3,1,4
528070896,4,4,4,1,4
528070897,3,2,4,1,4
528070898,2,2,3,2,3
528070899,4,2,4,1,4
528070900,-1,-1,-1,-1,-1
528070901,2,3,3,-1,4
528070902,3,2,4,1,4
528070903,2,4,-1,3,3
528070904,4,2,4,1,4
528070905,4,2,4,2,4
528070906,4,2,4,2,4
528070907,1,-1,4,1,4
528070908,1,2,4,2,4
528070909,1,2,3,1,4
528070910,4,2,4,1,4
528070911,2,3,3,2,4
528070912,2,2,3,-1,4
528070913,4,4,4,1,4
528070914,4,4,-1,-1,4
528070915,2,2,4,1,4
528070916,3,2,3,1,4
528070917,3,2,4,1,4
528070918,4,4,4,1,4
528070919,2,3,3,2,4
528070920,-5,-2,-5,-5,-5
528070921,2,3,3,1,4
528070922,3,3,4,1,4
528070923,3,3,4,2,4
528070924,4,1,4,1,4
528070925,-1,2,4,2,4
528070926,1,1,-1,-1,-1
528070927,3,3,4,1,3
528070928,4,3,4,1,4
528070929,4,1,3,2,4
528070930,4,2,4,3,4
528070931,2,1,4,1,4
528070932,4,3,4,1,4
528070933,3,2,4,1,4
528070934,1,1,4,2,4
528070935,2,2,4,2,4
528070936,-1,-1,-1,-1,-1
528070937,4,4,4,1,4
528070938,4,3,4,1,4
528070939,2,1,4,1,4
528070940,3,2,3,2,4
528070941,3,3,4,1,4
528070942,3,3,4,-1,4
528070943,4,2,4,2,4
528070944,3,2,4,1,4
528070945,4,4,4,1,4
528070946,4,3,4,1,4
528070947,4,3,4,2,4
528070948,2,2,4,1,4
528070949,4,3,4,1,3
528070950,1,-1,4,-1,4
528070951,2,2,4,2,4
528070952,-1,4,-1,4,4
528070953,2,4,4,-1,4
528070954,3,4,4,1,4
528070955,4,4,4,1,4
528070956,3,3,4,2,4
528070957,2,2,3,2,3
528070958,1,3,4,1,4
528070959,4,-1,4,2,4
528070960,3,2,3,1,4
528070961,-1,-2,-2,-1,-1
528070962,-2,-2,-1,-1,-1
528070963,4,4,4,1,4
528070964,4,3,4,1,4
528070965,2,1,4,1,4
528070966,-1,-1,-1,-1,-5
528070967,4,3,4,1,4
528070968,3,2,4,1,4
528070969,1,1,4,2,4
528070970,-1,-1,-1,-1,-1
528070971,2,3,3,2,2
528070972,-1,-1,3,2,4
528070973,2,2,4,4,-1
528070974,3,3,4,2,4
528070975,-1,-1,4,1,4
528070976,-1,2,2,-1,-1
528070977,3,4,4,4,-1
528070978,2,1,3,2,4
528070979,4,2,4,1,4
528070980,4,-1,-1,2,4
528070981,3,2,3,2,4
528070982,2,2,3,1,3
528070983,2,4,4,1,4
528070984,4,3,4,2,4
528070985,-1,-1,4,2,-1
528070986,2,4,4,2,4
528070987,1,3,4,2,4
528070988,-1,-1,4,1,4
528070989,4,2,3,1,4
528070990,1,-1,3,1,4
528070991,-2,-2,-5,-5,-5
528070992,2,1,3,2,4
528070993,4,3,4,1,4
528070994,2,1,4,2,3
528070995,4,3,4,2,4
528070996,3,4,4,1,4
528070997,4,3,4,1,4
528070998,2,1,4,1,4
528070999,3,3,4,1,4
528071000,4,3,4,1,4
528071001,-1,-1,4,2,4
528071002,2,2,3,2,3
528071003,2,1,3,2,3
528071004,-1,-1,-1,-1,-1
528071005,2,3,2,3,3
528071006,4,2,4,2,4
528071007,2,2,3,2,3
528071008,4,2,4,1,4
528071009,2,2,4,2,4
528071010,4,3,4,1,4
528071011,3,2,4,2,4
528071012,2,2,3,2,3
528071013,2,1,4,1,4
528071014,4,2,4,1,4
528071015,3,-1,3,1,4
528071016,3,3,2,1,3
528071017,-1,2,4,-1,4
528071018,-1,-1,-1,-1,-1
528071019,1,2,3,2,3
528071020,3,1,4,3,4
528071021,-1,-1,-1,-1,-1
528071022,2,4,4,1,4
528071023,3,2,4,2,4
528071024,-1,-1,-1,-1,-1
528071025,4,2,4,1,4
528071026,3,3,4,1,4
528071027,1,1,3,3,4
528071028,4,4,4,1,4
528071029,4,3,4,2,3
528071030,1,2,4,1,4
528071031,2,2,3,1,3
528071032,4,-1,4,2,3
528071033,3,3,4,1,4
528071034,-1,-1,4,2,-1
528071035,1,4,2,3,2
528071036,4,2,4,2,4
528071037,2,2,3,2,3
528071038,4,3,3,1,4
528071039,-1,-1,-1,-1,-1
528071040,3,3,4,1,4
528071041,4,3,4,2,4
528071042,4,2,4,2,4
528071043,1,2,3,2,-1
528071044,4,3,4,1,4
528071045,4,2,4,1,4
528071046,3,3,4,1,4
528071047,1,4,4,1,4
528071048,2,2,3,2,4
528071049,1,1,4,-1,4
528071050,3,3,3,2,3
528071051,2,2,4,1,4
528071052,2,2,3,-1,-1
528071053,-1,-1,-1,-1,-1
528071054,3,3,4,1,4
528071055,2,3,4,2,4
528071056,3,2,4,2,3
528071057,2,-1,-1,1,-1
528071058,-5,-1,-1,-1,-1
528071059,4,1,4,1,4
528071060,4,-1,4,1,4
528071061,3,-1,4,1,4
528071062,-1,-1,-1,-1,-1
528071063,1,1,4,1,4
528071064,4,4,4,1,4
528071065,4,1,4,1,4
528071066,3,2,4,1,4
528071067,3,2,4,1,4
528071068,2,4,4,4,4
528071069,2,2,4,1,4
528071070,4,2,4,2,4
528071071,2,3,3,2,4
528071072,3,-1,3,2,3
528071073,3,3,4,1,4
528071074,4,2,4,1,4
528071075,4,3,4,1,4
528071076,3,1,3,1,4
528071077,4,3,4,1,4
528071078,-1,-1,3,2,4
528071079,4,2,4,1,4
528071080,1,2,-1,-1,4
528071081,4,2,4,2,4
528071082,2,3,3,2,4
528071083,2,2,2,2,2
528071084,4,4,4,1,4
528071085,3,1,4,1,4
528071086,-1,2,4,2,4
528071087,3,2,4,1,4
528071088,-2,-2,-2,-2,-2
528071089,-5,-5,-5,-5,-5
528071090,2,3,3,2,3
528071091,-1,1,3,1,1
528071092,-1,-1,-1,-1,-1
528071093,2,4,2,3,4
528071094,2,3,4,1,4
528071095,3,2,2,3,2
528071096,1,2,4,2,4
528071097,4,3,4,1,4
528071098,4,2,4,1,4
528071099,2,2,4,2,4
528071100,-1,-1,-1,-1,-1
528071101,3,3,3,2,3
528071102,-1,-1,-1,-1,-1
528071103,-1,-1,4,1,4
528071104,4,2,4,2,4
528071105,1,-1,4,1,4
528071106,4,3,4,1,4
528071107,4,-1,4,1,4
528071108,-5,-5,4,2,4
528071109,3,3,3,3,3
528071110,2,4,4,2,4
528071111,4,2,4,1,4
528071112,4,3,4,2,4
528071113,2,2,3,2,4
528071114,3,3,4,1,4
528071115,-1,3,4,2,4
528071116,1,2,4,2,4
528071117,4,4,4,1,4
528071118,3,3,3,2,2
528071119,4,4,4,2,4
528071120,4,1,3,2,4
528071121,3,3,3,2,4
528071122,4,2,4,2,4
528071123,2,2,2,2,3
528071124,4,4,4,1,4
528071125,4,3,4,1,4
528071126,-5,-5,-5,-5,-5
528071127,-1,2,3,-1,4
528071128,2,-1,-1,2,3
528071129,4,3,4,1,4
528071130,3,2,4,1,3
528071131,4,3,4,1,4
528071132,4,3,4,1,4
528071133,-1,3,4,2,4
528071134,-5,-5,-5,-5,-5
528071135,-5,-5,-5,-5,-5
528071136,4,3,4,1,4
528071137,4,2,4,1,4
528071138,3,2,4,2,4
528071139,4,4,1,2,3
528071140,4,2,4,1,4
528071141,-1,-1,-1,-1,-1
528071142,-2,-2,-2,-2,-2
528071143,3,4,4,2,3
528071144,4,3,4,1,4
528071145,2,2,4,1,4
528071146,4,2,4,2,4
528071147,4,4,4,1,4
528071148,-1,-1,-1,-1,-1
528071149,2,2,4,3,4
528071150,4,2,4,1,4
528071151,-1,2,-1,2,-1
528071152,2,3,3,2,4
528071153,3,2,3,2,4
528071154,4,3,4,2,4
528071155,4,2,4,2,4
528071156,2,2,3,2,2
528071157,2,2,3,2,3
528071158,4,3,4,1,4
528071159,3,2,3,2,3
528071160,3,3,3,2,3
528071161,3,2,4,2,4
528071162,3,2,4,2,4
528071163,4,2,4,1,4
528071164,3,2,3,2,4
528071165,-1,-1,-1,-1,-1
528071166,4,1,3,2,4
528071167,3,3,3,1,3
528071168,4,2,4,1,4
528071169,4,4,4,1,4
528071170,4,4,4,1,4
528071171,4,2,4,1,4
528071172,3,2,3,2,3
528071173,2,3,3,2,4
528071174,-1,2,4,2,4
528071175,3,2,4,1,4
528071176,-5,-5,-5,-5,-5
528071177,2,1,4,1,4
528071178,1,3,4,1,4
528071179,4,-2,-1,4,-1
528071180,4,4,4,1,4
528071181,-5,-5,-5,-5,-5
528071182,4,4,4,1,4
528071183,4,3,4,1,4
528071184,2,2,4,2,4
528071185,4,2,4,1,4
528071186,1,-1,3,1,4
528071187,2,2,3,1,4
528071188,4,1,4,1,4
528071189,1,1,-1,-1,3
528071190,3,2,4,1,4
528071191,3,1,4,2,4
528071192,-2,-2,-2,-2,-2
528071193,4,1,4,1,4
528071194,2,2,4,2,4
528071195,2,-1,-1,-1,-1
528071196,3,3,4,1,4
528071197,3,2,4,2,4
528071198,4,3,4,1,4
528071199,4,2,4,1,3
528071200,3,1,3,1,4
528071201,1,3,4,2,4
528071202,2,2,2,2,2
528071203,-5,-5,-5,-5,-5
528071204,3,1,4,1,4
528071205,2,-1,3,-1,4
528071206,1,3,2,1,4
528071207,4,4,4,1,4
528071208,2,2,4,1,4
528071209,2,2,4,1,4
528071210,4,4,4,1,4
528071211,2,3,4,1,4
528071212,1,3,4,1,4
528071213,-1,-1,-1,-1,-1
528071214,-1,2,-1,2,-1
528071215,3,2,4,1,4
528071216,2,3,2,3,3
528071217,3,3,3,1,2
528071218,4,3,4,1,4
528071219,2,2,4,2,4
528071220,3,-1,4,1,4
528071221,1,-1,4,-1,4
528071222,1,2,3,2,4
528071223,2,3,4,2,4
528071224,2,2,2,2,2
528071225,3,3,4,1,4
528071226,4,3,4,2,4
528071227,1,1,2,1,-1
528071228,2,4,4,2,1
528071229,-1,-1,4,-1,-1
528071230,2,-1,3,2,4
528071231,-5,-5,-5,-5,-5
528071232,4,4,4,1,4
528071233,3,4,4,3,4
528071234,4,4,4,1,4
528071235,2,-1,4,-1,4
528071236,-1,3,4,1,-1
528071237,-1,-1,-1,-1,-1
528071238,1,2,4,1,4
528071239,3,1,4,1,4
528071240,-1,-1,-1,-1,-1
528071241,4,2,4,1,4
528071242,4,2,3,1,4
528071243,4,3,4,1,4
528071244,-1,2,-1,2,4
528071245,-5,-5,-5,-5,-5
528071246,2,-1,-1,-1,-1
528071247,-1,-1,-1,-1,-1
528071248,3,2,4,1,4
528071249,2,-1,3,-1,4
528071250,2,3,3,2,3
528071251,-5,-5,-5,-5,-5
528071252,2,2,4,2,4
528071253,4,3,4,1,4
528071254,4,2,4,1,4
528071255,4,2,4,1,3
528071256,2,4,4,2,4
528071257,-1,-1,-1,-1,-1
528071258,4,2,4,1,4
528071259,3,2,4,1,4
528071260,-1,-1,-1,-1,-1
528071261,3,4,4,1,4
528071262,3,2,3,2,4
528071263,4,4,4,1,4
528071264,4,4,4,2,4
528071265,-1,-1,-1,-1,-1
528071266,4,4,4,2,4
528071267,4,3,4,1,4
528071268,3,2,4,1,4
528071269,4,3,4,1,4
528071270,2,-1,3,-1,-1
528071271,4,2,4,1,4
528071272,4,3,4,1,4
528071273,2,2,2,2,-1
528071274,4,4,4,1,4
528071275,4,3,3,1,4
528071276,4,3,4,1,4
528071277,4,3,4,1,4
528071278,4,3,4,1,4
528071279,4,4,4,1,4
528071280,-1,2,3,1,4
528071281,4,2,4,1,4
528071282,3,2,3,1,3
528071283,1,1,4,2,4
528071284,4,-1,-1,3,4
528071285,4,3,4,1,4
528071286,-1,-1,-1,-1,-1
528071287,4,4,4,1,4
528071288,-1,-1,-1,1,4
528071289,4,2,4,2,4
528071290,-1,-1,-1,-1,-1
528071291,2,1,4,2,4
528071292,4,-1,4,1,4
528071293,4,3,3,3,3
528071294,2,1,2,1,4
528071295,4,4,4,2,4
528071296,3,3,3,1,3
528071297,3,1,4,1,4
528071298,4,2,4,1,4
528071299,-1,-1,4,1,4
528071300,3,2,-1,-1,4
528071301,2,2,4,2,4
528071302,3,3,4,1,4
528071303,3,3,4,2,4
528071304,3,2,3,1,3
528071305,3,4,4,1,4
528071306,-1,-1,-1,-1,-1
528071307,-1,2,3,-1,4
528071308,2,3,4,1,3
528071309,-1,-1,3,2,3
528071310,4,3,4,1,4
528071311,1,2,4,1,4
528071312,4,2,4,1,4
528071313,2,3,4,1,4
528071314,1,1,4,1,4
528071315,2,3,4,1,4
528071316,3,3,3,1,4
528071317,4,1,4,1,4
528071318,-1,2,4,2,4
528071319,-5,-5,-5,-5,-5
528071320,2,2,3,2,2
528071321,4,2,4,1,4
528071322,-1,-1,4,-1,4
528071323,-5,-5,-5,-5,-5
528071324,3,2,4,1,4
528071325,2,3,4,2,4
528071326,4,2,4,1,4
528071327,4,4,4,2,4
528071328,3,3,4,1,3
528071329,4,2,4,1,4
528071330,3,4,4,2,3
528071331,3,3,4,1,1
528071332,-1,-1,-1,-1,-1
528071333,3,2,3,1,4
528071334,-5,-5,4,1,4
528071335,4,3,4,1,4
528071336,4,2,4,1,4
528071337,3,-1,4,1,4
528071338,2,3,4,1,4
528071339,-1,-1,-1,-1,4
528071340,3,2,3,2,4
528071341,4,2,4,-1,4
528071342,4,2,4,2,4
528071343,-1,-1,4,3,4
528071344,2,2,4,2,4
528071345,2,2,4,2,4
528071346,4,-1,4,2,4
528071347,4,2,4,1,4
528071348,-5,-5,-5,-5,-5
528071349,2,2,3,2,3
528071350,-5,-5,-5,-5,-5
528071351,2,2,2,3,3
528071352,3,-1,4,2,4
528071353,2,2,4,1,4
528071354,4,3,4,1,4
528071355,3,3,4,1,4
528071356,4,4,4,1,4
528071357,-1,-1,-1,-1,3
528071358,3,3,4,1,4
528071359,-5,-5,-5,-5,-5
528071360,-1,-1,-1,-1,-1
528071361,3,3,4,1,4
528071362,-1,2,4,1,4
528071363,4,4,4,1,4
528071364,2,2,4,2,3
528071365,1,2,3,2,4
528071366,3,2,4,1,4
528071367,3,3,4,2,4
528071368,4,2,4,1,4
528071369,3,2,4,1,3
528071370,1,1,2,2,1
528071371,4,2,4,-1,4
528071372,4,4,4,1,4
528071373,4,3,4,2,1
528071374,2,3,3,1,4
528071375,4,3,4,1,4
528071376,-1,-1,3,2,4
528071377,4,2,4,2,4
528071378,3,2,3,1,4
528071379,2,2,4,1,4
528071380,4,2,4,2,3
528071381,4,3,4,1,4
528071382,2,2,3,2,3
528071383,2,-1,4,2,4
528071384,4,3,4,2,4
528071385,4,3,4,1,4
528071386,4,-1,4,1,4
528071387,2,2,3,1,3
528071388,3,2,4,2,4
528071389,-1,-1,-1,-1,-1
528071390,2,-1,4,-1,-1
528071391,-5,-5,-5,-5,-5
528071392,3,4,3,1,3
528071393,3,2,4,1,3
528071394,3,4,4,1,4
528071395,4,-1,3,2,-1
528071396,4,2,4,1,4
528071397,2,3,3,2,-1
528071398,4,4,4,1,4
528071399,1,1,3,1,3
528071400,1,1,4,1,4
528071401,4,2,4,2,4
528071402,-1,-1,4,2,2
528071403,3,2,3,2,4
528071404,-2,-1,-5,-5,-2
528071405,4,2,4,1,4
528071406,3,3,3,2,3
528071407,-1,-1,-1,-1,-1
528071408,3,3,4,2,4
528071409,4,4,4,1,4
528071410,3,3,4,2,4
528071411,2,2,3,2,2
528071412,4,3,3,1,4
528071413,4,3,4,1,4
528071414,2,2,4,-1,4
528071415,4,2,3,1,1
528071416,4,2,4,1,4
528071417,4,3,4,1,4
528071418,4,2,3,2,4
528071419,2,2,3,1,4
528071420,2,3,4,1,4
528071421,-5,-5,-5,-5,-5
528071422,3,3,4,1,4
528071423,-1,-1,-1,-1,-1
528071424,4,1,4,1,4
528071425,3,4,4,3,3
528071426,4,2,4,1,4
528071427,1,1,4,1,4
528071428,3,3,3,3,3
528071429,-1,-1,-1,-1,-1
528071430,2,2,4,2,-1
528071431,4,4,4,2,4
528071432,3,3,4,1,4
528071433,-5,-5,-5,-5,-5
528071434,-1,-1,4,1,4
528071435,2,3,4,1,3
528071436,2,3,4,1,4
528071437,-1,1,4,-1,-1
528071438,-1,2,3,2,3
528071439,-1,-1,4,1,4
528071440,3,3,4,2,4
528071441,3,2,4,1,4
528071442,4,2,4,1,4
528071443,2,4,4,2,4
528071444,4,3,4,1,2
528071445,-1,-1,-1,-1,-1
528071446,-1,-1,-1,-1,2
528071447,-5,-5,-5,-5,-5
528071448,3,2,3,1,-1
528071449,4,4,4,1,4
528071450,2,2,3,2,4
528071451,4,-5,4,1,4
528071452,-5,-5,-5,-5,-5
528071453,4,2,4,1,3
528071454,4,-1,4,2,4
528071455,3,-1,4,1,4
528071456,2,-1,4,1,4
528071457,3,2,2,3,2
528071458,4,4,4,1,4
528071459,-1,-1,-1,-1,-1
528071460,1,2,4,1,4
528071461,3,2,4,2,4
528071462,-1,-1,-1,-1,-1
528071463,-1,-1,-1,-1,-1
528071464,1,2,4,4,2
528071465,2,2,4,2,4
528071466,-1,-1,3,1,-1
528071467,4,2,4,2,4
528071468,4,2,4,1,4
528071469,3,2,4,1,4
528071470,3,3,4,1,4
528071471,4,3,4,1,4
528071472,4,2,4,1,3
528071473,3,2,4,1,4
528071474,-1,4,4,-1,4
528071475,-5,-5,-5,-5,-5
528071476,3,1,3,1,3
528071477,2,2,4,1,2
528071478,3,2,4,2,4
528071479,1,1,3,1,4
528071480,2,-1,4,2,4
528071481,2,2,4,2,4
528071482,4,2,4,1,4
528071483,-1,-1,-1,-1,-1
528071484,2,2,3,3,4
528071485,2,2,-1,1,3
528071486,2,2,3,1,4
528071487,1,-1,-1,1,4
528071488,-1,-1,4,1,4
528071489,2,2,4,2,4
528071490,4,4,4,1,4
528071491,2,4,4,1,4
528071492,4,3,4,1,4
528071493,2,2,4,-1,4
528071494,4,3,4,1,4
528071495,2,2,4,2,3
528071496,-1,1,4,2,-1
528071497,3,3,4,2,3
528071498,-1,2,4,1,4
528071499,4,3,4,1,4
528071500,-1,-1,-1,2,4
528071501,2,2,4,3,4
528071502,2,2,3,1,4
528071503,3,2,4,1,4
528071504,3,2,4,-1,-1
528071505,4,4,3,1,4
528071506,2,2,4,2,4
528071507,-5,-5,-5,-5,-5
528071508,2,4,4,2,4
528071509,-1,-1,3,1,4
528071510,-5,-5,-5,-5,-5
528071511,-5,-5,-5,-5,-5
528071512,4,3,4,2,4
528071513,4,4,4,1,4
528071514,-1,-1,-1,-1,-1
528071515,3,2,3,2,4
528071516,4,2,4,1,4
528071517,2,2,3,2,3
528071518,2,2,4,1,4
528071519,-5,-5,-5,-5,-5
528071520,1,1,4,2,4
528071521,4,4,4,1,4
528071522,3,3,4,2,4
528071523,4,3,4,2,4
528071524,2,2,3,-1,4
528071525,4,2,3,2,-2
528071526,-1,-1,-1,-1,-1
528071527,-1,1,2,2,4
528071528,4,4,4,2,4
528071529,-1,-1,-1,2,4
528071530,2,1,4,1,4
528071531,2,2,2,-1,-1
528071532,2,1,3,2,3
528071533,1,2,3,2,4
528071534,-1,-1,-1,-1,-1
528071535,-1,-1,4,-1,-1
528071536,3,2,3,-1,4
528071537,2,2,2,2,2
528071538,-1,-1,4,-1,4
528071539,4,2,4,1,4
528071540,2,3,3,1,4
528071541,2,2,4,-1,4
528071542,-5,-5,-5,-5,-5
528071543,3,3,4,2,4
528071544,4,2,4,1,4
528071545,-1,-1,-1,-1,-1
528071546,3,-1,4,1,4
528071547,4,2,4,1,4
528071548,4,2,1,1,4
528071549,-1,-1,4,2,3
528071550,2,3,3,2,-1
528071551,3,3,4,1,4
528071552,4,3,4,1,4
528071553,-1,-1,3,2,4
528071554,4,4,4,4,4
528071555,-1,-1,-1,-1,-1
528071556,-1,-1,3,-1,4
528071557,2,2,4,2,4
528071558,2,-1,4,2,4
528071559,4,2,4,1,4
528071560,2,3,4,2,4
528071561,4,2,4,1,4
528071562,3,2,3,1,4
528071563,4,3,4,2,4
528071564,3,2,4,2,4
528071565,4,2,3,2,4
528071566,3,2,4,1,4
528071567,3,2,4,2,4
528071568,4,2,4,1,4
528071569,-2,-1,-1,-1,-1
528071570,2,2,3,3,3
528071571,4,3,4,1,4
528071572,2,2,4,2,4
528071573,1,2,3,2,4
528071574,3,3,4,1,4
528071575,-1,-1,-1,-1,-1
528071576,3,2,4,1,4
528071577,2,3,4,2,4
528071578,-1,2,-1,-1,4
528071579,1,2,4,1,4
528071580,4,2,4,2,4
528071581,4,4,4,1,4
528071582,4,2,3,2,4
528071583,4,2,4,2,4
528071584,4,2,4,1,4
528071585,-1,4,4,4,4
528071586,2,2,3,-1,4
528071587,2,2,4,2,4
528071588,4,1,4,1,4
528071589,2,2,4,1,4
528071590,4,1,3,1,4
528071591,4,3,4,2,4
528071592,-1,-1,-1,-1,-1
528071593,1,2,4,1,4
528071594,1,2,2,3,2
528071595,-1,-1,4,1,4
528071596,3,2,2,2,3
528071597,2,2,4,2,4
528071598,-1,2,4,1,4
528071599,3,3,4,2,4
528071600,3,1,3,2,-1
528071601,4,2,4,1,4
528071602,-5,-5,-5,-5,-5
528071603,-1,-1,-1,-1,-1
528071604,-5,-5,-5,-5,-5
528071605,3,3,4,1,4
528071606,2,3,4,1,4
528071607,2,-1,-1,2,4
528071608,2,2,4,2,4
528071609,4,2,3,1,4
528071610,4,2,4,1,4
528071611,4,2,4,2,4
528071612,-1,-1,-1,-1,-1
528071613,4,4,4,4,4
528071614,4,3,4,2,4
528071615,4,2,3,1,4
528071616,2,3,4,2,4
528071617,3,2,3,2,4
528071618,3,2,4,2,3
528071619,-1,-1,-1,-1,4
528071620,-1,-1,-1,-1,-1
528071621,4,2,4,1,1
528071622,4,1,4,1,4
528071623,-1,4,4,-1,4
528071624,1,1,3,4,4
528071625,3,3,4,2,4
528071626,3,2,4,2,4
528071627,4,4,4,2,4
528071628,2,2,4,1,4
528071629,-1,-1,4,1,4
528071630,-1,2,4,1,4
528071631,3,3,4,2,4
528071632,4,3,4,1,4
528071633,2,3,4,1,4
528071634,4,3,4,2,4
528071635,-2,-2,-2,-2,-2
528071636,4,2,4,1,4
528071637,4,3,4,1,4
528071638,2,3,4,1,4
528071639,-1,-1,-1,-1,-1
528071640,4,4,3,2,4
528071641,4,4,4,1,4
528071642,-5,-5,-5,-5,-5
528071643,4,4,4,1,2
528071644,-1,-1,3,1,4
528071645,2,2,3,2,3
528071646,-5,-5,-5,-5,-5
528071647,4,4,4,1,4
528071648,3,1,2,2,4
528071649,4,3,4,2,4
528071650,-1,-1,4,2,4
528071651,-1,-1,4,4,4
528071652,4,4,4,1,4
528071653,-5,-5,-5,-5,-5
528071654,3,2,3,2,3
528071655,-5,-5,-5,-5,-5
528071656,3,2,3,2,3
528071657,2,2,3,2,4
528071658,1,2,4,1,4
528071659,4,3,4,1,4
528071660,2,3,4,1,4
528071661,-1,-1,3,3,3
528071662,4,3,4,1,4
528071663,2,-1,4,2,3
528071664,2,4,4,-1,4
528071665,4,3,4,1,4
528071666,4,1,4,1,4
528071667,1,2,4,1,4
528071668,4,2,4,1,4
528071669,2,2,2,2,2
528071670,4,2,4,1,4
528071671,4,3,4,1,4
528071672,2,3,3,3,4
528071673,1,4,4,1,4
528071674,3,1,3,1,3
528071675,2,2,3,2,4
528071676,2,2,3,1,3
528071677,2,2,3,2,4
528071678,-1,-1,-1,-1,-1
528071679,3,2,4,1,4
528071680,-5,-5,-5,-5,-5
528071681,4,3,4,1,4
528071682,-1,-1,4,2,4
528071683,1,1,3,2,3
528071684,2,2,3,2,4
528071685,3,3,4,1,4
528071686,4,3,4,1,4
528071687,2,3,3,3,3
528071688,3,4,4,1,4
528071689,2,2,3,2,4
528071690,4,3,3,1,4
528071691,3,3,4,2,4
528071692,-5,-5,-5,-5,-5
528071693,2,3,1,2,2
528071694,4,4,4,2,4
528071695,-1,-1,-1,-1,-1
528071696,4,3,4,1,4
528071697,-5,-5,-5,-5,-5
528071698,4,2,4,2,4
528071699,-1,-1,4,1,4
528071700,1,3,3,3,3
528071701,-1,3,4,2,4
528071702,2,2,2,2,3
528071703,3,2,3,2,3
528071704,4,2,4,1,4
528071705,3,3,3,1,4
528071706,-1,-1,-1,1,4
528071707,3,3,4,1,4
528071708,4,2,4,1,4
528071709,-1,-1,-1,-1,-1
528071710,3,2,4,1,4
528071711,2,2,3,2,4
528071712,2,-1,4,-1,4
528071713,4,2,3,1,3
528071714,3,-1,4,1,4
528071715,3,3,3,3,3
528071716,-1,-1,-1,-1,-1
528071717,3,2,4,1,4
528071718,-1,-1,-1,-1,-1
528071719,3,3,3,1,4
528071720,3,1,4,2,4
528071721,4,2,4,-1,4
528071722,4,3,4,1,4
528071723,-1,-1,-1,-1,-1
528071724,4,2,4,1,4
528071725,4,-1,4,1,4
528071726,4,-1,4,2,4
528071727,-1,-2,-2,-2,-1
528071728,4,2,4,1,4
528071729,3,2,4,1,-1
528071730,-1,2,4,2,4
528071731,-5,-5,-5,-5,-5
528071732,3,2,4,1,4
528071733,4,-5,-2,-1,-1
528071734,4,1,-5,2,-1
528071735,4,1,3,2,4
528071736,3,4,4,1,4
528071737,1,2,4,1,4
528071738,4,3,4,2,4
528071739,-5,-5,-5,-5,-5
528071740,4,2,4,1,4
528071741,1,-1,4,1,4
528071742,-1,-1,4,2,4
528071743,4,3,4,1,4
528071744,2,-1,4,1,4
528071745,3,1,4,1,4
528071746,2,3,3,2,3
528071747,2,2,3,2,4
528071748,4,2,4,1,4
528071749,-1,-1,-1,1,-1
528071750,-1,3,4,1,4
528071751,-1,-1,-1,-1,-1
528071752,2,1,4,2,3
528071753,-1,-1,-1,-1,-1
528071754,2,1,4,1,4
528071755,1,1,4,2,-1
528071756,2,2,3,3,3
528071757,3,3,3,1,4
528071758,4,2,4,1,4
528071759,1,2,4,1,4
528071760,3,1,2,2,4
528071761,2,3,4,2,4
528071762,3,2,2,3,3
528071763,-1,2,3,-1,3
528071764,-5,-5,-5,-5,-5
528071765,3,3,3,3,3
528071766,-1,-1,-1,-1,-1
528071767,3,4,4,1,4
528071768,2,3,3,2,3
528071769,4,4,4,1,4
528071770,2,-1,-1,-1,-1
528071771,3,2,4,2,4
528071772,3,3,3,2,4
528071773,3,2,4,2,4
528071774,-1,-1,-2,-2,-1
528071775,3,2,4,1,4
528071776,3,3,3,3,3
528071777,-1,1,3,2,3
528071778,2,2,4,1,3
528071779,4,2,3,2,4
528071780,3,-1,-1,-1,4
528071781,-1,1,-1,-1,-1
528071782,1,3,3,1,4
528071783,2,3,4,2,4
528071784,1,1,4,1,1
528071785,-1,-1,-1,-1,-1
528071786,4,2,4,1,4
528071787,3,-1,4,2,4
528071788,2,3,4,1,4
528071789,-1,-1,4,-2,2
528071790,3,3,4,1,3
528071791,2,-1,4,2,3
528071792,-1,-1,-1,-1,-1
528071793,2,2,-1,2,4
528071794,4,-1,4,1,4
528071795,-5,-5,-5,-5,-5
528071796,4,1,4,1,4
528071797,-1,3,4,2,4
528071798,-5,-5,-5,-5,-5
528071799,-1,3,4,3,2
528071800,-1,-1,-1,-1,-1
528071801,2,2,-1,2,4
528071802,-5,-5,-5,-5,-5
528071803,4,3,4,1,4
528071804,4,2,3,3,3
528071805,3,-1,3,1,4
528071806,4,4,4,1,4
528071807,4,2,4,1,4
528071808,4,2,3,1,3
528071809,4,4,4,1,4
528071810,4,3,4,2,3
528071811,2,1,4,1,4
528071812,4,2,4,1,4
528071813,3,2,4,2,4
528071814,2,-1,-1,-1,4
528071815,-1,2,4,1,3
528071816,-5,-5,-5,-5,-5
528071817,4,2,4,1,4
528071818,4,2,4,1,4
528071819,3,2,3,1,3
528071820,2,2,4,2,4
528071821,3,2,3,2,4
528071822,-5,-5,-5,-5,-5
528071823,3,3,4,2,4
528071824,3,3,3,2,4
528071825,3,2,4,1,4
528071826,-5,-5,-5,-5,-5
528071827,1,1,3,1,3
528071828,4,3,4,1,4
528071829,2,2,3,2,2
528071830,2,2,4,2,4
528071831,3,2,3,1,3
528071832,4,2,4,1,4
528071833,4,3,4,1,4
528071834,3,3,4,2,4
528071835,3,-1,4,1,4
528071836,3,3,3,3,3
528071837,-5,-5,-5,-5,-5
528071838,2,2,3,2,4
528071839,3,3,4,-1,-1
528071840,3,2,3,2,-1
528071841,3,-1,4,1,4
528071842,2,1,3,2,4
528071843,3,4,-1,2,4
528071844,3,2,4,2,3
528071845,1,3,3,1,4
528071846,4,2,4,1,4
528071847,2,2,4,2,4
528071848,3,3,4,2,4
528071849,4,2,4,2,4
528071850,4,-1,4,1,4
528071851,3,3,3,2,3
528071852,3,3,3,3,3
528071853,4,2,3,1,4
528071854,1,2,3,1,4
528071855,-5,-5,-5,-5,-5
528071856,1,3,4,2,4
528071857,3,2,3,1,4
528071858,3,2,3,1,3
528071859,2,2,4,1,4
528071860,4,2,4,1,4
528071861,3,2,3,2,3
528071862,3,2,4,1,4
528071863,4,3,3,1,4
528071864,3,3,4,2,4
528071865,1,1,4,1,4
528071866,4,-1,4,2,4
528071867,4,-1,4,1,4
528071868,3,2,4,2,4
528071869,3,2,4,1,4
528071870,3,2,4,1,4
528071871,1,3,3,1,4
528071872,3,2,4,1,4
528071873,1,2,3,3,4
528071874,3,2,3,1,3
528071875,4,3,4,1,3
528071876,-1,-1,-1,-1,-1
528071877,4,3,4,1,4
528071878,2,2,4,1,4
528071879,3,3,4,1,4
528071880,4,3,4,1,3
528071881,-1,-1,-1,-1,-1
528071882,3,3,3,3,3
528071883,-1,-1,-1,-1,-1
528071884,3,1,3,2,4
528071885,-1,2,4,1,4
528071886,-1,-1,4,-1,-1
528071887,2,2,3,2,4
528071888,1,3,4,2,3
528071889,1,2,3,1,4
528071890,4,2,4,1,4
528071891,3,2,2,3,4
528071892,3,2,4,1,4
528071893,3,3,4,1,4
528071894,-1,-1,-1,-1,-1
528071895,1,4,3,2,4
528071896,-1,-1,3,2,-1
528071897,2,2,4,1,4
528071898,4,2,4,2,4
528071899,4,3,4,2,4
528071900,-1,-1,-1,-1,-1
528071901,-1,2,-1,-1,3
528071902,3,2,4,2,4
528071903,4,4,4,2,4
528071904,4,2,4,1,4
528071905,4,3,4,1,4
528071906,2,4,4,1,4
528071907,2,2,3,2,4
528071908,4,4,4,1,4
528071909,-1,2,4,-1,4
528071910,-5,-5,-5,-5,-5
528071911,4,3,4,1,4
528071912,4,4,4,2,4
528071913,2,2,4,3,4
528071914,4,3,3,2,4
528071915,3,2,4,1,4
528071916,-1,-1,4,2,4
528071917,2,2,3,2,2
528071918,-1,-1,-1,1,4
528071919,4,1,4,1,4
528071920,3,2,4,1,4
528071921,4,2,4,1,4
528071922,4,2,4,1,4
528071923,3,2,4,1,4
528071924,4,2,4,1,4
528071925,4,4,4,2,4
528071926,2,2,3,3,4
528071927,2,1,4,2,-1
528071928,3,-1,4,1,4
528071929,4,3,4,2,4
528071930,4,4,4,1,4
528071931,3,4,3,2,2
528071932,4,4,4,1,4
528071933,-1,-1,-1,-1,-1
528071934,4,3,4,1,4
528071935,-5,-5,-5,-5,-5
528071936,4,4,4,4,4
528071937,3,2,4,1,4
528071938,4,3,4,1,4
528071939,2,2,4,1,4
528071940,2,3,4,1,4
528071941,2,3,3,2,4
528071942,2,2,4,2,4
528071943,-5,-5,-5,-5,-5
528071944,3,3,4,1,4
528071945,-1,-1,-1,-1,-1
528071946,4,3,4,1,4
528071947,1,2,3,2,4
528071948,4,3,4,1,4
528071949,-1,-1,-1,-1,-1
528071950,1,1,4,1,4
528071951,-1,-1,-5,3,4
528071952,-1,-1,-1,-1,-1
528071953,4,4,4,2,4
528071954,3,2,3,2,4
528071955,4,1,3,1,4
528071956,-5,-5,-5,-5,-5
528071957,3,3,4,1,3
528071958,4,2,4,1,4
528071959,4,2,4,1,4
528071960,1,1,4,2,4
528071961,3,2,4,2,4
528071962,2,-1,3,2,-1
528071963,4,3,4,1,4
528071964,4,3,4,1,4
528071965,4,4,4,1,4
528071966,4,2,4,1,4
528071967,1,4,4,1,4
528071968,2,3,2,2,3
528071969,3,3,4,1,4
528071970,4,2,4,1,4
528071971,2,4,4,2,4
528071972,2,2,4,2,4
528071973,2,2,4,1,4
528071974,-5,-5,-5,-5,-5
528071975,1,2,4,1,4
528071976,1,3,4,1,4
528071977,2,2,4,1,4
528071978,1,1,-1,-1,4
528071979,-1,-1,-1,-1,-1
528071980,4,2,4,1,4
528071981,4,3,4,2,4
528071982,3,3,4,1,4
528071983,4,2,4,1,4
528071984,3,2,4,1,4
528071985,4,3,4,1,4
528071986,3,3,4,2,4
528071987,2,2,2,2,2
528071988,3,2,4,1,4
528071989,2,1,4,2,4
528071990,2,2,3,2,3
528071991,2,3,3,-1,4
528071992,4,4,4,2,4
528071993,4,4,4,1,4
528071994,3,3,4,2,4
528071995,3,3,2,2,3
528071996,4,3,3,2,3
528071997,2,1,3,2,4
528071998,4,3,4,1,4
528071999,-1,2,4,2,4
528072000,2,2,4,2,3
528072001,2,1,3,1,4
528072002,3,1,3,1,3
528072003,-1,3,3,1,3
528072004,2,-1,4,-1,-1
528072005,-5,-5,-5,-5,-5
528072006,3,2,4,2,3
528072007,1,4,4,1,4
528072008,4,2,4,1,4
528072009,-1,-1,-1,-1,-1
528072010,2,2,3,2,4
528072011,2,2,4,1,4
528072012,4,3,4,2,1
528072013,1,1,4,1,4
528072014,-2,-2,-2,-2,-2
528072015,-1,-1,-1,-1,-1
528072016,3,2,4,1,4
528072017,4,3,4,2,3
528072018,1,1,4,2,1
528072019,-5,-5,-5,-5,-5
528072020,4,2,4,2,4
528072021,-1,2,4,3,4
528072022,1,-1,3,-1,3
528072023,-1,-1,-1,-1,-1
528072024,3,3,4,1,4
528072025,-1,-1,-1,-1,-1
528072026,2,2,4,2,4
528072027,-1,-1,4,1,4
528072028,4,3,4,1,4
528072029,2,2,3,2,4
528072030,2,3,3,1,4
528072031,-1,-1,-1,-1,4
528072032,2,3,4,1,4
528072033,-1,-1,3,2,4
528072034,-5,-5,-5,-5,-5
528072035,3,3,4,2,4
528072036,4,3,4,2,4
528072037,2,2,4,1,4
528072038,-1,-1,3,-2,4
528072039,1,3,4,1,4
528072040,2,3,4,1,4
528072041,3,3,4,1,4
528072042,2,4,4,1,4
528072043,-1,-1,-1,-1,-1
528072044,1,1,4,1,4
528072045,4,2,4,1,4
528072046,-1,-1,-1,-1,-1
528072047,2,2,4,1,4
528072048,4,4,4,1,4
528072049,3,2,4,1,4
528072050,4,2,4,1,4
528072051,3,2,4,2,4
528072052,1,2,2,4,1
528072053,4,2,4,1,4
528072054,3,1,4,1,4
528072055,-1,4,4,1,4
528072056,1,4,-1,4,2
528072057,2,2,4,1,4
528072058,-1,-1,-1,-1,-1
528072059,3,3,3,1,3
528072060,3,3,3,2,4
528072061,4,3,4,1,4
528072062,3,3,4,1,1
528072063,2,4,4,2,3
528072064,2,4,4,2,4
528072065,4,4,4,2,4
528072066,2,2,4,1,4
528072067,-1,-1,4,1,4
528072068,4,3,4,1,4
528072069,2,2,4,1,4
528072070,-5,-5,-5,-5,-5
528072071,3,2,4,1,4
528072072,-5,-5,-5,-5,-5
528072073,2,2,3,2,2
528072074,4,4,4,2,4
528072075,4,3,4,2,4
528072076,2,2,3,2,4
528072077,4,4,4,1,4
528072078,4,2,4,1,4
528072079,3,-1,3,2,-1
528072080,4,4,4,2,4
528072081,4,2,4,1,4
528072082,4,3,4,2,4
528072083,-1,-1,-1,-1,-1
528072084,2,3,4,1,4
528072085,4,2,4,1,4
528072086,2,2,4,2,4
528072087,2,4,4,1,4
528072088,4,4,4,1,4
528072089,4,2,4,1,4
528072090,4,3,4,1,4
528072091,2,2,4,1,4
528072092,1,3,4,1,4
528072093,3,3,3,2,4
528072094,2,2,4,1,4
528072095,-1,-1,-1,-1,-1
528072096,-1,-1,3,1,3
528072097,4,4,4,1,4
528072098,1,2,3,1,2
528072099,2,2,2,-1,3
528072100,1,1,-5,1,-5
528072101,-1,-1,4,2,4
528072102,-5,-5,-5,-5,-5
528072103,4,1,4,1,4
528072104,4,4,4,2,4
528072105,3,3,4,1,4
528072106,3,3,4,1,4
528072107,3,2,4,2,-1
528072108,2,3,4,1,4
528072109,3,2,4,3,4
528072110,2,3,3,3,3
528072111,2,-1,4,-1,-1
528072112,3,2,4,1,4
528072113,1,4,4,1,4
528072114,-5,-5,-5,-5,-5
528072115,3,2,3,1,4
528072116,1,1,4,1,4
528072117,1,1,3,1,4
528072118,1,3,4,1,4
528072119,4,2,4,1,4
528072120,-1,-1,3,-1,-1
528072121,-1,-1,-1,-1,-1
528072122,-5,-5,-5,-5,-5
528072123,4,3,4,2,4
528072124,-1,-1,-1,-1,-1
528072125,4,4,-1,-1,-1
528072126,4,3,4,1,4
528072127,4,-5,4,2,4
528072128,-1,-1,4,2,4
528072129,4,3,4,2,4
528072130,2,2,3,2,3
528072131,3,2,2,3,2
528072132,-2,-2,-2,-2,-2
528072133,1,-1,4,1,4
528072134,-1,2,3,2,4
528072135,2,2,3,2,4
528072136,4,3,4,1,4
528072137,2,2,4,1,4
528072138,4,2,4,2,4
528072139,3,3,3,1,4
528072140,4,4,4,2,-1
528072141,2,4,4,1,4
528072142,4,2,4,1,4
528072143,1,2,4,1,4
528072144,2,2,4,2,4
528072145,4,2,4,1,4
GPT-OSS_120B_baseline,4,2,4,1,4
LLAMA3_1_70B_baseline,4,4,4,1,4
LLAMA3_70B_baseline,2,2,4,1,4
PHI3_INSTRUCT_baseline,2,2,4,1,3
QWEN2_5VL_32B_baseline,3,2,4,1,4
QWEN2_5VL_72B_baseline,4,3,4,1,4
QWEN2_5VL_7B_baseline,3,3,4,3,4
QWEN3_32B_baseline,4,3,4,1,4
QWEN_7B_baseline,2,3,4,1,4
GPT_4O_baseline,3,2,3,1,4
GPT-OSS_120B_chainofthought,4,2,4,1,4
LLAMA3_1_70B_chainofthought,3,2,4,1,4
LLAMA3_70B_chainofthought,2,3,4,1,4
PHI3_INSTRUCT_chainofthought,2,2,4,1,2
QWEN2_5VL_32B_chainofthought,3,3,4,1,3
QWEN2_5VL_72B_chainofthought,4,3,4,1,4
QWEN2_5VL_7B_chainofthought,3,3,4,3,4
QWEN3_32B_chainofthought,4,2,4,1,4
QWEN_7B_chainofthought,4,3,4,3,4
GPT_4O_chainofthought,4,3,4,1,4
GPT-OSS_120B_declarative,4,2,4,1,4
LLAMA3_1_70B_declarative,3,2,4,1,4
LLAMA3_70B_declarative,2,2,4,1,4
PHI3_INSTRUCT_declarative,2,2,4,2,3
QWEN2_5VL_32B_declarative,3,3,4,1,3
QWEN2_5VL_72B_declarative,4,3,4,1,4
QWEN2_5VL_7B_declarative,3,3,3,3,3
QWEN3_32B_declarative,4,4,4,1,4
QWEN_7B_declarative,3,3,2,3,2
GPT_4O_declarative,4,3,4,1,4
GPT-OSS_120B_explicit,4,2,4,1,4
LLAMA3_1_70B_explicit,3,2,4,1,4
LLAMA3_70B_explicit,4,3,4,1,4
PHI3_INSTRUCT_explicit,2,2,2,1,2
QWEN2_5VL_32B_explicit,4,3,4,1,4
QWEN2_5VL_72B_explicit,4,3,4,1,4
QWEN2_5VL_7B_explicit,4,3,4,3,4
QWEN3_32B_explicit,4,3,4,1,4
QWEN_7B_explicit,3,3,2,3,3
GPT_4O_explicit,4,3,4,1,4
GPT-OSS_120B_parantheses,4,2,4,1,4
LLAMA3_1_70B_parantheses,2,3,4,1,2
LLAMA3_70B_parantheses,4,2,4,1,4
PHI3_INSTRUCT_parantheses,2,1,2,1,2
QWEN2_5VL_32B_parantheses,3,2,4,1,3
QWEN2_5VL_72B_parantheses,4,3,4,1,4
QWEN2_5VL_7B_parantheses,3,3,4,3,4
QWEN3_32B_parantheses,4,2,4,1,4
QWEN_7B_parantheses,4,3,3,3,3
GPT_4O_parantheses,4,2,4,1,4
GPT-OSS_120B_roleplay,4,2,4,1,4
LLAMA3_1_70B_roleplay,4,2,4,1,4
LLAMA3_70B_roleplay,4,2,4,1,4
PHI3_INSTRUCT_roleplay,2,2,2,1,3
QWEN2_5VL_32B_roleplay,3,3,4,1,4
QWEN2_5VL_72B_roleplay,4,3,4,1,4
QWEN2_5VL_7B_roleplay,4,3,4,3,4
QWEN3_32B_roleplay,4,3,4,1,4
QWEN_7B_roleplay,3,3,2,3,3
GPT_4O_roleplay,4,3,4,1,4
